{
  "type": "FeatureCollection",
  "features": [
    {
      "type": "Feature",
      "geometry": {
        "type": "Point",
        "coordinates": [
          2.4091091015191943,
          48.97613898109351
        ]
      },
      "properties": {
        "id": "IDFM:37991",
        "name": "8 mai 1945",
        "code": "",
        "territories": [
          "TàD Roissy Sarcelles"
        ],
        "routes": [
          "TàD"
        ]
      }
    },
    {
      "type": "Feature",
      "geometry": {
        "type": "Point",
        "coordinates": [
          2.409467014941097,
          48.975897946912276
        ]
      },
      "properties": {
        "id": "IDFM:423561",
        "name": "8 mai 1945",
        "code": "",
        "territories": [
          "TàD Roissy Sarcelles"
        ],
        "routes": [
          "TàD"
        ]
      }
    },
    {
      "type": "Feature",
      "geometry": {
        "type": "Point",
        "coordinates": [
          2.0204490967328397,
          48.90333953223706
        ]
      },
      "properties": {
        "id": "IDFM:13674",
        "name": "Abreuvoir",
        "code": "",
        "territories": [
          "TàD Aigremont - Chambourcy"
        ],
        "routes": [
          "TàD"
        ]
      }
    },
    {
      "type": "Feature",
      "geometry": {
        "type": "Point",
        "coordinates": [
          2.0714547629042253,
          49.19020221647166
        ]
      },
      "properties": {
        "id": "IDFM:29526",
        "name": "Abri des Vignes",
        "code": "",
        "territories": [
          "TàD Vexin Est"
        ],
        "routes": [
          "TàD"
        ]
      }
    },
    {
      "type": "Feature",
      "geometry": {
        "type": "Point",
        "coordinates": [
          1.847053888039254,
          49.10600751137223
        ]
      },
      "properties": {
        "id": "IDFM:413564",
        "name": "Abribus",
        "code": "",
        "territories": [
          "TàD Vexin Est"
        ],
        "routes": [
          "TàD"
        ]
      }
    },
    {
      "type": "Feature",
      "geometry": {
        "type": "Point",
        "coordinates": [
          1.8471384449486548,
          49.105900417290506
        ]
      },
      "properties": {
        "id": "IDFM:32597",
        "name": "Abribus",
        "code": "",
        "territories": [
          "TàD Vexin Est"
        ],
        "routes": [
          "TàD"
        ]
      }
    },
    {
      "type": "Feature",
      "geometry": {
        "type": "Point",
        "coordinates": [
          2.261313058055181,
          48.40317357568285
        ]
      },
      "properties": {
        "id": "IDFM:485693",
        "name": "Abribus",
        "code": "",
        "territories": [
          "TàD 4342"
        ],
        "routes": [
          "TàD 4342"
        ]
      }
    },
    {
      "type": "Feature",
      "geometry": {
        "type": "Point",
        "coordinates": [
          2.261345135055555,
          48.402813896122424
        ]
      },
      "properties": {
        "id": "IDFM:485691",
        "name": "Abribus",
        "code": "",
        "territories": [
          "TàD 4342"
        ],
        "routes": [
          "TàD 4342"
        ]
      }
    },
    {
      "type": "Feature",
      "geometry": {
        "type": "Point",
        "coordinates": [
          2.466641963673299,
          49.03922780038138
        ]
      },
      "properties": {
        "id": "IDFM:495790",
        "name": "Acacias",
        "code": "",
        "territories": [
          "TàD Roissy Goussainville"
        ],
        "routes": [
          "TàD"
        ]
      }
    },
    {
      "type": "Feature",
      "geometry": {
        "type": "Point",
        "coordinates": [
          1.9679058868082444,
          48.95581532556146
        ]
      },
      "properties": {
        "id": "IDFM:13523",
        "name": "Agrippa d'Aubigné",
        "code": "",
        "territories": [
          "TàD Sud Meulan - Les Mureaux"
        ],
        "routes": [
          "TàD"
        ]
      }
    },
    {
      "type": "Feature",
      "geometry": {
        "type": "Point",
        "coordinates": [
          1.968148821553479,
          48.956132177069726
        ]
      },
      "properties": {
        "id": "IDFM:13524",
        "name": "Agrippa d'Aubigné",
        "code": "",
        "territories": [
          "TàD Sud Meulan - Les Mureaux"
        ],
        "routes": [
          "TàD"
        ]
      }
    },
    {
      "type": "Feature",
      "geometry": {
        "type": "Point",
        "coordinates": [
          2.5195031066856775,
          49.00680100725861
        ]
      },
      "properties": {
        "id": "IDFM:419509",
        "name": "Airapolis",
        "code": "",
        "territories": [
          "TàD Roissy Goussainville",
          "TàD Roissy Sarcelles",
          "TàD Roissy Villiers-le-Bel"
        ],
        "routes": [
          "TàD",
          "TàD",
          "TàD"
        ]
      }
    },
    {
      "type": "Feature",
      "geometry": {
        "type": "Point",
        "coordinates": [
          2.519447270115817,
          49.006926673485054
        ]
      },
      "properties": {
        "id": "IDFM:38061",
        "name": "Airapolis",
        "code": "",
        "territories": [
          "TàD Roissy Goussainville",
          "TàD Roissy Sarcelles",
          "TàD Roissy Villiers-le-Bel"
        ],
        "routes": [
          "TàD",
          "TàD",
          "TàD"
        ]
      }
    },
    {
      "type": "Feature",
      "geometry": {
        "type": "Point",
        "coordinates": [
          2.3721555058090518,
          48.977408035585604
        ]
      },
      "properties": {
        "id": "IDFM:38081",
        "name": "Albert Camus / Les Cholettes",
        "code": "",
        "territories": [
          "TàD Roissy Sarcelles"
        ],
        "routes": [
          "TàD"
        ]
      }
    },
    {
      "type": "Feature",
      "geometry": {
        "type": "Point",
        "coordinates": [
          2.3722078654467387,
          48.977597151985385
        ]
      },
      "properties": {
        "id": "IDFM:423589",
        "name": "Albert Camus / Les Cholettes",
        "code": "",
        "territories": [
          "TàD Roissy Sarcelles"
        ],
        "routes": [
          "TàD"
        ]
      }
    },
    {
      "type": "Feature",
      "geometry": {
        "type": "Point",
        "coordinates": [
          2.182495734646445,
          48.7969001566981
        ]
      },
      "properties": {
        "id": "IDFM:12748",
        "name": "Albert Perdreaux",
        "code": "",
        "territories": [
          "TàD 6131"
        ],
        "routes": [
          "TàD 6131"
        ]
      }
    },
    {
      "type": "Feature",
      "geometry": {
        "type": "Point",
        "coordinates": [
          2.182792956084104,
          48.797046096040965
        ]
      },
      "properties": {
        "id": "IDFM:12749",
        "name": "Albert Perdreaux",
        "code": "",
        "territories": [
          "TàD 6131"
        ],
        "routes": [
          "TàD 6131"
        ]
      }
    },
    {
      "type": "Feature",
      "geometry": {
        "type": "Point",
        "coordinates": [
          2.7288016889560986,
          48.74084662781492
        ]
      },
      "properties": {
        "id": "IDFM:426282",
        "name": "Alfred de Vigny",
        "code": "",
        "territories": [
          "TàD Gretz-Tournan"
        ],
        "routes": [
          "TàD"
        ]
      }
    },
    {
      "type": "Feature",
      "geometry": {
        "type": "Point",
        "coordinates": [
          2.7282715321242663,
          48.740809445611404
        ]
      },
      "properties": {
        "id": "IDFM:21886",
        "name": "Alfred de Vigny",
        "code": "",
        "territories": [
          "TàD Gretz-Tournan"
        ],
        "routes": [
          "TàD"
        ]
      }
    },
    {
      "type": "Feature",
      "geometry": {
        "type": "Point",
        "coordinates": [
          1.877777603363984,
          49.00269603748172
        ]
      },
      "properties": {
        "id": "IDFM:32768",
        "name": "Alfred Lasson",
        "code": "",
        "territories": [
          "TàD Nord Meulan - Les Mureaux"
        ],
        "routes": [
          "TàD"
        ]
      }
    },
    {
      "type": "Feature",
      "geometry": {
        "type": "Point",
        "coordinates": [
          1.8778730697308696,
          49.00270592306674
        ]
      },
      "properties": {
        "id": "IDFM:32769",
        "name": "Alfred Lasson",
        "code": "",
        "territories": [
          "TàD Nord Meulan - Les Mureaux"
        ],
        "routes": [
          "TàD"
        ]
      }
    },
    {
      "type": "Feature",
      "geometry": {
        "type": "Point",
        "coordinates": [
          2.181725111466193,
          48.7956896636169
        ]
      },
      "properties": {
        "id": "IDFM:12750",
        "name": "Allée Noire",
        "code": "",
        "territories": [
          "TàD 6131"
        ],
        "routes": [
          "TàD 6131"
        ]
      }
    },
    {
      "type": "Feature",
      "geometry": {
        "type": "Point",
        "coordinates": [
          2.910827291723814,
          48.95959460536266
        ]
      },
      "properties": {
        "id": "IDFM:485775",
        "name": "Ampère",
        "code": "",
        "territories": [
          "TàD ZI Poincy"
        ],
        "routes": [
          "TàD"
        ]
      }
    },
    {
      "type": "Feature",
      "geometry": {
        "type": "Point",
        "coordinates": [
          2.9105950496810484,
          48.95964838662354
        ]
      },
      "properties": {
        "id": "IDFM:485773",
        "name": "Ampère",
        "code": "",
        "territories": [
          "TàD ZI Poincy"
        ],
        "routes": [
          "TàD"
        ]
      }
    },
    {
      "type": "Feature",
      "geometry": {
        "type": "Point",
        "coordinates": [
          2.4562820311315017,
          49.03591728380292
        ]
      },
      "properties": {
        "id": "IDFM:37948",
        "name": "Ampère - Chartrel",
        "code": "",
        "territories": [
          "TàD Roissy Goussainville"
        ],
        "routes": [
          "TàD"
        ]
      }
    },
    {
      "type": "Feature",
      "geometry": {
        "type": "Point",
        "coordinates": [
          2.4567652872716845,
          49.035478866355746
        ]
      },
      "properties": {
        "id": "IDFM:38429",
        "name": "Ampère - Chartrel",
        "code": "",
        "territories": [
          "TàD Roissy Goussainville"
        ],
        "routes": [
          "TàD"
        ]
      }
    },
    {
      "type": "Feature",
      "geometry": {
        "type": "Point",
        "coordinates": [
          2.6095928617395905,
          48.94666346648047
        ]
      },
      "properties": {
        "id": "IDFM:39276",
        "name": "Anatole France",
        "code": "",
        "territories": [
          "TàD Roissy Sud"
        ],
        "routes": [
          "TàD"
        ]
      }
    },
    {
      "type": "Feature",
      "geometry": {
        "type": "Point",
        "coordinates": [
          2.6255143905263107,
          48.978538488249136
        ]
      },
      "properties": {
        "id": "IDFM:38031",
        "name": "André Carrez",
        "code": "",
        "territories": [
          "TàD Roissy Sud"
        ],
        "routes": [
          "TàD"
        ]
      }
    },
    {
      "type": "Feature",
      "geometry": {
        "type": "Point",
        "coordinates": [
          2.4946629109376235,
          48.965109505544525
        ]
      },
      "properties": {
        "id": "IDFM:40108",
        "name": "André Citroën - Centre de Production",
        "code": "",
        "territories": [
          "TàD Roissy Sud"
        ],
        "routes": [
          "TàD"
        ]
      }
    },
    {
      "type": "Feature",
      "geometry": {
        "type": "Point",
        "coordinates": [
          2.4961134309178283,
          48.96481885653656
        ]
      },
      "properties": {
        "id": "IDFM:22278",
        "name": "André Citroën - Centre de Production",
        "code": "",
        "territories": [
          "TàD Roissy Sud"
        ],
        "routes": [
          "TàD"
        ]
      }
    },
    {
      "type": "Feature",
      "geometry": {
        "type": "Point",
        "coordinates": [
          2.4387931899357076,
          48.53198467807074
        ]
      },
      "properties": {
        "id": "IDFM:426747",
        "name": "Aqueduc",
        "code": "",
        "territories": [
          "TàD 4308",
          "TàD 4318"
        ],
        "routes": [
          "TàD 4308",
          "TàD 4318"
        ]
      }
    },
    {
      "type": "Feature",
      "geometry": {
        "type": "Point",
        "coordinates": [
          2.4387615770226847,
          48.532407336801036
        ]
      },
      "properties": {
        "id": "IDFM:426748",
        "name": "Aqueduc",
        "code": "",
        "territories": [
          "TàD 4308",
          "TàD 4318"
        ],
        "routes": [
          "TàD 4308",
          "TàD 4318"
        ]
      }
    },
    {
      "type": "Feature",
      "geometry": {
        "type": "Point",
        "coordinates": [
          2.6193256366719306,
          48.88158658933634
        ]
      },
      "properties": {
        "id": "IDFM:496480",
        "name": "Arcades",
        "code": "",
        "territories": [
          "TàD Bassin Chellois",
          "TàD Desserte Hôpital",
          "TàD Dimanche"
        ],
        "routes": [
          "TàD",
          "TàD",
          "TàD"
        ]
      }
    },
    {
      "type": "Feature",
      "geometry": {
        "type": "Point",
        "coordinates": [
          2.2672891987752632,
          48.612301344170326
        ]
      },
      "properties": {
        "id": "IDFM:3122",
        "name": "Aristide Briand",
        "code": "",
        "territories": [
          "TàD 4591"
        ],
        "routes": [
          "TàD 4591"
        ]
      }
    },
    {
      "type": "Feature",
      "geometry": {
        "type": "Point",
        "coordinates": [
          1.9107533617115784,
          49.00430382870603
        ]
      },
      "properties": {
        "id": "IDFM:471527",
        "name": "Arquebuse",
        "code": "",
        "territories": [
          "TàD Nord Meulan - Les Mureaux"
        ],
        "routes": [
          "TàD"
        ]
      }
    },
    {
      "type": "Feature",
      "geometry": {
        "type": "Point",
        "coordinates": [
          2.415430709742587,
          48.999505150254
        ]
      },
      "properties": {
        "id": "IDFM:490589",
        "name": "Arthur Rimbaud",
        "code": "",
        "territories": [
          "TàD Roissy Villiers-le-Bel"
        ],
        "routes": [
          "TàD"
        ]
      }
    },
    {
      "type": "Feature",
      "geometry": {
        "type": "Point",
        "coordinates": [
          2.4156363060251063,
          48.999452197947264
        ]
      },
      "properties": {
        "id": "IDFM:490590",
        "name": "Arthur Rimbaud",
        "code": "",
        "territories": [
          "TàD Roissy Villiers-le-Bel"
        ],
        "routes": [
          "TàD"
        ]
      }
    },
    {
      "type": "Feature",
      "geometry": {
        "type": "Point",
        "coordinates": [
          2.504851951111282,
          48.94211300062643
        ]
      },
      "properties": {
        "id": "IDFM:415651",
        "name": "Arts",
        "code": "",
        "territories": [
          "TàD Roissy Sud"
        ],
        "routes": [
          "TàD"
        ]
      }
    },
    {
      "type": "Feature",
      "geometry": {
        "type": "Point",
        "coordinates": [
          2.5049485350684333,
          48.94200548735242
        ]
      },
      "properties": {
        "id": "IDFM:37951",
        "name": "Arts",
        "code": "",
        "territories": [
          "TàD Roissy Sud"
        ],
        "routes": [
          "TàD"
        ]
      }
    },
    {
      "type": "Feature",
      "geometry": {
        "type": "Point",
        "coordinates": [
          3.2979498070730555,
          48.555398057811665
        ]
      },
      "properties": {
        "id": "IDFM:9771",
        "name": "Ateliers Municipaux",
        "code": "",
        "territories": [
          "TàD 3209"
        ],
        "routes": [
          "TàD 3209"
        ]
      }
    },
    {
      "type": "Feature",
      "geometry": {
        "type": "Point",
        "coordinates": [
          2.3556950113064423,
          48.50996381549992
        ]
      },
      "properties": {
        "id": "IDFM:492714",
        "name": "Aubin",
        "code": "",
        "territories": [
          "TàD 4305"
        ],
        "routes": [
          "TàD 4305"
        ]
      }
    },
    {
      "type": "Feature",
      "geometry": {
        "type": "Point",
        "coordinates": [
          2.355384624050566,
          48.509881166929404
        ]
      },
      "properties": {
        "id": "IDFM:492713",
        "name": "Aubin",
        "code": "",
        "territories": [
          "TàD 4305"
        ],
        "routes": [
          "TàD 4305"
        ]
      }
    },
    {
      "type": "Feature",
      "geometry": {
        "type": "Point",
        "coordinates": [
          2.4908141288036707,
          48.95228782851666
        ]
      },
      "properties": {
        "id": "IDFM:19301",
        "name": "Auguste Renoir",
        "code": "",
        "territories": [
          "TàD Roissy Sud"
        ],
        "routes": [
          "TàD"
        ]
      }
    },
    {
      "type": "Feature",
      "geometry": {
        "type": "Point",
        "coordinates": [
          2.575542284267031,
          48.87818384887531
        ]
      },
      "properties": {
        "id": "IDFM:16841",
        "name": "Austerlitz",
        "code": "",
        "territories": [
          "TàD Bassin Chellois",
          "TàD Desserte Hôpital",
          "TàD Dimanche"
        ],
        "routes": [
          "TàD",
          "TàD",
          "TàD"
        ]
      }
    },
    {
      "type": "Feature",
      "geometry": {
        "type": "Point",
        "coordinates": [
          2.4832435513990645,
          49.010615905141314
        ]
      },
      "properties": {
        "id": "IDFM:38447",
        "name": "Avenue Bocquet",
        "code": "",
        "territories": [
          "TàD Roissy Goussainville",
          "TàD Roissy Sarcelles"
        ],
        "routes": [
          "TàD",
          "TàD"
        ]
      }
    },
    {
      "type": "Feature",
      "geometry": {
        "type": "Point",
        "coordinates": [
          2.482265300970602,
          49.01001820956549
        ]
      },
      "properties": {
        "id": "IDFM:38421",
        "name": "Avenue Bocquet",
        "code": "",
        "territories": [
          "TàD Roissy Goussainville",
          "TàD Roissy Sarcelles"
        ],
        "routes": [
          "TàD",
          "TàD"
        ]
      }
    },
    {
      "type": "Feature",
      "geometry": {
        "type": "Point",
        "coordinates": [
          2.6959817519926563,
          49.033876909242245
        ]
      },
      "properties": {
        "id": "IDFM:415821",
        "name": "Avenue de la Gare",
        "code": "",
        "territories": [
          "TàD Goêle",
          "TàD Roissy Saint-Pathus"
        ],
        "routes": [
          "TàD",
          "TàD"
        ]
      }
    },
    {
      "type": "Feature",
      "geometry": {
        "type": "Point",
        "coordinates": [
          2.6961869338748277,
          49.03386843669796
        ]
      },
      "properties": {
        "id": "IDFM:38357",
        "name": "Avenue de la Gare",
        "code": "",
        "territories": [
          "TàD Goêle",
          "TàD Roissy Saint-Pathus"
        ],
        "routes": [
          "TàD",
          "TàD"
        ]
      }
    },
    {
      "type": "Feature",
      "geometry": {
        "type": "Point",
        "coordinates": [
          2.92105857873833,
          48.966579829203724
        ]
      },
      "properties": {
        "id": "IDFM:478247",
        "name": "Avenue de Meaux",
        "code": "",
        "territories": [
          "TàD ZI Poincy"
        ],
        "routes": [
          "TàD"
        ]
      }
    },
    {
      "type": "Feature",
      "geometry": {
        "type": "Point",
        "coordinates": [
          2.9210857439480566,
          48.96667876243805
        ]
      },
      "properties": {
        "id": "IDFM:478246",
        "name": "Avenue de Meaux",
        "code": "",
        "territories": [
          "TàD ZI Poincy"
        ],
        "routes": [
          "TàD"
        ]
      }
    },
    {
      "type": "Feature",
      "geometry": {
        "type": "Point",
        "coordinates": [
          3.3022081275124497,
          48.786308861738014
        ]
      },
      "properties": {
        "id": "IDFM:477709",
        "name": "Avenue de Rebais",
        "code": "",
        "territories": [
          "TàD 2429"
        ],
        "routes": [
          "TàD 2429"
        ]
      }
    },
    {
      "type": "Feature",
      "geometry": {
        "type": "Point",
        "coordinates": [
          3.302330464718219,
          48.786281570767876
        ]
      },
      "properties": {
        "id": "IDFM:8592",
        "name": "Avenue de Rebais",
        "code": "",
        "territories": [
          "TàD 2429"
        ],
        "routes": [
          "TàD 2429"
        ]
      }
    },
    {
      "type": "Feature",
      "geometry": {
        "type": "Point",
        "coordinates": [
          2.518123537092626,
          48.94481093000857
        ]
      },
      "properties": {
        "id": "IDFM:423529",
        "name": "Avenue de Savigny",
        "code": "",
        "territories": [
          "TàD Roissy Sud"
        ],
        "routes": [
          "TàD"
        ]
      }
    },
    {
      "type": "Feature",
      "geometry": {
        "type": "Point",
        "coordinates": [
          3.299277594650755,
          48.78082099029105
        ]
      },
      "properties": {
        "id": "IDFM:6277",
        "name": "Avenue des Etats-Unis",
        "code": "",
        "territories": [
          "TàD 2429"
        ],
        "routes": [
          "TàD 2429"
        ]
      }
    },
    {
      "type": "Feature",
      "geometry": {
        "type": "Point",
        "coordinates": [
          3.299210374923565,
          48.780965060700964
        ]
      },
      "properties": {
        "id": "IDFM:6276",
        "name": "Avenue des Etats-Unis",
        "code": "",
        "territories": [
          "TàD 2429"
        ],
        "routes": [
          "TàD 2429"
        ]
      }
    },
    {
      "type": "Feature",
      "geometry": {
        "type": "Point",
        "coordinates": [
          2.7212453891452313,
          48.73743841161402
        ]
      },
      "properties": {
        "id": "IDFM:495842",
        "name": "Avenue des Fresnes",
        "code": "",
        "territories": [
          "TàD Gretz-Tournan"
        ],
        "routes": [
          "TàD"
        ]
      }
    },
    {
      "type": "Feature",
      "geometry": {
        "type": "Point",
        "coordinates": [
          2.722519795578308,
          48.73815192294144
        ]
      },
      "properties": {
        "id": "IDFM:486319",
        "name": "Avenue des Fresnes",
        "code": "",
        "territories": [
          "TàD Gretz-Tournan"
        ],
        "routes": [
          "TàD"
        ]
      }
    },
    {
      "type": "Feature",
      "geometry": {
        "type": "Point",
        "coordinates": [
          2.458167625598506,
          49.03346201610345
        ]
      },
      "properties": {
        "id": "IDFM:38582",
        "name": "Avenue des Tilleuls",
        "code": "",
        "territories": [
          "TàD Roissy Goussainville"
        ],
        "routes": [
          "TàD"
        ]
      }
    },
    {
      "type": "Feature",
      "geometry": {
        "type": "Point",
        "coordinates": [
          2.4582959538506493,
          49.03295904607466
        ]
      },
      "properties": {
        "id": "IDFM:38102",
        "name": "Avenue des Tilleuls",
        "code": "",
        "territories": [
          "TàD Roissy Goussainville"
        ],
        "routes": [
          "TàD"
        ]
      }
    },
    {
      "type": "Feature",
      "geometry": {
        "type": "Point",
        "coordinates": [
          2.3299730901357725,
          48.65816854769107
        ]
      },
      "properties": {
        "id": "IDFM:11649",
        "name": "Avenue du Bois",
        "code": "",
        "territories": [
          "TàD 4592"
        ],
        "routes": [
          "TàD 4592"
        ]
      }
    },
    {
      "type": "Feature",
      "geometry": {
        "type": "Point",
        "coordinates": [
          2.5099110131496425,
          49.09917928447619
        ]
      },
      "properties": {
        "id": "IDFM:38190",
        "name": "Avenue du Large",
        "code": "",
        "territories": [
          "TàD Roissy Fosses"
        ],
        "routes": [
          "TàD"
        ]
      }
    },
    {
      "type": "Feature",
      "geometry": {
        "type": "Point",
        "coordinates": [
          2.5089238870802366,
          49.0993101273198
        ]
      },
      "properties": {
        "id": "IDFM:419548",
        "name": "Avenue du Large",
        "code": "",
        "territories": [
          "TàD Roissy Fosses"
        ],
        "routes": [
          "TàD"
        ]
      }
    },
    {
      "type": "Feature",
      "geometry": {
        "type": "Point",
        "coordinates": [
          2.35110366875004,
          48.49476223815476
        ]
      },
      "properties": {
        "id": "IDFM:492344",
        "name": "Aérodrome",
        "code": "",
        "territories": [
          "TàD 4305",
          "TàD 4306"
        ],
        "routes": [
          "TàD 4305",
          "TàD 4306"
        ]
      }
    },
    {
      "type": "Feature",
      "geometry": {
        "type": "Point",
        "coordinates": [
          2.3511846194541812,
          48.49587821569317
        ]
      },
      "properties": {
        "id": "IDFM:492341",
        "name": "Aérodrome",
        "code": "",
        "territories": [
          "TàD 4305",
          "TàD 4306"
        ],
        "routes": [
          "TàD 4305",
          "TàD 4306"
        ]
      }
    },
    {
      "type": "Feature",
      "geometry": {
        "type": "Point",
        "coordinates": [
          2.5583894874237667,
          49.00364128296663
        ]
      },
      "properties": {
        "id": "IDFM:38111",
        "name": "Aéroport CDG - Terminal 2 (Route de service)",
        "code": "",
        "territories": [
          "TàD Roissy Goussainville",
          "TàD Roissy Sarcelles",
          "TàD Roissy Sud",
          "TàD Roissy Villiers-le-Bel"
        ],
        "routes": [
          "TàD",
          "TàD",
          "TàD",
          "TàD"
        ]
      }
    },
    {
      "type": "Feature",
      "geometry": {
        "type": "Point",
        "coordinates": [
          2.525456302607451,
          48.98953269875869
        ]
      },
      "properties": {
        "id": "IDFM:424091",
        "name": "Aéroville - Belle Borne",
        "code": "",
        "territories": [
          "TàD Roissy Goussainville",
          "TàD Roissy Sarcelles",
          "TàD Roissy Sud",
          "TàD Roissy Villiers-le-Bel"
        ],
        "routes": [
          "TàD",
          "TàD",
          "TàD",
          "TàD"
        ]
      }
    },
    {
      "type": "Feature",
      "geometry": {
        "type": "Point",
        "coordinates": [
          2.5254716083202715,
          48.98935291388587
        ]
      },
      "properties": {
        "id": "IDFM:39188",
        "name": "Aéroville - Belle Borne",
        "code": "",
        "territories": [
          "TàD Roissy Sud"
        ],
        "routes": [
          "TàD"
        ]
      }
    },
    {
      "type": "Feature",
      "geometry": {
        "type": "Point",
        "coordinates": [
          2.4818479107747464,
          48.9430004696091
        ]
      },
      "properties": {
        "id": "IDFM:427392",
        "name": "Balagny",
        "code": "",
        "territories": [
          "TàD Roissy Sud"
        ],
        "routes": [
          "TàD"
        ]
      }
    },
    {
      "type": "Feature",
      "geometry": {
        "type": "Point",
        "coordinates": [
          1.8978524012993696,
          48.96488652470696
        ]
      },
      "properties": {
        "id": "IDFM:32448",
        "name": "Balto",
        "code": "",
        "territories": [
          "TàD Sud Meulan - Les Mureaux"
        ],
        "routes": [
          "TàD"
        ]
      }
    },
    {
      "type": "Feature",
      "geometry": {
        "type": "Point",
        "coordinates": [
          2.3529151142163647,
          49.079914347692714
        ]
      },
      "properties": {
        "id": "IDFM:40478",
        "name": "Beau Jay / Villaines",
        "code": "",
        "territories": [
          "TàD Luzarches - Goussainville"
        ],
        "routes": [
          "TàD"
        ]
      }
    },
    {
      "type": "Feature",
      "geometry": {
        "type": "Point",
        "coordinates": [
          2.267144773279193,
          49.00441936118754
        ]
      },
      "properties": {
        "id": "IDFM:13297",
        "name": "Beau Site",
        "code": "",
        "territories": [
          "TàD Eaubonne Domont"
        ],
        "routes": [
          "TàD"
        ]
      }
    },
    {
      "type": "Feature",
      "geometry": {
        "type": "Point",
        "coordinates": [
          2.267007722242121,
          49.00444550135023
        ]
      },
      "properties": {
        "id": "IDFM:13296",
        "name": "Beau Site",
        "code": "",
        "territories": [
          "TàD Eaubonne Domont"
        ],
        "routes": [
          "TàD"
        ]
      }
    },
    {
      "type": "Feature",
      "geometry": {
        "type": "Point",
        "coordinates": [
          2.5146072661262653,
          49.102147484750645
        ]
      },
      "properties": {
        "id": "IDFM:423518",
        "name": "Beaumont",
        "code": "",
        "territories": [
          "TàD Roissy Fosses"
        ],
        "routes": [
          "TàD"
        ]
      }
    },
    {
      "type": "Feature",
      "geometry": {
        "type": "Point",
        "coordinates": [
          2.514811064488073,
          49.10231914192817
        ]
      },
      "properties": {
        "id": "IDFM:38205",
        "name": "Beaumont",
        "code": "",
        "territories": [
          "TàD Roissy Fosses"
        ],
        "routes": [
          "TàD"
        ]
      }
    },
    {
      "type": "Feature",
      "geometry": {
        "type": "Point",
        "coordinates": [
          2.668791419191354,
          49.08157737661508
        ]
      },
      "properties": {
        "id": "IDFM:38338",
        "name": "Beaupré",
        "code": "",
        "territories": [
          "TàD Goêle",
          "TàD Roissy Othis"
        ],
        "routes": [
          "TàD",
          "TàD"
        ]
      }
    },
    {
      "type": "Feature",
      "geometry": {
        "type": "Point",
        "coordinates": [
          2.5400050899154913,
          48.955948784447635
        ]
      },
      "properties": {
        "id": "IDFM:40698",
        "name": "Bec Salé",
        "code": "",
        "territories": [
          "TàD Roissy Sud"
        ],
        "routes": [
          "TàD"
        ]
      }
    },
    {
      "type": "Feature",
      "geometry": {
        "type": "Point",
        "coordinates": [
          2.5399928671215526,
          48.95578687177064
        ]
      },
      "properties": {
        "id": "IDFM:40699",
        "name": "Bec Salé",
        "code": "",
        "territories": [
          "TàD Roissy Sud"
        ],
        "routes": [
          "TàD"
        ]
      }
    },
    {
      "type": "Feature",
      "geometry": {
        "type": "Point",
        "coordinates": [
          2.664844025380557,
          49.04637351260502
        ]
      },
      "properties": {
        "id": "IDFM:38270",
        "name": "Belle Étoile",
        "code": "",
        "territories": [
          "TàD Roissy Othis"
        ],
        "routes": [
          "TàD"
        ]
      }
    },
    {
      "type": "Feature",
      "geometry": {
        "type": "Point",
        "coordinates": [
          2.664297290280937,
          49.0463090439892
        ]
      },
      "properties": {
        "id": "IDFM:38021",
        "name": "Belle Étoile",
        "code": "",
        "territories": [
          "TàD Roissy Othis"
        ],
        "routes": [
          "TàD"
        ]
      }
    },
    {
      "type": "Feature",
      "geometry": {
        "type": "Point",
        "coordinates": [
          1.9459696324416706,
          49.12462002009072
        ]
      },
      "properties": {
        "id": "IDFM:29647",
        "name": "Belles Vues",
        "code": "",
        "territories": [
          "TàD Vexin Est"
        ],
        "routes": [
          "TàD"
        ]
      }
    },
    {
      "type": "Feature",
      "geometry": {
        "type": "Point",
        "coordinates": [
          2.4990284883143428,
          49.09458481036321
        ]
      },
      "properties": {
        "id": "IDFM:423524",
        "name": "Bellevue",
        "code": "",
        "territories": [
          "TàD Roissy Fosses"
        ],
        "routes": [
          "TàD"
        ]
      }
    },
    {
      "type": "Feature",
      "geometry": {
        "type": "Point",
        "coordinates": [
          2.499328738028821,
          49.09468496616134
        ]
      },
      "properties": {
        "id": "IDFM:423641",
        "name": "Bellevue",
        "code": "",
        "territories": [
          "TàD Roissy Fosses"
        ],
        "routes": [
          "TàD"
        ]
      }
    },
    {
      "type": "Feature",
      "geometry": {
        "type": "Point",
        "coordinates": [
          1.9015595715227738,
          49.14560503189907
        ]
      },
      "properties": {
        "id": "IDFM:494450",
        "name": "Bercagny",
        "code": "",
        "territories": [
          "TàD Vexin Est"
        ],
        "routes": [
          "TàD"
        ]
      }
    },
    {
      "type": "Feature",
      "geometry": {
        "type": "Point",
        "coordinates": [
          2.6907738741762617,
          49.05871664430578
        ]
      },
      "properties": {
        "id": "IDFM:423843",
        "name": "Bergamottes",
        "code": "",
        "territories": [
          "TàD Goêle",
          "TàD Roissy Othis"
        ],
        "routes": [
          "TàD",
          "TàD"
        ]
      }
    },
    {
      "type": "Feature",
      "geometry": {
        "type": "Point",
        "coordinates": [
          2.355137748210329,
          48.56741786010576
        ]
      },
      "properties": {
        "id": "IDFM:411521",
        "name": "Berthault",
        "code": "",
        "territories": [
          "TàD 4301/4530"
        ],
        "routes": [
          "TàD 4301"
        ]
      }
    },
    {
      "type": "Feature",
      "geometry": {
        "type": "Point",
        "coordinates": [
          2.2780255734894768,
          48.6522162351614
        ]
      },
      "properties": {
        "id": "IDFM:3163",
        "name": "Bizet",
        "code": "",
        "territories": [
          "TàD 4595"
        ],
        "routes": [
          "TàD 4595"
        ]
      }
    },
    {
      "type": "Feature",
      "geometry": {
        "type": "Point",
        "coordinates": [
          2.2777832094246944,
          48.652070843710156
        ]
      },
      "properties": {
        "id": "IDFM:10169",
        "name": "Bizet",
        "code": "",
        "territories": [
          "TàD 4595"
        ],
        "routes": [
          "TàD 4595"
        ]
      }
    },
    {
      "type": "Feature",
      "geometry": {
        "type": "Point",
        "coordinates": [
          2.256734075721159,
          48.31321704319974
        ]
      },
      "properties": {
        "id": "IDFM:485636",
        "name": "Blandy",
        "code": "",
        "territories": [
          "TàD 4342"
        ],
        "routes": [
          "TàD 4342"
        ]
      }
    },
    {
      "type": "Feature",
      "geometry": {
        "type": "Point",
        "coordinates": [
          2.569792127536631,
          48.94871244303872
        ]
      },
      "properties": {
        "id": "IDFM:39196",
        "name": "Blum",
        "code": "",
        "territories": [
          "TàD Roissy Sud"
        ],
        "routes": [
          "TàD"
        ]
      }
    },
    {
      "type": "Feature",
      "geometry": {
        "type": "Point",
        "coordinates": [
          2.3658859514808435,
          48.50022180221354
        ]
      },
      "properties": {
        "id": "IDFM:480263",
        "name": "Boigny Centre",
        "code": "",
        "territories": [
          "TàD 4305"
        ],
        "routes": [
          "TàD 4305"
        ]
      }
    },
    {
      "type": "Feature",
      "geometry": {
        "type": "Point",
        "coordinates": [
          2.3680540486217017,
          48.50453353139255
        ]
      },
      "properties": {
        "id": "IDFM:494626",
        "name": "Boigny Passage à Niveau",
        "code": "",
        "territories": [
          "TàD 4305"
        ],
        "routes": [
          "TàD 4305"
        ]
      }
    },
    {
      "type": "Feature",
      "geometry": {
        "type": "Point",
        "coordinates": [
          2.363474596248917,
          48.49813977884023
        ]
      },
      "properties": {
        "id": "IDFM:480261",
        "name": "Boigny Salle Polyvalente",
        "code": "",
        "territories": [
          "TàD 4305"
        ],
        "routes": [
          "TàD 4305"
        ]
      }
    },
    {
      "type": "Feature",
      "geometry": {
        "type": "Point",
        "coordinates": [
          2.2819947154482163,
          48.60437592855366
        ]
      },
      "properties": {
        "id": "IDFM:2914",
        "name": "Bois Badeau",
        "code": "",
        "territories": [
          "TàD 4591"
        ],
        "routes": [
          "TàD 4591"
        ]
      }
    },
    {
      "type": "Feature",
      "geometry": {
        "type": "Point",
        "coordinates": [
          2.2257417601309624,
          48.357834817292044
        ]
      },
      "properties": {
        "id": "IDFM:485688",
        "name": "Bois Champbault",
        "code": "",
        "territories": [
          "TàD 4342"
        ],
        "routes": [
          "TàD 4342"
        ]
      }
    },
    {
      "type": "Feature",
      "geometry": {
        "type": "Point",
        "coordinates": [
          2.225833738507867,
          48.35800636755712
        ]
      },
      "properties": {
        "id": "IDFM:485690",
        "name": "Bois Champbault",
        "code": "",
        "territories": [
          "TàD 4342"
        ],
        "routes": [
          "TàD 4342"
        ]
      }
    },
    {
      "type": "Feature",
      "geometry": {
        "type": "Point",
        "coordinates": [
          2.2347118230633356,
          48.36949958700552
        ]
      },
      "properties": {
        "id": "IDFM:485632",
        "name": "Bois Herpin",
        "code": "",
        "territories": [
          "TàD 4342"
        ],
        "routes": [
          "TàD 4342"
        ]
      }
    },
    {
      "type": "Feature",
      "geometry": {
        "type": "Point",
        "coordinates": [
          2.2347535068132043,
          48.36941888102555
        ]
      },
      "properties": {
        "id": "IDFM:485629",
        "name": "Bois Herpin",
        "code": "",
        "territories": [
          "TàD 4342"
        ],
        "routes": [
          "TàD 4342"
        ]
      }
    },
    {
      "type": "Feature",
      "geometry": {
        "type": "Point",
        "coordinates": [
          2.508181697095561,
          49.08949750201479
        ]
      },
      "properties": {
        "id": "IDFM:419692",
        "name": "Bois Maillard",
        "code": "",
        "territories": [
          "TàD Roissy Fosses"
        ],
        "routes": [
          "TàD"
        ]
      }
    },
    {
      "type": "Feature",
      "geometry": {
        "type": "Point",
        "coordinates": [
          2.1937498266737827,
          49.09400429094305
        ]
      },
      "properties": {
        "id": "IDFM:29718",
        "name": "Bois Thibault",
        "code": "",
        "territories": [
          "TàD Vexin Est"
        ],
        "routes": [
          "TàD"
        ]
      }
    },
    {
      "type": "Feature",
      "geometry": {
        "type": "Point",
        "coordinates": [
          2.1933243013896853,
          49.09407337017511
        ]
      },
      "properties": {
        "id": "IDFM:29720",
        "name": "Bois Thibault",
        "code": "",
        "territories": [
          "TàD Vexin Est"
        ],
        "routes": [
          "TàD"
        ]
      }
    },
    {
      "type": "Feature",
      "geometry": {
        "type": "Point",
        "coordinates": [
          1.9306017804853204,
          49.082590918648336
        ]
      },
      "properties": {
        "id": "IDFM:416799",
        "name": "Bord'Haut",
        "code": "",
        "territories": [
          "TàD Vexin Est"
        ],
        "routes": [
          "TàD"
        ]
      }
    },
    {
      "type": "Feature",
      "geometry": {
        "type": "Point",
        "coordinates": [
          2.6721637308776627,
          48.90101493934262
        ]
      },
      "properties": {
        "id": "IDFM:16876",
        "name": "Bordeaux",
        "code": "",
        "territories": [
          "TàD Bassin Chellois",
          "TàD Desserte Hôpital",
          "TàD Dimanche"
        ],
        "routes": [
          "TàD",
          "TàD",
          "TàD"
        ]
      }
    },
    {
      "type": "Feature",
      "geometry": {
        "type": "Point",
        "coordinates": [
          2.3533405843382904,
          48.57465864570077
        ]
      },
      "properties": {
        "id": "IDFM:411522",
        "name": "Botteaux",
        "code": "",
        "territories": [
          "TàD 4301/4530"
        ],
        "routes": [
          "TàD 4301"
        ]
      }
    },
    {
      "type": "Feature",
      "geometry": {
        "type": "Point",
        "coordinates": [
          2.5019332477391676,
          48.95323379517149
        ]
      },
      "properties": {
        "id": "IDFM:40613",
        "name": "Botticelli",
        "code": "",
        "territories": [
          "TàD Roissy Sud"
        ],
        "routes": [
          "TàD"
        ]
      }
    },
    {
      "type": "Feature",
      "geometry": {
        "type": "Point",
        "coordinates": [
          2.5031619276050248,
          48.95325687819088
        ]
      },
      "properties": {
        "id": "IDFM:41826",
        "name": "Botticelli",
        "code": "",
        "territories": [
          "TàD Roissy Sud"
        ],
        "routes": [
          "TàD"
        ]
      }
    },
    {
      "type": "Feature",
      "geometry": {
        "type": "Point",
        "coordinates": [
          2.4967062213396187,
          48.95578384666939
        ]
      },
      "properties": {
        "id": "IDFM:37953",
        "name": "Bougainville",
        "code": "",
        "territories": [
          "TàD Roissy Sud"
        ],
        "routes": [
          "TàD"
        ]
      }
    },
    {
      "type": "Feature",
      "geometry": {
        "type": "Point",
        "coordinates": [
          2.49673466184722,
          48.955667062573276
        ]
      },
      "properties": {
        "id": "IDFM:40103",
        "name": "Bougainville",
        "code": "",
        "territories": [
          "TàD Roissy Sud"
        ],
        "routes": [
          "TàD"
        ]
      }
    },
    {
      "type": "Feature",
      "geometry": {
        "type": "Point",
        "coordinates": [
          2.493115293920907,
          48.529808798591695
        ]
      },
      "properties": {
        "id": "IDFM:10268",
        "name": "Bouletterie / Tabac",
        "code": "",
        "territories": [
          "TàD 4308"
        ],
        "routes": [
          "TàD 4308"
        ]
      }
    },
    {
      "type": "Feature",
      "geometry": {
        "type": "Point",
        "coordinates": [
          2.4930263798301087,
          48.53060005747203
        ]
      },
      "properties": {
        "id": "IDFM:10267",
        "name": "Bouletterie / Tabac",
        "code": "",
        "territories": [
          "TàD 4308"
        ],
        "routes": [
          "TàD 4308"
        ]
      }
    },
    {
      "type": "Feature",
      "geometry": {
        "type": "Point",
        "coordinates": [
          2.377504332975651,
          48.39490650888562
        ]
      },
      "properties": {
        "id": "IDFM:485703",
        "name": "Boulevard des Alliés",
        "code": "",
        "territories": [
          "TàD 4342"
        ],
        "routes": [
          "TàD 4342"
        ]
      }
    },
    {
      "type": "Feature",
      "geometry": {
        "type": "Point",
        "coordinates": [
          2.3773295713967952,
          48.3948336158175
        ]
      },
      "properties": {
        "id": "IDFM:485701",
        "name": "Boulevard des Alliés",
        "code": "",
        "territories": [
          "TàD 4342"
        ],
        "routes": [
          "TàD 4342"
        ]
      }
    },
    {
      "type": "Feature",
      "geometry": {
        "type": "Point",
        "coordinates": [
          3.0690055299364887,
          48.54982314779415
        ]
      },
      "properties": {
        "id": "IDFM:425333",
        "name": "Bourg",
        "code": "",
        "territories": [
          "TàD Nangis / Saint-Just"
        ],
        "routes": [
          "TàD"
        ]
      }
    },
    {
      "type": "Feature",
      "geometry": {
        "type": "Point",
        "coordinates": [
          3.0688159608132337,
          48.54991321326158
        ]
      },
      "properties": {
        "id": "IDFM:9821",
        "name": "Bourg",
        "code": "",
        "territories": [
          "TàD Nangis / Saint-Just"
        ],
        "routes": [
          "TàD"
        ]
      }
    },
    {
      "type": "Feature",
      "geometry": {
        "type": "Point",
        "coordinates": [
          2.6996259157814286,
          49.05875708309635
        ]
      },
      "properties": {
        "id": "IDFM:38235",
        "name": "Brabant",
        "code": "",
        "territories": [
          "TàD Goêle"
        ],
        "routes": [
          "TàD"
        ]
      }
    },
    {
      "type": "Feature",
      "geometry": {
        "type": "Point",
        "coordinates": [
          2.6994883683704227,
          49.05888262125044
        ]
      },
      "properties": {
        "id": "IDFM:423825",
        "name": "Brabant",
        "code": "",
        "territories": [
          "TàD Goêle"
        ],
        "routes": [
          "TàD"
        ]
      }
    },
    {
      "type": "Feature",
      "geometry": {
        "type": "Point",
        "coordinates": [
          1.9557838759924249,
          48.956438811347994
        ]
      },
      "properties": {
        "id": "IDFM:13521",
        "name": "Brezolles",
        "code": "",
        "territories": [
          "TàD Sud Meulan - Les Mureaux"
        ],
        "routes": [
          "TàD"
        ]
      }
    },
    {
      "type": "Feature",
      "geometry": {
        "type": "Point",
        "coordinates": [
          1.9558194205069157,
          48.95670891604804
        ]
      },
      "properties": {
        "id": "IDFM:13522",
        "name": "Brezolles",
        "code": "",
        "territories": [
          "TàD Sud Meulan - Les Mureaux"
        ],
        "routes": [
          "TàD"
        ]
      }
    },
    {
      "type": "Feature",
      "geometry": {
        "type": "Point",
        "coordinates": [
          2.5808815768866946,
          48.955109457857986
        ]
      },
      "properties": {
        "id": "IDFM:38106",
        "name": "Briand",
        "code": "",
        "territories": [
          "TàD Roissy Sud"
        ],
        "routes": [
          "TàD"
        ]
      }
    },
    {
      "type": "Feature",
      "geometry": {
        "type": "Point",
        "coordinates": [
          2.5812535787497026,
          48.95469710145411
        ]
      },
      "properties": {
        "id": "IDFM:39197",
        "name": "Briand",
        "code": "",
        "territories": [
          "TàD Roissy Sud"
        ],
        "routes": [
          "TàD"
        ]
      }
    },
    {
      "type": "Feature",
      "geometry": {
        "type": "Point",
        "coordinates": [
          2.2993784411890603,
          48.66253515311295
        ]
      },
      "properties": {
        "id": "IDFM:23084",
        "name": "Brinvilliers",
        "code": "",
        "territories": [
          "TàD 4592"
        ],
        "routes": [
          "TàD 4592"
        ]
      }
    },
    {
      "type": "Feature",
      "geometry": {
        "type": "Point",
        "coordinates": [
          2.5718840719559286,
          48.95000587031854
        ]
      },
      "properties": {
        "id": "IDFM:38109",
        "name": "Brossolette",
        "code": "",
        "territories": [
          "TàD Roissy Sud"
        ],
        "routes": [
          "TàD"
        ]
      }
    },
    {
      "type": "Feature",
      "geometry": {
        "type": "Point",
        "coordinates": [
          2.573527314600995,
          48.94941821713219
        ]
      },
      "properties": {
        "id": "IDFM:39199",
        "name": "Brossolette",
        "code": "",
        "territories": [
          "TàD Roissy Sud"
        ],
        "routes": [
          "TàD"
        ]
      }
    },
    {
      "type": "Feature",
      "geometry": {
        "type": "Point",
        "coordinates": [
          2.2787440164622828,
          48.31644835546424
        ]
      },
      "properties": {
        "id": "IDFM:485625",
        "name": "Brouy",
        "code": "",
        "territories": [
          "TàD 4342"
        ],
        "routes": [
          "TàD 4342"
        ]
      }
    },
    {
      "type": "Feature",
      "geometry": {
        "type": "Point",
        "coordinates": [
          2.2789058782992457,
          48.31644934151916
        ]
      },
      "properties": {
        "id": "IDFM:485622",
        "name": "Brouy",
        "code": "",
        "territories": [
          "TàD 4342"
        ],
        "routes": [
          "TàD 4342"
        ]
      }
    },
    {
      "type": "Feature",
      "geometry": {
        "type": "Point",
        "coordinates": [
          2.6134711432127817,
          48.942863175046625
        ]
      },
      "properties": {
        "id": "IDFM:38153",
        "name": "Buffon",
        "code": "",
        "territories": [
          "TàD Roissy Sud"
        ],
        "routes": [
          "TàD"
        ]
      }
    },
    {
      "type": "Feature",
      "geometry": {
        "type": "Point",
        "coordinates": [
          2.6120258566219663,
          48.94994465803405
        ]
      },
      "properties": {
        "id": "IDFM:38152",
        "name": "Béarn",
        "code": "",
        "territories": [
          "TàD Roissy Sud"
        ],
        "routes": [
          "TàD"
        ]
      }
    },
    {
      "type": "Feature",
      "geometry": {
        "type": "Point",
        "coordinates": [
          2.463005795480928,
          49.04168436476881
        ]
      },
      "properties": {
        "id": "IDFM:462766",
        "name": "Cachin Blatreux",
        "code": "",
        "territories": [
          "TàD Roissy Goussainville"
        ],
        "routes": [
          "TàD"
        ]
      }
    },
    {
      "type": "Feature",
      "geometry": {
        "type": "Point",
        "coordinates": [
          2.469852269112745,
          49.01549417617771
        ]
      },
      "properties": {
        "id": "IDFM:497083",
        "name": "Calvaire",
        "code": "",
        "territories": [
          "TàD Roissy Goussainville"
        ],
        "routes": [
          "TàD"
        ]
      }
    },
    {
      "type": "Feature",
      "geometry": {
        "type": "Point",
        "coordinates": [
          2.469075430118115,
          49.0165967694138
        ]
      },
      "properties": {
        "id": "IDFM:423556",
        "name": "Calvaire",
        "code": "",
        "territories": [
          "TàD Roissy Goussainville"
        ],
        "routes": [
          "TàD"
        ]
      }
    },
    {
      "type": "Feature",
      "geometry": {
        "type": "Point",
        "coordinates": [
          2.4941498009298595,
          48.94906460583515
        ]
      },
      "properties": {
        "id": "IDFM:19089",
        "name": "Camille Desmoulins",
        "code": "",
        "territories": [
          "TàD Roissy Sud"
        ],
        "routes": [
          "TàD"
        ]
      }
    },
    {
      "type": "Feature",
      "geometry": {
        "type": "Point",
        "coordinates": [
          2.6159689385154437,
          48.98545034758309
        ]
      },
      "properties": {
        "id": "IDFM:38034",
        "name": "Camille Lemoine",
        "code": "",
        "territories": [
          "TàD Roissy Sud"
        ],
        "routes": [
          "TàD"
        ]
      }
    },
    {
      "type": "Feature",
      "geometry": {
        "type": "Point",
        "coordinates": [
          2.618889305496234,
          48.89090202421182
        ]
      },
      "properties": {
        "id": "IDFM:16675",
        "name": "Caminade",
        "code": "",
        "territories": [
          "TàD Bassin Chellois",
          "TàD Desserte Hôpital",
          "TàD Dimanche"
        ],
        "routes": [
          "TàD",
          "TàD",
          "TàD"
        ]
      }
    },
    {
      "type": "Feature",
      "geometry": {
        "type": "Point",
        "coordinates": [
          2.618849314087977,
          48.89077599443877
        ]
      },
      "properties": {
        "id": "IDFM:16676",
        "name": "Caminade",
        "code": "",
        "territories": [
          "TàD Bassin Chellois",
          "TàD Desserte Hôpital",
          "TàD Dimanche"
        ],
        "routes": [
          "TàD",
          "TàD",
          "TàD"
        ]
      }
    },
    {
      "type": "Feature",
      "geometry": {
        "type": "Point",
        "coordinates": [
          2.303672392898324,
          48.65516633887368
        ]
      },
      "properties": {
        "id": "IDFM:23081",
        "name": "Camping",
        "code": "",
        "territories": [
          "TàD 4592"
        ],
        "routes": [
          "TàD 4592"
        ]
      }
    },
    {
      "type": "Feature",
      "geometry": {
        "type": "Point",
        "coordinates": [
          2.464973765083506,
          49.04051521184412
        ]
      },
      "properties": {
        "id": "IDFM:38461",
        "name": "Camélinat",
        "code": "",
        "territories": [
          "TàD Roissy Goussainville"
        ],
        "routes": [
          "TàD"
        ]
      }
    },
    {
      "type": "Feature",
      "geometry": {
        "type": "Point",
        "coordinates": [
          2.69604270706008,
          49.056167485154724
        ]
      },
      "properties": {
        "id": "IDFM:423821",
        "name": "Canada",
        "code": "",
        "territories": [
          "TàD Roissy Othis"
        ],
        "routes": [
          "TàD"
        ]
      }
    },
    {
      "type": "Feature",
      "geometry": {
        "type": "Point",
        "coordinates": [
          2.6959318880228387,
          49.05640098638458
        ]
      },
      "properties": {
        "id": "IDFM:423846",
        "name": "Canada",
        "code": "",
        "territories": [
          "TàD Roissy Othis"
        ],
        "routes": [
          "TàD"
        ]
      }
    },
    {
      "type": "Feature",
      "geometry": {
        "type": "Point",
        "coordinates": [
          2.526990016633599,
          48.99817129747993
        ]
      },
      "properties": {
        "id": "IDFM:41403",
        "name": "Cargo Centre",
        "code": "",
        "territories": [
          "TàD Roissy Sud"
        ],
        "routes": [
          "TàD"
        ]
      }
    },
    {
      "type": "Feature",
      "geometry": {
        "type": "Point",
        "coordinates": [
          2.5252783483944254,
          48.99854221075603
        ]
      },
      "properties": {
        "id": "IDFM:472884",
        "name": "Cargo Centre",
        "code": "",
        "territories": [
          "TàD Roissy Goussainville",
          "TàD Roissy Sarcelles",
          "TàD Roissy Sud",
          "TàD Roissy Villiers-le-Bel"
        ],
        "routes": [
          "TàD",
          "TàD",
          "TàD",
          "TàD"
        ]
      }
    },
    {
      "type": "Feature",
      "geometry": {
        "type": "Point",
        "coordinates": [
          2.2816522439726183,
          49.004021482855634
        ]
      },
      "properties": {
        "id": "IDFM:13284",
        "name": "Carrefour Bury",
        "code": "",
        "territories": [
          "TàD Eaubonne Domont"
        ],
        "routes": [
          "TàD"
        ]
      }
    },
    {
      "type": "Feature",
      "geometry": {
        "type": "Point",
        "coordinates": [
          2.2813277199164994,
          49.00376775400465
        ]
      },
      "properties": {
        "id": "IDFM:13283",
        "name": "Carrefour Bury",
        "code": "",
        "territories": [
          "TàD Eaubonne Domont"
        ],
        "routes": [
          "TàD"
        ]
      }
    },
    {
      "type": "Feature",
      "geometry": {
        "type": "Point",
        "coordinates": [
          2.465455201947741,
          49.02298304764024
        ]
      },
      "properties": {
        "id": "IDFM:495743",
        "name": "Carrefour de l'Europe",
        "code": "",
        "territories": [
          "TàD Luzarches - Goussainville"
        ],
        "routes": [
          "TàD"
        ]
      }
    },
    {
      "type": "Feature",
      "geometry": {
        "type": "Point",
        "coordinates": [
          2.465757396465008,
          49.021518691116995
        ]
      },
      "properties": {
        "id": "IDFM:38479",
        "name": "Carrefour de l'Europe",
        "code": "",
        "territories": [
          "TàD Roissy Goussainville"
        ],
        "routes": [
          "TàD"
        ]
      }
    },
    {
      "type": "Feature",
      "geometry": {
        "type": "Point",
        "coordinates": [
          2.4652820000601565,
          49.02254166692148
        ]
      },
      "properties": {
        "id": "IDFM:38478",
        "name": "Carrefour de l'Europe",
        "code": "",
        "territories": [
          "TàD Roissy Goussainville"
        ],
        "routes": [
          "TàD"
        ]
      }
    },
    {
      "type": "Feature",
      "geometry": {
        "type": "Point",
        "coordinates": [
          2.447399935429709,
          49.09701557858
        ]
      },
      "properties": {
        "id": "IDFM:40487",
        "name": "Carrefour du Plessis Luzarches",
        "code": "",
        "territories": [
          "TàD Luzarches - Goussainville"
        ],
        "routes": [
          "TàD"
        ]
      }
    },
    {
      "type": "Feature",
      "geometry": {
        "type": "Point",
        "coordinates": [
          2.3067826470659094,
          48.65917830116816
        ]
      },
      "properties": {
        "id": "IDFM:3538",
        "name": "Carrefour Mederic - Péri",
        "code": "",
        "territories": [
          "TàD 4592"
        ],
        "routes": [
          "TàD 4592"
        ]
      }
    },
    {
      "type": "Feature",
      "geometry": {
        "type": "Point",
        "coordinates": [
          2.579500986474297,
          48.94346823375632
        ]
      },
      "properties": {
        "id": "IDFM:39202",
        "name": "Caussimon",
        "code": "",
        "territories": [
          "TàD Roissy Sud"
        ],
        "routes": [
          "TàD"
        ]
      }
    },
    {
      "type": "Feature",
      "geometry": {
        "type": "Point",
        "coordinates": [
          2.6947407202420344,
          49.03561816801045
        ]
      },
      "properties": {
        "id": "IDFM:423532",
        "name": "Centre",
        "code": "",
        "territories": [
          "TàD Roissy Saint-Pathus"
        ],
        "routes": [
          "TàD"
        ]
      }
    },
    {
      "type": "Feature",
      "geometry": {
        "type": "Point",
        "coordinates": [
          2.4660104684141695,
          49.097958342396254
        ]
      },
      "properties": {
        "id": "IDFM:38851",
        "name": "Centre",
        "code": "",
        "territories": [
          "TàD Luzarches - Goussainville"
        ],
        "routes": [
          "TàD"
        ]
      }
    },
    {
      "type": "Feature",
      "geometry": {
        "type": "Point",
        "coordinates": [
          2.6394063926042137,
          49.03384624530543
        ]
      },
      "properties": {
        "id": "IDFM:38148",
        "name": "Centre",
        "code": "",
        "territories": [
          "TàD Roissy Othis"
        ],
        "routes": [
          "TàD"
        ]
      }
    },
    {
      "type": "Feature",
      "geometry": {
        "type": "Point",
        "coordinates": [
          2.772431544696457,
          49.02049543418479
        ]
      },
      "properties": {
        "id": "IDFM:38230",
        "name": "Centre",
        "code": "",
        "territories": [
          "TàD Goêle"
        ],
        "routes": [
          "TàD"
        ]
      }
    },
    {
      "type": "Feature",
      "geometry": {
        "type": "Point",
        "coordinates": [
          2.7886877673586365,
          49.00025726446024
        ]
      },
      "properties": {
        "id": "IDFM:38259",
        "name": "Centre",
        "code": "",
        "territories": [
          "TàD Goêle"
        ],
        "routes": [
          "TàD"
        ]
      }
    },
    {
      "type": "Feature",
      "geometry": {
        "type": "Point",
        "coordinates": [
          2.76840783534279,
          49.00303435207181
        ]
      },
      "properties": {
        "id": "IDFM:38349",
        "name": "Centre",
        "code": "",
        "territories": [
          "TàD Goêle"
        ],
        "routes": [
          "TàD"
        ]
      }
    },
    {
      "type": "Feature",
      "geometry": {
        "type": "Point",
        "coordinates": [
          2.6945356899223514,
          49.03559966313103
        ]
      },
      "properties": {
        "id": "IDFM:38359",
        "name": "Centre",
        "code": "",
        "territories": [
          "TàD Roissy Saint-Pathus"
        ],
        "routes": [
          "TàD"
        ]
      }
    },
    {
      "type": "Feature",
      "geometry": {
        "type": "Point",
        "coordinates": [
          2.4663115992836673,
          49.097968670650666
        ]
      },
      "properties": {
        "id": "IDFM:38445",
        "name": "Centre",
        "code": "",
        "territories": [
          "TàD Luzarches - Goussainville"
        ],
        "routes": [
          "TàD"
        ]
      }
    },
    {
      "type": "Feature",
      "geometry": {
        "type": "Point",
        "coordinates": [
          2.4270425807821643,
          49.069338758003596
        ]
      },
      "properties": {
        "id": "IDFM:38474",
        "name": "Centre",
        "code": "",
        "territories": [
          "TàD Luzarches - Goussainville"
        ],
        "routes": [
          "TàD"
        ]
      }
    },
    {
      "type": "Feature",
      "geometry": {
        "type": "Point",
        "coordinates": [
          2.7822172843928046,
          48.98217152138624
        ]
      },
      "properties": {
        "id": "IDFM:38412",
        "name": "Centre",
        "code": "",
        "territories": [
          "TàD Goêle"
        ],
        "routes": [
          "TàD"
        ]
      }
    },
    {
      "type": "Feature",
      "geometry": {
        "type": "Point",
        "coordinates": [
          2.59125768414165,
          49.017848258706024
        ]
      },
      "properties": {
        "id": "IDFM:40123",
        "name": "Centre",
        "code": "",
        "territories": [
          "TàD Roissy Othis"
        ],
        "routes": [
          "TàD"
        ]
      }
    },
    {
      "type": "Feature",
      "geometry": {
        "type": "Point",
        "coordinates": [
          2.591434699541035,
          49.01793878111711
        ]
      },
      "properties": {
        "id": "IDFM:40122",
        "name": "Centre",
        "code": "",
        "territories": [
          "TàD Roissy Othis",
          "TàD Roissy Saint-Pathus"
        ],
        "routes": [
          "TàD",
          "TàD"
        ]
      }
    },
    {
      "type": "Feature",
      "geometry": {
        "type": "Point",
        "coordinates": [
          2.7886748689536636,
          49.00006840871678
        ]
      },
      "properties": {
        "id": "IDFM:423809",
        "name": "Centre",
        "code": "",
        "territories": [
          "TàD Goêle"
        ],
        "routes": [
          "TàD"
        ]
      }
    },
    {
      "type": "Feature",
      "geometry": {
        "type": "Point",
        "coordinates": [
          2.4149887508580945,
          49.08729983213285
        ]
      },
      "properties": {
        "id": "IDFM:419535",
        "name": "Centre",
        "code": "",
        "territories": [
          "TàD Luzarches - Goussainville"
        ],
        "routes": [
          "TàD"
        ]
      }
    },
    {
      "type": "Feature",
      "geometry": {
        "type": "Point",
        "coordinates": [
          2.3001053046861677,
          48.52194716377833
        ]
      },
      "properties": {
        "id": "IDFM:11685",
        "name": "Centre",
        "code": "",
        "territories": [
          "TàD 4306"
        ],
        "routes": [
          "TàD 4306"
        ]
      }
    },
    {
      "type": "Feature",
      "geometry": {
        "type": "Point",
        "coordinates": [
          2.3004942996390496,
          48.521211772118036
        ]
      },
      "properties": {
        "id": "IDFM:11684",
        "name": "Centre",
        "code": "",
        "territories": [
          "TàD 4306"
        ],
        "routes": [
          "TàD 4306"
        ]
      }
    },
    {
      "type": "Feature",
      "geometry": {
        "type": "Point",
        "coordinates": [
          2.7682708825028493,
          49.00309703193906
        ]
      },
      "properties": {
        "id": "IDFM:423770",
        "name": "Centre",
        "code": "",
        "territories": [
          "TàD Goêle"
        ],
        "routes": [
          "TàD"
        ]
      }
    },
    {
      "type": "Feature",
      "geometry": {
        "type": "Point",
        "coordinates": [
          2.733995856714621,
          49.01057924938564
        ]
      },
      "properties": {
        "id": "IDFM:423749",
        "name": "Centre",
        "code": "",
        "territories": [
          "TàD Goêle"
        ],
        "routes": [
          "TàD"
        ]
      }
    },
    {
      "type": "Feature",
      "geometry": {
        "type": "Point",
        "coordinates": [
          2.781945407997829,
          48.981847308139486
        ]
      },
      "properties": {
        "id": "IDFM:423745",
        "name": "Centre",
        "code": "",
        "territories": [
          "TàD Goêle"
        ],
        "routes": [
          "TàD"
        ]
      }
    },
    {
      "type": "Feature",
      "geometry": {
        "type": "Point",
        "coordinates": [
          2.6395029933203125,
          49.03372064980306
        ]
      },
      "properties": {
        "id": "IDFM:423600",
        "name": "Centre",
        "code": "",
        "territories": [
          "TàD Roissy Othis"
        ],
        "routes": [
          "TàD"
        ]
      }
    },
    {
      "type": "Feature",
      "geometry": {
        "type": "Point",
        "coordinates": [
          2.702617990089405,
          49.0618935899641
        ]
      },
      "properties": {
        "id": "IDFM:38238",
        "name": "Centre Bus de Dammartin",
        "code": "",
        "territories": [
          "TàD Goêle"
        ],
        "routes": [
          "TàD"
        ]
      }
    },
    {
      "type": "Feature",
      "geometry": {
        "type": "Point",
        "coordinates": [
          2.787711092139121,
          49.07539040560065
        ]
      },
      "properties": {
        "id": "IDFM:423536",
        "name": "Centre Commercial",
        "code": "",
        "territories": [
          "TàD Roissy Saint-Pathus"
        ],
        "routes": [
          "TàD"
        ]
      }
    },
    {
      "type": "Feature",
      "geometry": {
        "type": "Point",
        "coordinates": [
          2.5281787012889376,
          49.1005291149285
        ]
      },
      "properties": {
        "id": "IDFM:38530",
        "name": "Centre Commercial",
        "code": "",
        "territories": [
          "TàD Roissy Fosses"
        ],
        "routes": [
          "TàD"
        ]
      }
    },
    {
      "type": "Feature",
      "geometry": {
        "type": "Point",
        "coordinates": [
          2.528070141574718,
          49.10042079322409
        ]
      },
      "properties": {
        "id": "IDFM:38528",
        "name": "Centre Commercial",
        "code": "",
        "territories": [
          "TàD Roissy Fosses"
        ],
        "routes": [
          "TàD"
        ]
      }
    },
    {
      "type": "Feature",
      "geometry": {
        "type": "Point",
        "coordinates": [
          2.3360113146296793,
          48.668096884061974
        ]
      },
      "properties": {
        "id": "IDFM:483598",
        "name": "Centre Commercial",
        "code": "",
        "territories": [
          "TàD 4592"
        ],
        "routes": [
          "TàD 4592"
        ]
      }
    },
    {
      "type": "Feature",
      "geometry": {
        "type": "Point",
        "coordinates": [
          2.274910919674278,
          48.65164861879798
        ]
      },
      "properties": {
        "id": "IDFM:483610",
        "name": "Centre Commercial",
        "code": "",
        "territories": [
          "TàD 4595"
        ],
        "routes": [
          "TàD 4595"
        ]
      }
    },
    {
      "type": "Feature",
      "geometry": {
        "type": "Point",
        "coordinates": [
          2.7884797602140248,
          49.07484328517743
        ]
      },
      "properties": {
        "id": "IDFM:423652",
        "name": "Centre Commercial",
        "code": "",
        "territories": [
          "TàD Roissy Saint-Pathus"
        ],
        "routes": [
          "TàD"
        ]
      }
    },
    {
      "type": "Feature",
      "geometry": {
        "type": "Point",
        "coordinates": [
          2.515872986891889,
          49.100048619764195
        ]
      },
      "properties": {
        "id": "IDFM:38531",
        "name": "Centre Commercial / Mairie",
        "code": "",
        "territories": [
          "TàD Roissy Fosses"
        ],
        "routes": [
          "TàD"
        ]
      }
    },
    {
      "type": "Feature",
      "geometry": {
        "type": "Point",
        "coordinates": [
          2.5160231017267494,
          49.100103171950515
        ]
      },
      "properties": {
        "id": "IDFM:419638",
        "name": "Centre Commercial / Mairie",
        "code": "",
        "territories": [
          "TàD Roissy Fosses"
        ],
        "routes": [
          "TàD"
        ]
      }
    },
    {
      "type": "Feature",
      "geometry": {
        "type": "Point",
        "coordinates": [
          2.524007965874509,
          48.99101967762853
        ]
      },
      "properties": {
        "id": "IDFM:19280",
        "name": "Centre Commercial Aéroville",
        "code": "",
        "territories": [
          "TàD Roissy Goussainville",
          "TàD Roissy Sarcelles",
          "TàD Roissy Sud"
        ],
        "routes": [
          "TàD",
          "TàD",
          "TàD"
        ]
      }
    },
    {
      "type": "Feature",
      "geometry": {
        "type": "Point",
        "coordinates": [
          2.524305689692909,
          48.991335587308974
        ]
      },
      "properties": {
        "id": "IDFM:39189",
        "name": "Centre Commercial Aéroville",
        "code": "",
        "territories": [
          "TàD Roissy Goussainville",
          "TàD Roissy Sarcelles",
          "TàD Roissy Sud",
          "TàD Roissy Villiers-le-Bel"
        ],
        "routes": [
          "TàD",
          "TàD",
          "TàD",
          "TàD"
        ]
      }
    },
    {
      "type": "Feature",
      "geometry": {
        "type": "Point",
        "coordinates": [
          2.0755843293181213,
          49.07727414575198
        ]
      },
      "properties": {
        "id": "IDFM:29618",
        "name": "Centre Commercial de l'Oseraie",
        "code": "",
        "territories": [
          "TàD Vexin Est"
        ],
        "routes": [
          "TàD"
        ]
      }
    },
    {
      "type": "Feature",
      "geometry": {
        "type": "Point",
        "coordinates": [
          2.0756347799975523,
          49.07697779876156
        ]
      },
      "properties": {
        "id": "IDFM:19929",
        "name": "Centre Commercial de l'Oseraie",
        "code": "",
        "territories": [
          "TàD Vexin Est"
        ],
        "routes": [
          "TàD"
        ]
      }
    },
    {
      "type": "Feature",
      "geometry": {
        "type": "Point",
        "coordinates": [
          1.9130376405403602,
          48.97940510414021
        ]
      },
      "properties": {
        "id": "IDFM:20194",
        "name": "Centre Commercial Espace",
        "code": "",
        "territories": [
          "TàD Sud Meulan - Les Mureaux"
        ],
        "routes": [
          "TàD"
        ]
      }
    },
    {
      "type": "Feature",
      "geometry": {
        "type": "Point",
        "coordinates": [
          1.913040769749656,
          48.97990874289394
        ]
      },
      "properties": {
        "id": "IDFM:20195",
        "name": "Centre Commercial Espace",
        "code": "",
        "territories": [
          "TàD Sud Meulan - Les Mureaux"
        ],
        "routes": [
          "TàD"
        ]
      }
    },
    {
      "type": "Feature",
      "geometry": {
        "type": "Point",
        "coordinates": [
          1.86530254871022,
          48.96620172777175
        ]
      },
      "properties": {
        "id": "IDFM:484075",
        "name": "Centre Commercial Flins / Route Renault",
        "code": "",
        "territories": [
          "TàD Sud Meulan - Les Mureaux"
        ],
        "routes": [
          "TàD"
        ]
      }
    },
    {
      "type": "Feature",
      "geometry": {
        "type": "Point",
        "coordinates": [
          1.8992014643108168,
          49.01018765248608
        ]
      },
      "properties": {
        "id": "IDFM:32602",
        "name": "Centre Commercial Vexin",
        "code": "",
        "territories": [
          "TàD Nord Meulan - Les Mureaux"
        ],
        "routes": [
          "TàD"
        ]
      }
    },
    {
      "type": "Feature",
      "geometry": {
        "type": "Point",
        "coordinates": [
          1.899489392702387,
          49.01079281054539
        ]
      },
      "properties": {
        "id": "IDFM:32601",
        "name": "Centre Commercial Vexin",
        "code": "",
        "territories": [
          "TàD Nord Meulan - Les Mureaux"
        ],
        "routes": [
          "TàD"
        ]
      }
    },
    {
      "type": "Feature",
      "geometry": {
        "type": "Point",
        "coordinates": [
          2.7619497493751424,
          48.852457546338314
        ]
      },
      "properties": {
        "id": "IDFM:22492",
        "name": "Centre de Radiologie",
        "code": "",
        "territories": [
          "TàD Desserte Hôpital"
        ],
        "routes": [
          "TàD"
        ]
      }
    },
    {
      "type": "Feature",
      "geometry": {
        "type": "Point",
        "coordinates": [
          2.7620030690410107,
          48.85271845759319
        ]
      },
      "properties": {
        "id": "IDFM:22493",
        "name": "Centre de Radiologie",
        "code": "",
        "territories": [
          "TàD Desserte Hôpital"
        ],
        "routes": [
          "TàD"
        ]
      }
    },
    {
      "type": "Feature",
      "geometry": {
        "type": "Point",
        "coordinates": [
          2.4600052645986485,
          49.030341092694684
        ]
      },
      "properties": {
        "id": "IDFM:38764",
        "name": "Centre de Secours",
        "code": "",
        "territories": [
          "TàD Roissy Goussainville"
        ],
        "routes": [
          "TàD"
        ]
      }
    },
    {
      "type": "Feature",
      "geometry": {
        "type": "Point",
        "coordinates": [
          2.4599119774348046,
          49.03010688193334
        ]
      },
      "properties": {
        "id": "IDFM:38089",
        "name": "Centre de Secours",
        "code": "",
        "territories": [
          "TàD Roissy Goussainville"
        ],
        "routes": [
          "TàD"
        ]
      }
    },
    {
      "type": "Feature",
      "geometry": {
        "type": "Point",
        "coordinates": [
          2.770255211804737,
          48.85107082903886
        ]
      },
      "properties": {
        "id": "IDFM:496482",
        "name": "Centre Hospitalier",
        "code": "",
        "territories": [
          "TàD Desserte Hôpital"
        ],
        "routes": [
          "TàD"
        ]
      }
    },
    {
      "type": "Feature",
      "geometry": {
        "type": "Point",
        "coordinates": [
          2.7690313413168473,
          48.850483908643355
        ]
      },
      "properties": {
        "id": "IDFM:496483",
        "name": "Centre Hospitalier",
        "code": "",
        "territories": [
          "TàD Desserte Hôpital"
        ],
        "routes": [
          "TàD"
        ]
      }
    },
    {
      "type": "Feature",
      "geometry": {
        "type": "Point",
        "coordinates": [
          1.933264898185297,
          48.98705086231835
        ]
      },
      "properties": {
        "id": "IDFM:32738",
        "name": "Centre Hospitalier - Accueil",
        "code": "",
        "territories": [
          "TàD Sud Meulan - Les Mureaux"
        ],
        "routes": [
          "TàD"
        ]
      }
    },
    {
      "type": "Feature",
      "geometry": {
        "type": "Point",
        "coordinates": [
          1.9340447284500755,
          48.98700383598383
        ]
      },
      "properties": {
        "id": "IDFM:486511",
        "name": "Centre Hospitalier - Accueil",
        "code": "",
        "territories": [
          "TàD Sud Meulan - Les Mureaux"
        ],
        "routes": [
          "TàD"
        ]
      }
    },
    {
      "type": "Feature",
      "geometry": {
        "type": "Point",
        "coordinates": [
          2.6805026794775184,
          49.06695300729022
        ]
      },
      "properties": {
        "id": "IDFM:426795",
        "name": "Centre Médical",
        "code": "",
        "territories": [
          "TàD Goêle",
          "TàD Roissy Othis"
        ],
        "routes": [
          "TàD",
          "TàD"
        ]
      }
    },
    {
      "type": "Feature",
      "geometry": {
        "type": "Point",
        "coordinates": [
          2.6805842852388455,
          49.06703414786329
        ]
      },
      "properties": {
        "id": "IDFM:426792",
        "name": "Centre Médical",
        "code": "",
        "territories": [
          "TàD Goêle",
          "TàD Roissy Othis"
        ],
        "routes": [
          "TàD",
          "TàD"
        ]
      }
    },
    {
      "type": "Feature",
      "geometry": {
        "type": "Point",
        "coordinates": [
          2.544066066733508,
          48.99115152524095
        ]
      },
      "properties": {
        "id": "IDFM:38118",
        "name": "Centre Postal / Hub Postal",
        "code": "",
        "territories": [
          "TàD Roissy Sud"
        ],
        "routes": [
          "TàD"
        ]
      }
    },
    {
      "type": "Feature",
      "geometry": {
        "type": "Point",
        "coordinates": [
          3.3036018910956977,
          48.78257287992726
        ]
      },
      "properties": {
        "id": "IDFM:477705",
        "name": "Centre Rue de Paris",
        "code": "",
        "territories": [
          "TàD 2429"
        ],
        "routes": [
          "TàD 2429"
        ]
      }
    },
    {
      "type": "Feature",
      "geometry": {
        "type": "Point",
        "coordinates": [
          3.3036699905246634,
          48.782581700741716
        ]
      },
      "properties": {
        "id": "IDFM:477708",
        "name": "Centre Rue de Paris",
        "code": "",
        "territories": [
          "TàD 2429"
        ],
        "routes": [
          "TàD 2429"
        ]
      }
    },
    {
      "type": "Feature",
      "geometry": {
        "type": "Point",
        "coordinates": [
          2.181028915348632,
          49.12528085013097
        ]
      },
      "properties": {
        "id": "IDFM:40557",
        "name": "Centre équestre",
        "code": "",
        "territories": [
          "TàD Vexin Est"
        ],
        "routes": [
          "TàD"
        ]
      }
    },
    {
      "type": "Feature",
      "geometry": {
        "type": "Point",
        "coordinates": [
          1.932278770559759,
          49.11151510953184
        ]
      },
      "properties": {
        "id": "IDFM:419251",
        "name": "Centre équestre",
        "code": "",
        "territories": [
          "TàD Vexin Est"
        ],
        "routes": [
          "TàD"
        ]
      }
    },
    {
      "type": "Feature",
      "geometry": {
        "type": "Point",
        "coordinates": [
          2.1810818634496223,
          49.12539809891219
        ]
      },
      "properties": {
        "id": "IDFM:29724",
        "name": "Centre équestre",
        "code": "",
        "territories": [
          "TàD Vexin Est"
        ],
        "routes": [
          "TàD"
        ]
      }
    },
    {
      "type": "Feature",
      "geometry": {
        "type": "Point",
        "coordinates": [
          2.6151898494382153,
          48.93936158249784
        ]
      },
      "properties": {
        "id": "IDFM:38155",
        "name": "Centre-Ville de Villeparisis",
        "code": "",
        "territories": [
          "TàD Roissy Sud"
        ],
        "routes": [
          "TàD"
        ]
      }
    },
    {
      "type": "Feature",
      "geometry": {
        "type": "Point",
        "coordinates": [
          2.907304101322862,
          48.95958294123113
        ]
      },
      "properties": {
        "id": "IDFM:485772",
        "name": "CFA",
        "code": "",
        "territories": [
          "TàD ZI Poincy"
        ],
        "routes": [
          "TàD"
        ]
      }
    },
    {
      "type": "Feature",
      "geometry": {
        "type": "Point",
        "coordinates": [
          2.9073589009019782,
          48.95948406754926
        ]
      },
      "properties": {
        "id": "IDFM:485770",
        "name": "CFA",
        "code": "",
        "territories": [
          "TàD ZI Poincy"
        ],
        "routes": [
          "TàD"
        ]
      }
    },
    {
      "type": "Feature",
      "geometry": {
        "type": "Point",
        "coordinates": [
          2.684844432690499,
          49.06181232184783
        ]
      },
      "properties": {
        "id": "IDFM:42058",
        "name": "Chabannes",
        "code": "",
        "territories": [
          "TàD Goêle",
          "TàD Roissy Othis"
        ],
        "routes": [
          "TàD",
          "TàD"
        ]
      }
    },
    {
      "type": "Feature",
      "geometry": {
        "type": "Point",
        "coordinates": [
          2.779477716201898,
          49.01606658585537
        ]
      },
      "properties": {
        "id": "IDFM:38232",
        "name": "Chambrefontaine",
        "code": "",
        "territories": [
          "TàD Goêle"
        ],
        "routes": [
          "TàD"
        ]
      }
    },
    {
      "type": "Feature",
      "geometry": {
        "type": "Point",
        "coordinates": [
          2.779108073455612,
          49.01619179310058
        ]
      },
      "properties": {
        "id": "IDFM:38233",
        "name": "Chambrefontaine",
        "code": "",
        "territories": [
          "TàD Goêle"
        ],
        "routes": [
          "TàD"
        ]
      }
    },
    {
      "type": "Feature",
      "geometry": {
        "type": "Point",
        "coordinates": [
          2.436817861476882,
          48.555742324518405
        ]
      },
      "properties": {
        "id": "IDFM:10417",
        "name": "Champs Fleuris",
        "code": "",
        "territories": [
          "TàD 4308",
          "TàD 4318"
        ],
        "routes": [
          "TàD 4308",
          "TàD 4318"
        ]
      }
    },
    {
      "type": "Feature",
      "geometry": {
        "type": "Point",
        "coordinates": [
          2.436799845934396,
          48.55489663881873
        ]
      },
      "properties": {
        "id": "IDFM:10416",
        "name": "Champs Fleuris",
        "code": "",
        "territories": [
          "TàD 4308",
          "TàD 4318"
        ],
        "routes": [
          "TàD 4308",
          "TàD 4318"
        ]
      }
    },
    {
      "type": "Feature",
      "geometry": {
        "type": "Point",
        "coordinates": [
          2.6144709050868618,
          48.9000697325981
        ]
      },
      "properties": {
        "id": "IDFM:412862",
        "name": "Chantereine",
        "code": "",
        "territories": [
          "TàD Bassin Chellois",
          "TàD Desserte Hôpital",
          "TàD Dimanche"
        ],
        "routes": [
          "TàD",
          "TàD",
          "TàD"
        ]
      }
    },
    {
      "type": "Feature",
      "geometry": {
        "type": "Point",
        "coordinates": [
          1.8896048646500778,
          49.00187079258159
        ]
      },
      "properties": {
        "id": "IDFM:32604",
        "name": "Chantereine",
        "code": "",
        "territories": [
          "TàD Nord Meulan - Les Mureaux"
        ],
        "routes": [
          "TàD"
        ]
      }
    },
    {
      "type": "Feature",
      "geometry": {
        "type": "Point",
        "coordinates": [
          1.8895923521505518,
          49.00181671945543
        ]
      },
      "properties": {
        "id": "IDFM:32603",
        "name": "Chantereine",
        "code": "",
        "territories": [
          "TàD Nord Meulan - Les Mureaux"
        ],
        "routes": [
          "TàD"
        ]
      }
    },
    {
      "type": "Feature",
      "geometry": {
        "type": "Point",
        "coordinates": [
          2.614621944437709,
          48.899935324263694
        ]
      },
      "properties": {
        "id": "IDFM:16688",
        "name": "Chantereine",
        "code": "",
        "territories": [
          "TàD Bassin Chellois",
          "TàD Desserte Hôpital",
          "TàD Dimanche"
        ],
        "routes": [
          "TàD",
          "TàD",
          "TàD"
        ]
      }
    },
    {
      "type": "Feature",
      "geometry": {
        "type": "Point",
        "coordinates": [
          2.455358312076114,
          49.03792728745102
        ]
      },
      "properties": {
        "id": "IDFM:37971",
        "name": "Chapellerie",
        "code": "",
        "territories": [
          "TàD Roissy Goussainville"
        ],
        "routes": [
          "TàD"
        ]
      }
    },
    {
      "type": "Feature",
      "geometry": {
        "type": "Point",
        "coordinates": [
          2.455588260347917,
          49.03817111148503
        ]
      },
      "properties": {
        "id": "IDFM:38484",
        "name": "Chapellerie",
        "code": "",
        "territories": [
          "TàD Roissy Goussainville"
        ],
        "routes": [
          "TàD"
        ]
      }
    },
    {
      "type": "Feature",
      "geometry": {
        "type": "Point",
        "coordinates": [
          1.9642760943825015,
          48.9517370926657
        ]
      },
      "properties": {
        "id": "IDFM:13540",
        "name": "Charles d'Orléans",
        "code": "",
        "territories": [
          "TàD Sud Meulan - Les Mureaux"
        ],
        "routes": [
          "TàD"
        ]
      }
    },
    {
      "type": "Feature",
      "geometry": {
        "type": "Point",
        "coordinates": [
          1.964399684141483,
          48.95170218751813
        ]
      },
      "properties": {
        "id": "IDFM:13541",
        "name": "Charles d'Orléans",
        "code": "",
        "territories": [
          "TàD Sud Meulan - Les Mureaux"
        ],
        "routes": [
          "TàD"
        ]
      }
    },
    {
      "type": "Feature",
      "geometry": {
        "type": "Point",
        "coordinates": [
          2.4431159079956504,
          48.56624297558397
        ]
      },
      "properties": {
        "id": "IDFM:478729",
        "name": "Charles de Gaulle",
        "code": "",
        "territories": [
          "TàD 4318"
        ],
        "routes": [
          "TàD 4318"
        ]
      }
    },
    {
      "type": "Feature",
      "geometry": {
        "type": "Point",
        "coordinates": [
          2.44331958518321,
          48.56620794614023
        ]
      },
      "properties": {
        "id": "IDFM:478727",
        "name": "Charles de Gaulle",
        "code": "",
        "territories": [
          "TàD 4318"
        ],
        "routes": [
          "TàD 4318"
        ]
      }
    },
    {
      "type": "Feature",
      "geometry": {
        "type": "Point",
        "coordinates": [
          2.3985417986210495,
          48.9744408343568
        ]
      },
      "properties": {
        "id": "IDFM:497094",
        "name": "Charles de Gaulle - Mitterrand",
        "code": "",
        "territories": [
          "TàD Roissy Sarcelles"
        ],
        "routes": [
          "TàD"
        ]
      }
    },
    {
      "type": "Feature",
      "geometry": {
        "type": "Point",
        "coordinates": [
          2.3983186692904956,
          48.974835385038126
        ]
      },
      "properties": {
        "id": "IDFM:423644",
        "name": "Charles de Gaulle - Mitterrand",
        "code": "",
        "territories": [
          "TàD Roissy Sarcelles"
        ],
        "routes": [
          "TàD"
        ]
      }
    },
    {
      "type": "Feature",
      "geometry": {
        "type": "Point",
        "coordinates": [
          2.511276256248699,
          48.99936723955346
        ]
      },
      "properties": {
        "id": "IDFM:14650",
        "name": "Charles de Gaulle / Église",
        "code": "",
        "territories": [
          "TàD Roissy Villiers-le-Bel"
        ],
        "routes": [
          "TàD"
        ]
      }
    },
    {
      "type": "Feature",
      "geometry": {
        "type": "Point",
        "coordinates": [
          2.5113024887891644,
          48.99948424492134
        ]
      },
      "properties": {
        "id": "IDFM:14649",
        "name": "Charles de Gaulle / Église",
        "code": "",
        "territories": [
          "TàD Roissy Villiers-le-Bel"
        ],
        "routes": [
          "TàD"
        ]
      }
    },
    {
      "type": "Feature",
      "geometry": {
        "type": "Point",
        "coordinates": [
          2.0539934815432583,
          49.1736216975076
        ]
      },
      "properties": {
        "id": "IDFM:29527",
        "name": "Chemin de la Mare",
        "code": "",
        "territories": [
          "TàD Vexin Est"
        ],
        "routes": [
          "TàD"
        ]
      }
    },
    {
      "type": "Feature",
      "geometry": {
        "type": "Point",
        "coordinates": [
          2.281511617504202,
          49.01221264586572
        ]
      },
      "properties": {
        "id": "IDFM:13287",
        "name": "Chemin de la Procession Saint Marc",
        "code": "",
        "territories": [
          "TàD Eaubonne Domont"
        ],
        "routes": [
          "TàD"
        ]
      }
    },
    {
      "type": "Feature",
      "geometry": {
        "type": "Point",
        "coordinates": [
          2.476573215327113,
          49.00786238600825
        ]
      },
      "properties": {
        "id": "IDFM:38789",
        "name": "Chemin de Saint-Denis",
        "code": "",
        "territories": [
          "TàD Roissy Goussainville",
          "TàD Roissy Sarcelles"
        ],
        "routes": [
          "TàD",
          "TàD"
        ]
      }
    },
    {
      "type": "Feature",
      "geometry": {
        "type": "Point",
        "coordinates": [
          2.476127060398849,
          49.00737486338287
        ]
      },
      "properties": {
        "id": "IDFM:38099",
        "name": "Chemin de Saint-Denis",
        "code": "",
        "territories": [
          "TàD Roissy Goussainville",
          "TàD Roissy Sarcelles"
        ],
        "routes": [
          "TàD",
          "TàD"
        ]
      }
    },
    {
      "type": "Feature",
      "geometry": {
        "type": "Point",
        "coordinates": [
          2.4408968278199157,
          48.55827137729011
        ]
      },
      "properties": {
        "id": "IDFM:461993",
        "name": "Chemin des Chèvres",
        "code": "",
        "territories": [
          "TàD 4318"
        ],
        "routes": [
          "TàD 4318"
        ]
      }
    },
    {
      "type": "Feature",
      "geometry": {
        "type": "Point",
        "coordinates": [
          2.441140648750392,
          48.55828151879046
        ]
      },
      "properties": {
        "id": "IDFM:461990",
        "name": "Chemin des Chèvres",
        "code": "",
        "territories": [
          "TàD 4318"
        ],
        "routes": [
          "TàD 4318"
        ]
      }
    },
    {
      "type": "Feature",
      "geometry": {
        "type": "Point",
        "coordinates": [
          2.5471064145986473,
          49.101671852799136
        ]
      },
      "properties": {
        "id": "IDFM:38783",
        "name": "Chemin du Gué",
        "code": "",
        "territories": [
          "TàD Roissy Fosses"
        ],
        "routes": [
          "TàD"
        ]
      }
    },
    {
      "type": "Feature",
      "geometry": {
        "type": "Point",
        "coordinates": [
          2.5470799710274856,
          49.10156385776534
        ]
      },
      "properties": {
        "id": "IDFM:38759",
        "name": "Chemin du Gué",
        "code": "",
        "territories": [
          "TàD Roissy Fosses"
        ],
        "routes": [
          "TàD"
        ]
      }
    },
    {
      "type": "Feature",
      "geometry": {
        "type": "Point",
        "coordinates": [
          2.263052182007458,
          48.431407623373154
        ]
      },
      "properties": {
        "id": "IDFM:485626",
        "name": "Chemin Papillon",
        "code": "",
        "territories": [
          "TàD 4344"
        ],
        "routes": [
          "TàD 4344"
        ]
      }
    },
    {
      "type": "Feature",
      "geometry": {
        "type": "Point",
        "coordinates": [
          2.2621202002224443,
          48.43134785036891
        ]
      },
      "properties": {
        "id": "IDFM:485677",
        "name": "Chemin Papillon",
        "code": "",
        "territories": [
          "TàD 4344"
        ],
        "routes": [
          "TàD 4344"
        ]
      }
    },
    {
      "type": "Feature",
      "geometry": {
        "type": "Point",
        "coordinates": [
          2.258315431154412,
          48.614692561953866
        ]
      },
      "properties": {
        "id": "IDFM:3124",
        "name": "Chemin Royal",
        "code": "",
        "territories": [
          "TàD 4591"
        ],
        "routes": [
          "TàD 4591"
        ]
      }
    },
    {
      "type": "Feature",
      "geometry": {
        "type": "Point",
        "coordinates": [
          2.258318998917309,
          48.614440710656794
        ]
      },
      "properties": {
        "id": "IDFM:3123",
        "name": "Chemin Royal",
        "code": "",
        "territories": [
          "TàD 4591"
        ],
        "routes": [
          "TàD 4591"
        ]
      }
    },
    {
      "type": "Feature",
      "geometry": {
        "type": "Point",
        "coordinates": [
          1.9434865572984918,
          48.966178580971345
        ]
      },
      "properties": {
        "id": "IDFM:13613",
        "name": "Chemin Vert",
        "code": "",
        "territories": [
          "TàD Sud Meulan - Les Mureaux"
        ],
        "routes": [
          "TàD"
        ]
      }
    },
    {
      "type": "Feature",
      "geometry": {
        "type": "Point",
        "coordinates": [
          2.63750250407502,
          48.975023351511524
        ]
      },
      "properties": {
        "id": "IDFM:40133",
        "name": "Cheminots",
        "code": "",
        "territories": [
          "TàD Roissy Sud"
        ],
        "routes": [
          "TàD"
        ]
      }
    },
    {
      "type": "Feature",
      "geometry": {
        "type": "Point",
        "coordinates": [
          2.637301273628029,
          48.97498677390675
        ]
      },
      "properties": {
        "id": "IDFM:39084",
        "name": "Cheminots",
        "code": "",
        "territories": [
          "TàD Roissy Sud"
        ],
        "routes": [
          "TàD"
        ]
      }
    },
    {
      "type": "Feature",
      "geometry": {
        "type": "Point",
        "coordinates": [
          2.1694508064773674,
          49.15614050978752
        ]
      },
      "properties": {
        "id": "IDFM:29710",
        "name": "Chennevières",
        "code": "",
        "territories": [
          "TàD Vexin Est"
        ],
        "routes": [
          "TàD"
        ]
      }
    },
    {
      "type": "Feature",
      "geometry": {
        "type": "Point",
        "coordinates": [
          2.4377873271923725,
          48.551267021706224
        ]
      },
      "properties": {
        "id": "IDFM:426721",
        "name": "Chevannes - Seigneurie",
        "code": "",
        "territories": [
          "TàD 4308",
          "TàD 4318"
        ],
        "routes": [
          "TàD 4308",
          "TàD 4318"
        ]
      }
    },
    {
      "type": "Feature",
      "geometry": {
        "type": "Point",
        "coordinates": [
          2.4378644292352822,
          48.55039479543671
        ]
      },
      "properties": {
        "id": "IDFM:426722",
        "name": "Chevannes - Seigneurie",
        "code": "",
        "territories": [
          "TàD 4308",
          "TàD 4318"
        ],
        "routes": [
          "TàD 4308",
          "TàD 4318"
        ]
      }
    },
    {
      "type": "Feature",
      "geometry": {
        "type": "Point",
        "coordinates": [
          2.691649720606064,
          49.05638108115423
        ]
      },
      "properties": {
        "id": "IDFM:38240",
        "name": "Châtaigniers",
        "code": "",
        "territories": [
          "TàD Goêle",
          "TàD Roissy Othis"
        ],
        "routes": [
          "TàD",
          "TàD"
        ]
      }
    },
    {
      "type": "Feature",
      "geometry": {
        "type": "Point",
        "coordinates": [
          2.370232421179145,
          48.4335723400773
        ]
      },
      "properties": {
        "id": "IDFM:463451",
        "name": "Château",
        "code": "",
        "territories": [
          "TàD 4305",
          "TàD 4344"
        ],
        "routes": [
          "TàD 4305",
          "TàD 4344"
        ]
      }
    },
    {
      "type": "Feature",
      "geometry": {
        "type": "Point",
        "coordinates": [
          2.3703417564798976,
          48.43347395698101
        ]
      },
      "properties": {
        "id": "IDFM:463455",
        "name": "Château",
        "code": "",
        "territories": [
          "TàD 4305",
          "TàD 4344"
        ],
        "routes": [
          "TàD 4305",
          "TàD 4344"
        ]
      }
    },
    {
      "type": "Feature",
      "geometry": {
        "type": "Point",
        "coordinates": [
          2.4081919253879955,
          48.57309999169109
        ]
      },
      "properties": {
        "id": "IDFM:422721",
        "name": "Château",
        "code": "",
        "territories": [
          "TàD 4308",
          "TàD 4318"
        ],
        "routes": [
          "TàD 4308",
          "TàD 4318"
        ]
      }
    },
    {
      "type": "Feature",
      "geometry": {
        "type": "Point",
        "coordinates": [
          2.132360801338354,
          49.10183135968969
        ]
      },
      "properties": {
        "id": "IDFM:422979",
        "name": "Château",
        "code": "",
        "territories": [
          "TàD Vexin Est"
        ],
        "routes": [
          "TàD"
        ]
      }
    },
    {
      "type": "Feature",
      "geometry": {
        "type": "Point",
        "coordinates": [
          1.893474818720281,
          49.006277070891365
        ]
      },
      "properties": {
        "id": "IDFM:32606",
        "name": "Château",
        "code": "",
        "territories": [
          "TàD Nord Meulan - Les Mureaux"
        ],
        "routes": [
          "TàD"
        ]
      }
    },
    {
      "type": "Feature",
      "geometry": {
        "type": "Point",
        "coordinates": [
          1.8935433441272764,
          49.006268709804935
        ]
      },
      "properties": {
        "id": "IDFM:32605",
        "name": "Château",
        "code": "",
        "territories": [
          "TàD Nord Meulan - Les Mureaux"
        ],
        "routes": [
          "TàD"
        ]
      }
    },
    {
      "type": "Feature",
      "geometry": {
        "type": "Point",
        "coordinates": [
          2.4937945792632417,
          48.5057384642491
        ]
      },
      "properties": {
        "id": "IDFM:10270",
        "name": "Château",
        "code": "",
        "territories": [
          "TàD 4308"
        ],
        "routes": [
          "TàD 4308"
        ]
      }
    },
    {
      "type": "Feature",
      "geometry": {
        "type": "Point",
        "coordinates": [
          2.4939170234800776,
          48.50567601337412
        ]
      },
      "properties": {
        "id": "IDFM:10269",
        "name": "Château",
        "code": "",
        "territories": [
          "TàD 4308"
        ],
        "routes": [
          "TàD 4308"
        ]
      }
    },
    {
      "type": "Feature",
      "geometry": {
        "type": "Point",
        "coordinates": [
          2.2087111622193625,
          48.68593965903063
        ]
      },
      "properties": {
        "id": "IDFM:11282",
        "name": "Château d'Eau",
        "code": "",
        "territories": [
          "TàD Courtaboeuf"
        ],
        "routes": [
          "TàD"
        ]
      }
    },
    {
      "type": "Feature",
      "geometry": {
        "type": "Point",
        "coordinates": [
          2.209041524855309,
          48.685654010602455
        ]
      },
      "properties": {
        "id": "IDFM:11281",
        "name": "Château d'Eau",
        "code": "",
        "territories": [
          "TàD Courtaboeuf"
        ],
        "routes": [
          "TàD"
        ]
      }
    },
    {
      "type": "Feature",
      "geometry": {
        "type": "Point",
        "coordinates": [
          2.2632221456126413,
          48.62657000578941
        ]
      },
      "properties": {
        "id": "IDFM:39853",
        "name": "Château d'Eau",
        "code": "",
        "territories": [
          "TàD 4591"
        ],
        "routes": [
          "TàD 4591"
        ]
      }
    },
    {
      "type": "Feature",
      "geometry": {
        "type": "Point",
        "coordinates": [
          2.3020986041911535,
          48.519718850225786
        ]
      },
      "properties": {
        "id": "IDFM:11718",
        "name": "Château de Frémigny",
        "code": "",
        "territories": [
          "TàD 4306"
        ],
        "routes": [
          "TàD 4306"
        ]
      }
    },
    {
      "type": "Feature",
      "geometry": {
        "type": "Point",
        "coordinates": [
          2.3025401622061894,
          48.5191007091716
        ]
      },
      "properties": {
        "id": "IDFM:11719",
        "name": "Château de Frémigny",
        "code": "",
        "territories": [
          "TàD 4306"
        ],
        "routes": [
          "TàD 4306"
        ]
      }
    },
    {
      "type": "Feature",
      "geometry": {
        "type": "Point",
        "coordinates": [
          2.2952551336592206,
          49.022931925143816
        ]
      },
      "properties": {
        "id": "IDFM:13285",
        "name": "Château de la Chasse",
        "code": "",
        "territories": [
          "TàD Eaubonne Domont"
        ],
        "routes": [
          "TàD"
        ]
      }
    },
    {
      "type": "Feature",
      "geometry": {
        "type": "Point",
        "coordinates": [
          2.2956743301588594,
          49.02327608779634
        ]
      },
      "properties": {
        "id": "IDFM:13286",
        "name": "Château de la Chasse",
        "code": "",
        "territories": [
          "TàD Eaubonne Domont"
        ],
        "routes": [
          "TàD"
        ]
      }
    },
    {
      "type": "Feature",
      "geometry": {
        "type": "Point",
        "coordinates": [
          2.320893802610985,
          48.34509347095405
        ]
      },
      "properties": {
        "id": "IDFM:485672",
        "name": "Château Gaillard",
        "code": "",
        "territories": [
          "TàD 4342"
        ],
        "routes": [
          "TàD 4342"
        ]
      }
    },
    {
      "type": "Feature",
      "geometry": {
        "type": "Point",
        "coordinates": [
          2.3208793781212496,
          48.34516536675567
        ]
      },
      "properties": {
        "id": "IDFM:485674",
        "name": "Château Gaillard",
        "code": "",
        "territories": [
          "TàD 4342"
        ],
        "routes": [
          "TàD 4342"
        ]
      }
    },
    {
      "type": "Feature",
      "geometry": {
        "type": "Point",
        "coordinates": [
          2.5922502844923967,
          48.964554790074814
        ]
      },
      "properties": {
        "id": "IDFM:426270",
        "name": "Châteaubriant",
        "code": "",
        "territories": [
          "TàD Roissy Sud"
        ],
        "routes": [
          "TàD"
        ]
      }
    },
    {
      "type": "Feature",
      "geometry": {
        "type": "Point",
        "coordinates": [
          2.452262017907947,
          48.99047081624333
        ]
      },
      "properties": {
        "id": "IDFM:14578",
        "name": "Cimetière",
        "code": "",
        "territories": [
          "TàD Roissy Sarcelles"
        ],
        "routes": [
          "TàD"
        ]
      }
    },
    {
      "type": "Feature",
      "geometry": {
        "type": "Point",
        "coordinates": [
          2.451980866274271,
          48.98992100104106
        ]
      },
      "properties": {
        "id": "IDFM:37977",
        "name": "Cimetière",
        "code": "",
        "territories": [
          "TàD Roissy Sarcelles"
        ],
        "routes": [
          "TàD"
        ]
      }
    },
    {
      "type": "Feature",
      "geometry": {
        "type": "Point",
        "coordinates": [
          2.5008432506113483,
          49.08669789545123
        ]
      },
      "properties": {
        "id": "IDFM:38195",
        "name": "Cimetière",
        "code": "",
        "territories": [
          "TàD Roissy Fosses"
        ],
        "routes": [
          "TàD"
        ]
      }
    },
    {
      "type": "Feature",
      "geometry": {
        "type": "Point",
        "coordinates": [
          2.5529604656064837,
          48.98492637716718
        ]
      },
      "properties": {
        "id": "IDFM:40677",
        "name": "Cimetière",
        "code": "",
        "territories": [
          "TàD Roissy Sud"
        ],
        "routes": [
          "TàD"
        ]
      }
    },
    {
      "type": "Feature",
      "geometry": {
        "type": "Point",
        "coordinates": [
          2.5247241858756477,
          48.93960354879296
        ]
      },
      "properties": {
        "id": "IDFM:18895",
        "name": "Cimetière",
        "code": "",
        "territories": [
          "TàD Roissy Sud"
        ],
        "routes": [
          "TàD"
        ]
      }
    },
    {
      "type": "Feature",
      "geometry": {
        "type": "Point",
        "coordinates": [
          2.179608678904626,
          48.795225445106475
        ]
      },
      "properties": {
        "id": "IDFM:12744",
        "name": "Cimetière",
        "code": "",
        "territories": [
          "TàD 6131"
        ],
        "routes": [
          "TàD 6131"
        ]
      }
    },
    {
      "type": "Feature",
      "geometry": {
        "type": "Point",
        "coordinates": [
          2.1805500318766406,
          48.79509699049427
        ]
      },
      "properties": {
        "id": "IDFM:12745",
        "name": "Cimetière",
        "code": "",
        "territories": [
          "TàD 6131"
        ],
        "routes": [
          "TàD 6131"
        ]
      }
    },
    {
      "type": "Feature",
      "geometry": {
        "type": "Point",
        "coordinates": [
          2.4532271606926743,
          48.40122679703732
        ]
      },
      "properties": {
        "id": "IDFM:12915",
        "name": "Cimetière",
        "code": "",
        "territories": [
          "TàD 4342"
        ],
        "routes": [
          "TàD 4342"
        ]
      }
    },
    {
      "type": "Feature",
      "geometry": {
        "type": "Point",
        "coordinates": [
          2.372885686897327,
          48.43894839364154
        ]
      },
      "properties": {
        "id": "IDFM:12911",
        "name": "Cimetière",
        "code": "",
        "territories": [
          "TàD 4305"
        ],
        "routes": [
          "TàD 4305"
        ]
      }
    },
    {
      "type": "Feature",
      "geometry": {
        "type": "Point",
        "coordinates": [
          2.372806069949326,
          48.43882202008137
        ]
      },
      "properties": {
        "id": "IDFM:12906",
        "name": "Cimetière",
        "code": "",
        "territories": [
          "TàD 4305"
        ],
        "routes": [
          "TàD 4305"
        ]
      }
    },
    {
      "type": "Feature",
      "geometry": {
        "type": "Point",
        "coordinates": [
          2.524136891672894,
          48.93963718940158
        ]
      },
      "properties": {
        "id": "IDFM:19348",
        "name": "Cimetière",
        "code": "",
        "territories": [
          "TàD Roissy Sud"
        ],
        "routes": [
          "TàD"
        ]
      }
    },
    {
      "type": "Feature",
      "geometry": {
        "type": "Point",
        "coordinates": [
          2.5412116794511785,
          48.96622284117892
        ]
      },
      "properties": {
        "id": "IDFM:38165",
        "name": "Cimetière de Villepinte",
        "code": "",
        "territories": [
          "TàD Roissy Sud"
        ],
        "routes": [
          "TàD"
        ]
      }
    },
    {
      "type": "Feature",
      "geometry": {
        "type": "Point",
        "coordinates": [
          2.5413055355546663,
          48.96642103420186
        ]
      },
      "properties": {
        "id": "IDFM:40455",
        "name": "Cimetière de Villepinte",
        "code": "",
        "territories": [
          "TàD Roissy Sud"
        ],
        "routes": [
          "TàD"
        ]
      }
    },
    {
      "type": "Feature",
      "geometry": {
        "type": "Point",
        "coordinates": [
          2.4488803296661885,
          48.56327426017702
        ]
      },
      "properties": {
        "id": "IDFM:427090",
        "name": "Cinéma",
        "code": "",
        "territories": [
          "TàD 4318"
        ],
        "routes": [
          "TàD 4318"
        ]
      }
    },
    {
      "type": "Feature",
      "geometry": {
        "type": "Point",
        "coordinates": [
          2.448758075690682,
          48.563300680792736
        ]
      },
      "properties": {
        "id": "IDFM:462594",
        "name": "Cinéma",
        "code": "",
        "territories": [
          "TàD 4318"
        ],
        "routes": [
          "TàD 4318"
        ]
      }
    },
    {
      "type": "Feature",
      "geometry": {
        "type": "Point",
        "coordinates": [
          2.729081638524046,
          48.73930925755127
        ]
      },
      "properties": {
        "id": "IDFM:495841",
        "name": "Cité des Troènes",
        "code": "",
        "territories": [
          "TàD Gretz-Tournan"
        ],
        "routes": [
          "TàD"
        ]
      }
    },
    {
      "type": "Feature",
      "geometry": {
        "type": "Point",
        "coordinates": [
          2.7294107437924873,
          48.73877934648212
        ]
      },
      "properties": {
        "id": "IDFM:16295",
        "name": "Cité des Troènes",
        "code": "",
        "territories": [
          "TàD Gretz-Tournan"
        ],
        "routes": [
          "TàD"
        ]
      }
    },
    {
      "type": "Feature",
      "geometry": {
        "type": "Point",
        "coordinates": [
          2.504852029778885,
          49.09123716087539
        ]
      },
      "properties": {
        "id": "IDFM:38196",
        "name": "Cité Jardins",
        "code": "",
        "territories": [
          "TàD Roissy Fosses"
        ],
        "routes": [
          "TàD"
        ]
      }
    },
    {
      "type": "Feature",
      "geometry": {
        "type": "Point",
        "coordinates": [
          2.5447562510758472,
          48.968520429438165
        ]
      },
      "properties": {
        "id": "IDFM:40706",
        "name": "Claude Nicolas Ledoux",
        "code": "",
        "territories": [
          "TàD Roissy Sud"
        ],
        "routes": [
          "TàD"
        ]
      }
    },
    {
      "type": "Feature",
      "geometry": {
        "type": "Point",
        "coordinates": [
          2.546307722363701,
          48.969254695331834
        ]
      },
      "properties": {
        "id": "IDFM:38164",
        "name": "Claude Nicolas Ledoux",
        "code": "",
        "territories": [
          "TàD Roissy Sud"
        ],
        "routes": [
          "TàD"
        ]
      }
    },
    {
      "type": "Feature",
      "geometry": {
        "type": "Point",
        "coordinates": [
          2.3491916942554414,
          48.460115712243024
        ]
      },
      "properties": {
        "id": "IDFM:37110",
        "name": "Clercy",
        "code": "",
        "territories": [
          "TàD 4305",
          "TàD 4344"
        ],
        "routes": [
          "TàD 4305",
          "TàD 4344"
        ]
      }
    },
    {
      "type": "Feature",
      "geometry": {
        "type": "Point",
        "coordinates": [
          2.349051421721829,
          48.46051978574802
        ]
      },
      "properties": {
        "id": "IDFM:12907",
        "name": "Clercy",
        "code": "",
        "territories": [
          "TàD 4305",
          "TàD 4344"
        ],
        "routes": [
          "TàD 4305",
          "TàD 4344"
        ]
      }
    },
    {
      "type": "Feature",
      "geometry": {
        "type": "Point",
        "coordinates": [
          2.629654768923565,
          48.884433824415794
        ]
      },
      "properties": {
        "id": "IDFM:16702",
        "name": "Clinique",
        "code": "",
        "territories": [
          "TàD Bassin Chellois",
          "TàD Desserte Hôpital",
          "TàD Dimanche"
        ],
        "routes": [
          "TàD",
          "TàD",
          "TàD"
        ]
      }
    },
    {
      "type": "Feature",
      "geometry": {
        "type": "Point",
        "coordinates": [
          2.628499559298588,
          48.8838906605453
        ]
      },
      "properties": {
        "id": "IDFM:16701",
        "name": "Clinique",
        "code": "",
        "territories": [
          "TàD Bassin Chellois",
          "TàD Desserte Hôpital",
          "TàD Dimanche"
        ],
        "routes": [
          "TàD",
          "TàD",
          "TàD"
        ]
      }
    },
    {
      "type": "Feature",
      "geometry": {
        "type": "Point",
        "coordinates": [
          2.3259250008240735,
          49.025045839206946
        ]
      },
      "properties": {
        "id": "IDFM:14231",
        "name": "Clinique",
        "code": "",
        "territories": [
          "TàD Eaubonne Domont"
        ],
        "routes": [
          "TàD"
        ]
      }
    },
    {
      "type": "Feature",
      "geometry": {
        "type": "Point",
        "coordinates": [
          2.325925092576681,
          49.02493343806646
        ]
      },
      "properties": {
        "id": "IDFM:14230",
        "name": "Clinique",
        "code": "",
        "territories": [
          "TàD Eaubonne Domont"
        ],
        "routes": [
          "TàD"
        ]
      }
    },
    {
      "type": "Feature",
      "geometry": {
        "type": "Point",
        "coordinates": [
          3.3152415850522745,
          48.56235203678966
        ]
      },
      "properties": {
        "id": "IDFM:10019",
        "name": "Clinique - Patton",
        "code": "",
        "territories": [
          "TàD 3209"
        ],
        "routes": [
          "TàD 3209"
        ]
      }
    },
    {
      "type": "Feature",
      "geometry": {
        "type": "Point",
        "coordinates": [
          1.947398118557638,
          48.9706465688058
        ]
      },
      "properties": {
        "id": "IDFM:13610",
        "name": "Clinique de Bazincourt",
        "code": "",
        "territories": [
          "TàD Sud Meulan - Les Mureaux"
        ],
        "routes": [
          "TàD"
        ]
      }
    },
    {
      "type": "Feature",
      "geometry": {
        "type": "Point",
        "coordinates": [
          1.9465668310121365,
          48.97054933935294
        ]
      },
      "properties": {
        "id": "IDFM:13611",
        "name": "Clinique de Bazincourt",
        "code": "",
        "territories": [
          "TàD Sud Meulan - Les Mureaux"
        ],
        "routes": [
          "TàD"
        ]
      }
    },
    {
      "type": "Feature",
      "geometry": {
        "type": "Point",
        "coordinates": [
          2.285867015778302,
          49.01459461150872
        ]
      },
      "properties": {
        "id": "IDFM:13288",
        "name": "Clos des Bottes",
        "code": "",
        "territories": [
          "TàD Eaubonne Domont"
        ],
        "routes": [
          "TàD"
        ]
      }
    },
    {
      "type": "Feature",
      "geometry": {
        "type": "Point",
        "coordinates": [
          2.4372348614455177,
          48.57369967606572
        ]
      },
      "properties": {
        "id": "IDFM:10424",
        "name": "Clos Manoir",
        "code": "",
        "territories": [
          "TàD 4318"
        ],
        "routes": [
          "TàD 4318"
        ]
      }
    },
    {
      "type": "Feature",
      "geometry": {
        "type": "Point",
        "coordinates": [
          2.4380850595061156,
          48.57405452304119
        ]
      },
      "properties": {
        "id": "IDFM:10419",
        "name": "Clos Manoir",
        "code": "",
        "territories": [
          "TàD 4318"
        ],
        "routes": [
          "TàD 4318"
        ]
      }
    },
    {
      "type": "Feature",
      "geometry": {
        "type": "Point",
        "coordinates": [
          1.9364529394166852,
          48.96814885157316
        ]
      },
      "properties": {
        "id": "IDFM:13614",
        "name": "Clos Saint-Denis",
        "code": "",
        "territories": [
          "TàD Sud Meulan - Les Mureaux"
        ],
        "routes": [
          "TàD"
        ]
      }
    },
    {
      "type": "Feature",
      "geometry": {
        "type": "Point",
        "coordinates": [
          2.281389852228512,
          48.6514180078262
        ]
      },
      "properties": {
        "id": "IDFM:3171",
        "name": "Clos Thiéry",
        "code": "",
        "territories": [
          "TàD 4595"
        ],
        "routes": [
          "TàD 4595"
        ]
      }
    },
    {
      "type": "Feature",
      "geometry": {
        "type": "Point",
        "coordinates": [
          2.282230505070877,
          48.65149503553376
        ]
      },
      "properties": {
        "id": "IDFM:10172",
        "name": "Clos Thiéry",
        "code": "",
        "territories": [
          "TàD 4595"
        ],
        "routes": [
          "TàD 4595"
        ]
      }
    },
    {
      "type": "Feature",
      "geometry": {
        "type": "Point",
        "coordinates": [
          2.69477068163941,
          49.06308777161968
        ]
      },
      "properties": {
        "id": "IDFM:487391",
        "name": "Clément Ader",
        "code": "",
        "territories": [
          "TàD Goêle"
        ],
        "routes": [
          "TàD"
        ]
      }
    },
    {
      "type": "Feature",
      "geometry": {
        "type": "Point",
        "coordinates": [
          2.4245132095743878,
          49.10736968387655
        ]
      },
      "properties": {
        "id": "IDFM:419616",
        "name": "Collège A. de Noailles - Lycée G. de Nerval",
        "code": "",
        "territories": [
          "TàD Luzarches - Goussainville"
        ],
        "routes": [
          "TàD"
        ]
      }
    },
    {
      "type": "Feature",
      "geometry": {
        "type": "Point",
        "coordinates": [
          2.031231615402176,
          48.91038818151684
        ]
      },
      "properties": {
        "id": "IDFM:13765",
        "name": "Collège André Derain",
        "code": "",
        "territories": [
          "TàD Aigremont - Chambourcy"
        ],
        "routes": [
          "TàD"
        ]
      }
    },
    {
      "type": "Feature",
      "geometry": {
        "type": "Point",
        "coordinates": [
          2.2701533632658872,
          49.00722532392397
        ]
      },
      "properties": {
        "id": "IDFM:13295",
        "name": "Collège Augustin Bosc",
        "code": "",
        "territories": [
          "TàD Eaubonne Domont"
        ],
        "routes": [
          "TàD"
        ]
      }
    },
    {
      "type": "Feature",
      "geometry": {
        "type": "Point",
        "coordinates": [
          2.2701148867298953,
          49.00704524311597
        ]
      },
      "properties": {
        "id": "IDFM:13294",
        "name": "Collège Augustin Bosc",
        "code": "",
        "territories": [
          "TàD Eaubonne Domont"
        ],
        "routes": [
          "TàD"
        ]
      }
    },
    {
      "type": "Feature",
      "geometry": {
        "type": "Point",
        "coordinates": [
          2.3272635553835657,
          48.66086979795824
        ]
      },
      "properties": {
        "id": "IDFM:10436",
        "name": "Collège Blaise Pascal",
        "code": "",
        "territories": [
          "TàD 4592"
        ],
        "routes": [
          "TàD 4592"
        ]
      }
    },
    {
      "type": "Feature",
      "geometry": {
        "type": "Point",
        "coordinates": [
          2.6810210077040715,
          49.062773321014255
        ]
      },
      "properties": {
        "id": "IDFM:38242",
        "name": "Collège de l'Europe",
        "code": "",
        "territories": [
          "TàD Goêle"
        ],
        "routes": [
          "TàD"
        ]
      }
    },
    {
      "type": "Feature",
      "geometry": {
        "type": "Point",
        "coordinates": [
          2.598593234999933,
          48.88948675094917
        ]
      },
      "properties": {
        "id": "IDFM:16672",
        "name": "Collège de l'Europe",
        "code": "",
        "territories": [
          "TàD Bassin Chellois",
          "TàD Desserte Hôpital",
          "TàD Dimanche"
        ],
        "routes": [
          "TàD",
          "TàD",
          "TàD"
        ]
      }
    },
    {
      "type": "Feature",
      "geometry": {
        "type": "Point",
        "coordinates": [
          2.5985671390470295,
          48.88933378148067
        ]
      },
      "properties": {
        "id": "IDFM:16671",
        "name": "Collège de l'Europe",
        "code": "",
        "territories": [
          "TàD Bassin Chellois",
          "TàD Desserte Hôpital",
          "TàD Dimanche"
        ],
        "routes": [
          "TàD",
          "TàD",
          "TàD"
        ]
      }
    },
    {
      "type": "Feature",
      "geometry": {
        "type": "Point",
        "coordinates": [
          2.681178462270877,
          49.06387070763337
        ]
      },
      "properties": {
        "id": "IDFM:423624",
        "name": "Collège de l'Europe",
        "code": "",
        "territories": [
          "TàD Goêle",
          "TàD Roissy Othis"
        ],
        "routes": [
          "TàD",
          "TàD"
        ]
      }
    },
    {
      "type": "Feature",
      "geometry": {
        "type": "Point",
        "coordinates": [
          2.3524226246003703,
          48.52498749868368
        ]
      },
      "properties": {
        "id": "IDFM:11734",
        "name": "Collège Doisneau",
        "code": "",
        "territories": [
          "TàD 4301/4530"
        ],
        "routes": [
          "TàD 4301"
        ]
      }
    },
    {
      "type": "Feature",
      "geometry": {
        "type": "Point",
        "coordinates": [
          2.5197829854092357,
          48.945474052410034
        ]
      },
      "properties": {
        "id": "IDFM:18915",
        "name": "Collège Evariste Galois",
        "code": "",
        "territories": [
          "TàD Roissy Sud"
        ],
        "routes": [
          "TàD"
        ]
      }
    },
    {
      "type": "Feature",
      "geometry": {
        "type": "Point",
        "coordinates": [
          2.5194419374639536,
          48.9454457077848
        ]
      },
      "properties": {
        "id": "IDFM:19335",
        "name": "Collège Evariste Galois",
        "code": "",
        "territories": [
          "TàD Roissy Sud"
        ],
        "routes": [
          "TàD"
        ]
      }
    },
    {
      "type": "Feature",
      "geometry": {
        "type": "Point",
        "coordinates": [
          2.506217660024381,
          49.085847919479825
        ]
      },
      "properties": {
        "id": "IDFM:414477",
        "name": "Collège Françoise Dolto",
        "code": "",
        "territories": [
          "TàD Roissy Fosses"
        ],
        "routes": [
          "TàD"
        ]
      }
    },
    {
      "type": "Feature",
      "geometry": {
        "type": "Point",
        "coordinates": [
          2.7035711656215224,
          49.038751438520556
        ]
      },
      "properties": {
        "id": "IDFM:40306",
        "name": "Collège Georges Brassens",
        "code": "",
        "territories": [
          "TàD Goêle"
        ],
        "routes": [
          "TàD"
        ]
      }
    },
    {
      "type": "Feature",
      "geometry": {
        "type": "Point",
        "coordinates": [
          2.623195132184258,
          48.94042116754075
        ]
      },
      "properties": {
        "id": "IDFM:495030",
        "name": "Collège Gérard Philipe",
        "code": "",
        "territories": [
          "TàD Roissy Sud"
        ],
        "routes": [
          "TàD"
        ]
      }
    },
    {
      "type": "Feature",
      "geometry": {
        "type": "Point",
        "coordinates": [
          2.2995199367991805,
          48.63473186572999
        ]
      },
      "properties": {
        "id": "IDFM:479786",
        "name": "Collège Jean Moulin",
        "code": "",
        "territories": [
          "TàD 4595"
        ],
        "routes": [
          "TàD 4595"
        ]
      }
    },
    {
      "type": "Feature",
      "geometry": {
        "type": "Point",
        "coordinates": [
          2.3546483993537533,
          48.47727471662614
        ]
      },
      "properties": {
        "id": "IDFM:485609",
        "name": "Collège L. de Vincy",
        "code": "",
        "territories": [
          "TàD 4344"
        ],
        "routes": [
          "TàD 4344"
        ]
      }
    },
    {
      "type": "Feature",
      "geometry": {
        "type": "Point",
        "coordinates": [
          3.128571505597882,
          48.93816576813328
        ]
      },
      "properties": {
        "id": "IDFM:479591",
        "name": "Collège les Glacis",
        "code": "",
        "territories": [
          "TàD 2429"
        ],
        "routes": [
          "TàD 2429"
        ]
      }
    },
    {
      "type": "Feature",
      "geometry": {
        "type": "Point",
        "coordinates": [
          3.1294290520498205,
          48.93719364925159
        ]
      },
      "properties": {
        "id": "IDFM:10662",
        "name": "Collège les Glacis",
        "code": "",
        "territories": [
          "TàD 2429"
        ],
        "routes": [
          "TàD 2429"
        ]
      }
    },
    {
      "type": "Feature",
      "geometry": {
        "type": "Point",
        "coordinates": [
          2.603653675050506,
          48.91087089634764
        ]
      },
      "properties": {
        "id": "IDFM:477081",
        "name": "Collège Maria Callas",
        "code": "",
        "territories": [
          "TàD Bassin Chellois",
          "TàD Desserte Hôpital",
          "TàD Dimanche"
        ],
        "routes": [
          "TàD",
          "TàD",
          "TàD"
        ]
      }
    },
    {
      "type": "Feature",
      "geometry": {
        "type": "Point",
        "coordinates": [
          2.603397680741016,
          48.9104473837193
        ]
      },
      "properties": {
        "id": "IDFM:16670",
        "name": "Collège Maria Callas",
        "code": "",
        "territories": [
          "TàD Bassin Chellois",
          "TàD Desserte Hôpital",
          "TàD Dimanche"
        ],
        "routes": [
          "TàD",
          "TàD",
          "TàD"
        ]
      }
    },
    {
      "type": "Feature",
      "geometry": {
        "type": "Point",
        "coordinates": [
          2.447091020212017,
          48.51834070625174
        ]
      },
      "properties": {
        "id": "IDFM:426745",
        "name": "Collège Olympe de Gouges",
        "code": "",
        "territories": [
          "TàD 4308",
          "TàD 4318"
        ],
        "routes": [
          "TàD 4308",
          "TàD 4318"
        ]
      }
    },
    {
      "type": "Feature",
      "geometry": {
        "type": "Point",
        "coordinates": [
          2.278328521033878,
          48.639112020304
        ]
      },
      "properties": {
        "id": "IDFM:483596",
        "name": "Collège Paul Fort",
        "code": "",
        "territories": [
          "TàD 4591"
        ],
        "routes": [
          "TàD 4591"
        ]
      }
    },
    {
      "type": "Feature",
      "geometry": {
        "type": "Point",
        "coordinates": [
          2.5433685320446173,
          49.10162175243808
        ]
      },
      "properties": {
        "id": "IDFM:38498",
        "name": "Colombier",
        "code": "",
        "territories": [
          "TàD Roissy Fosses"
        ],
        "routes": [
          "TàD"
        ]
      }
    },
    {
      "type": "Feature",
      "geometry": {
        "type": "Point",
        "coordinates": [
          2.5432599383096273,
          49.10151344456402
        ]
      },
      "properties": {
        "id": "IDFM:38499",
        "name": "Colombier",
        "code": "",
        "territories": [
          "TàD Roissy Fosses"
        ],
        "routes": [
          "TàD"
        ]
      }
    },
    {
      "type": "Feature",
      "geometry": {
        "type": "Point",
        "coordinates": [
          3.1251159463641702,
          48.94298942114113
        ]
      },
      "properties": {
        "id": "IDFM:11168",
        "name": "Colverts",
        "code": "",
        "territories": [
          "TàD 2429"
        ],
        "routes": [
          "TàD 2429"
        ]
      }
    },
    {
      "type": "Feature",
      "geometry": {
        "type": "Point",
        "coordinates": [
          3.124679530376277,
          48.94316972603538
        ]
      },
      "properties": {
        "id": "IDFM:477988",
        "name": "Colverts",
        "code": "",
        "territories": [
          "TàD 2429"
        ],
        "routes": [
          "TàD 2429"
        ]
      }
    },
    {
      "type": "Feature",
      "geometry": {
        "type": "Point",
        "coordinates": [
          2.031258477645852,
          48.908211982635116
        ]
      },
      "properties": {
        "id": "IDFM:34559",
        "name": "Complexe Sportif",
        "code": "",
        "territories": [
          "TàD Aigremont - Chambourcy"
        ],
        "routes": [
          "TàD"
        ]
      }
    },
    {
      "type": "Feature",
      "geometry": {
        "type": "Point",
        "coordinates": [
          2.197647833428717,
          48.79603146875824
        ]
      },
      "properties": {
        "id": "IDFM:12755",
        "name": "Concorde",
        "code": "",
        "territories": [
          "TàD 6131"
        ],
        "routes": [
          "TàD 6131"
        ]
      }
    },
    {
      "type": "Feature",
      "geometry": {
        "type": "Point",
        "coordinates": [
          2.667268354394556,
          49.05227879107773
        ]
      },
      "properties": {
        "id": "IDFM:38271",
        "name": "Condé",
        "code": "",
        "territories": [
          "TàD Goêle"
        ],
        "routes": [
          "TàD"
        ]
      }
    },
    {
      "type": "Feature",
      "geometry": {
        "type": "Point",
        "coordinates": [
          2.0287710006916257,
          49.18039805435048
        ]
      },
      "properties": {
        "id": "IDFM:29530",
        "name": "Connebot",
        "code": "",
        "territories": [
          "TàD Vexin Est"
        ],
        "routes": [
          "TàD"
        ]
      }
    },
    {
      "type": "Feature",
      "geometry": {
        "type": "Point",
        "coordinates": [
          2.516103977456169,
          49.00780346156812
        ]
      },
      "properties": {
        "id": "IDFM:497135",
        "name": "Convention",
        "code": "",
        "territories": [
          "TàD Roissy Goussainville",
          "TàD Roissy Sarcelles",
          "TàD Roissy Villiers-le-Bel"
        ],
        "routes": [
          "TàD",
          "TàD",
          "TàD"
        ]
      }
    },
    {
      "type": "Feature",
      "geometry": {
        "type": "Point",
        "coordinates": [
          2.5162539096865983,
          49.00784902653169
        ]
      },
      "properties": {
        "id": "IDFM:38064",
        "name": "Convention",
        "code": "",
        "territories": [
          "TàD Roissy Goussainville",
          "TàD Roissy Sarcelles",
          "TàD Roissy Villiers-le-Bel"
        ],
        "routes": [
          "TàD",
          "TàD",
          "TàD"
        ]
      }
    },
    {
      "type": "Feature",
      "geometry": {
        "type": "Point",
        "coordinates": [
          2.500322409343798,
          49.052662531723975
        ]
      },
      "properties": {
        "id": "IDFM:419761",
        "name": "Copenhague",
        "code": "",
        "territories": [
          "TàD Roissy Fosses"
        ],
        "routes": [
          "TàD"
        ]
      }
    },
    {
      "type": "Feature",
      "geometry": {
        "type": "Point",
        "coordinates": [
          2.353333433287309,
          48.57084443213076
        ]
      },
      "properties": {
        "id": "IDFM:411531",
        "name": "Coquelicots",
        "code": "",
        "territories": [
          "TàD 4301/4530"
        ],
        "routes": [
          "TàD 4301"
        ]
      }
    },
    {
      "type": "Feature",
      "geometry": {
        "type": "Point",
        "coordinates": [
          2.220627638550088,
          48.68760125118337
        ]
      },
      "properties": {
        "id": "IDFM:485335",
        "name": "Costco",
        "code": "",
        "territories": [
          "TàD Courtaboeuf"
        ],
        "routes": [
          "TàD"
        ]
      }
    },
    {
      "type": "Feature",
      "geometry": {
        "type": "Point",
        "coordinates": [
          2.5689403483439226,
          48.96582213611195
        ]
      },
      "properties": {
        "id": "IDFM:424991",
        "name": "Cottages",
        "code": "",
        "territories": [
          "TàD Roissy Sud"
        ],
        "routes": [
          "TàD"
        ]
      }
    },
    {
      "type": "Feature",
      "geometry": {
        "type": "Point",
        "coordinates": [
          2.5685514522369215,
          48.96660307978853
        ]
      },
      "properties": {
        "id": "IDFM:39209",
        "name": "Cottages",
        "code": "",
        "territories": [
          "TàD Roissy Sud"
        ],
        "routes": [
          "TàD"
        ]
      }
    },
    {
      "type": "Feature",
      "geometry": {
        "type": "Point",
        "coordinates": [
          3.147897375039891,
          48.93715429830146
        ]
      },
      "properties": {
        "id": "IDFM:477985",
        "name": "Courcelles sous Jouarre",
        "code": "",
        "territories": [
          "TàD 2429"
        ],
        "routes": [
          "TàD 2429"
        ]
      }
    },
    {
      "type": "Feature",
      "geometry": {
        "type": "Point",
        "coordinates": [
          3.147378830422677,
          48.937208892406055
        ]
      },
      "properties": {
        "id": "IDFM:477983",
        "name": "Courcelles sous Jouarre",
        "code": "",
        "territories": [
          "TàD 2429"
        ],
        "routes": [
          "TàD 2429"
        ]
      }
    },
    {
      "type": "Feature",
      "geometry": {
        "type": "Point",
        "coordinates": [
          2.609130234130797,
          48.939189100553435
        ]
      },
      "properties": {
        "id": "IDFM:39290",
        "name": "Couronne",
        "code": "",
        "territories": [
          "TàD Roissy Sud"
        ],
        "routes": [
          "TàD"
        ]
      }
    },
    {
      "type": "Feature",
      "geometry": {
        "type": "Point",
        "coordinates": [
          2.378565185325766,
          48.40230752486927
        ]
      },
      "properties": {
        "id": "IDFM:7323",
        "name": "Courty",
        "code": "",
        "territories": [
          "TàD 4342",
          "TàD 4343"
        ],
        "routes": [
          "TàD 4342",
          "TàD 4343"
        ]
      }
    },
    {
      "type": "Feature",
      "geometry": {
        "type": "Point",
        "coordinates": [
          3.2386256579739974,
          48.850145123896546
        ]
      },
      "properties": {
        "id": "IDFM:462090",
        "name": "Covoiturage",
        "code": "",
        "territories": [
          "TàD 2429"
        ],
        "routes": [
          "TàD 2429"
        ]
      }
    },
    {
      "type": "Feature",
      "geometry": {
        "type": "Point",
        "coordinates": [
          2.5858129941864476,
          48.882851289802765
        ]
      },
      "properties": {
        "id": "IDFM:16710",
        "name": "Cressonnières",
        "code": "",
        "territories": [
          "TàD Bassin Chellois",
          "TàD Desserte Hôpital",
          "TàD Dimanche"
        ],
        "routes": [
          "TàD",
          "TàD",
          "TàD"
        ]
      }
    },
    {
      "type": "Feature",
      "geometry": {
        "type": "Point",
        "coordinates": [
          2.4586994781398617,
          48.98900730617241
        ]
      },
      "properties": {
        "id": "IDFM:14581",
        "name": "Cressonnières",
        "code": "",
        "territories": [
          "TàD Roissy Villiers-le-Bel"
        ],
        "routes": [
          "TàD"
        ]
      }
    },
    {
      "type": "Feature",
      "geometry": {
        "type": "Point",
        "coordinates": [
          2.458898628723159,
          48.988252849093776
        ]
      },
      "properties": {
        "id": "IDFM:38000",
        "name": "Cressonnières",
        "code": "",
        "territories": [
          "TàD Roissy Villiers-le-Bel"
        ],
        "routes": [
          "TàD"
        ]
      }
    },
    {
      "type": "Feature",
      "geometry": {
        "type": "Point",
        "coordinates": [
          2.6708460497898607,
          49.051155698388065
        ]
      },
      "properties": {
        "id": "IDFM:38022",
        "name": "Croisement",
        "code": "",
        "territories": [
          "TàD Goêle",
          "TàD Roissy Othis"
        ],
        "routes": [
          "TàD",
          "TàD"
        ]
      }
    },
    {
      "type": "Feature",
      "geometry": {
        "type": "Point",
        "coordinates": [
          2.6708882866086525,
          49.05096698928152
        ]
      },
      "properties": {
        "id": "IDFM:423575",
        "name": "Croisement",
        "code": "",
        "territories": [
          "TàD Goêle",
          "TàD Roissy Othis"
        ],
        "routes": [
          "TàD",
          "TàD"
        ]
      }
    },
    {
      "type": "Feature",
      "geometry": {
        "type": "Point",
        "coordinates": [
          2.327137792933823,
          48.56825233034349
        ]
      },
      "properties": {
        "id": "IDFM:35292",
        "name": "Croix Boissée",
        "code": "",
        "territories": [
          "TàD 4301/4530"
        ],
        "routes": [
          "TàD 4301"
        ]
      }
    },
    {
      "type": "Feature",
      "geometry": {
        "type": "Point",
        "coordinates": [
          2.4490147718248165,
          49.09954507304798
        ]
      },
      "properties": {
        "id": "IDFM:40475",
        "name": "Croix de Lassy",
        "code": "",
        "territories": [
          "TàD Luzarches - Goussainville"
        ],
        "routes": [
          "TàD"
        ]
      }
    },
    {
      "type": "Feature",
      "geometry": {
        "type": "Point",
        "coordinates": [
          2.524955726779093,
          48.96507146238136
        ]
      },
      "properties": {
        "id": "IDFM:19563",
        "name": "Croix l'Aumône",
        "code": "",
        "territories": [
          "TàD Roissy Sud"
        ],
        "routes": [
          "TàD"
        ]
      }
    },
    {
      "type": "Feature",
      "geometry": {
        "type": "Point",
        "coordinates": [
          2.4918766010870135,
          48.946959706844694
        ]
      },
      "properties": {
        "id": "IDFM:19091",
        "name": "Croix Rouge",
        "code": "",
        "territories": [
          "TàD Roissy Sud"
        ],
        "routes": [
          "TàD"
        ]
      }
    },
    {
      "type": "Feature",
      "geometry": {
        "type": "Point",
        "coordinates": [
          2.2881583355130415,
          48.64985748774679
        ]
      },
      "properties": {
        "id": "IDFM:3165",
        "name": "Croix Rouge Fer",
        "code": "",
        "territories": [
          "TàD 4595"
        ],
        "routes": [
          "TàD 4595"
        ]
      }
    },
    {
      "type": "Feature",
      "geometry": {
        "type": "Point",
        "coordinates": [
          2.2872151092432977,
          48.64933912377723
        ]
      },
      "properties": {
        "id": "IDFM:10170",
        "name": "Croix Rouge Fer",
        "code": "",
        "territories": [
          "TàD 4595"
        ],
        "routes": [
          "TàD 4595"
        ]
      }
    },
    {
      "type": "Feature",
      "geometry": {
        "type": "Point",
        "coordinates": [
          2.4985484957290027,
          48.96015295456359
        ]
      },
      "properties": {
        "id": "IDFM:37955",
        "name": "Croix Saint-Marc",
        "code": "",
        "territories": [
          "TàD Roissy Sud"
        ],
        "routes": [
          "TàD"
        ]
      }
    },
    {
      "type": "Feature",
      "geometry": {
        "type": "Point",
        "coordinates": [
          2.4975019588742637,
          48.95963599883731
        ]
      },
      "properties": {
        "id": "IDFM:38997",
        "name": "Croix Saint-Marc",
        "code": "",
        "territories": [
          "TàD Roissy Sud"
        ],
        "routes": [
          "TàD"
        ]
      }
    },
    {
      "type": "Feature",
      "geometry": {
        "type": "Point",
        "coordinates": [
          2.556367752067537,
          48.97790703240955
        ]
      },
      "properties": {
        "id": "IDFM:19138",
        "name": "Cruppet",
        "code": "",
        "territories": [
          "TàD Roissy Sud"
        ],
        "routes": [
          "TàD"
        ]
      }
    },
    {
      "type": "Feature",
      "geometry": {
        "type": "Point",
        "coordinates": [
          2.556284945010466,
          48.97800564195456
        ]
      },
      "properties": {
        "id": "IDFM:19034",
        "name": "Cruppet",
        "code": "",
        "territories": [
          "TàD Roissy Sud"
        ],
        "routes": [
          "TàD"
        ]
      }
    },
    {
      "type": "Feature",
      "geometry": {
        "type": "Point",
        "coordinates": [
          1.8757592779987298,
          48.96332345579393
        ]
      },
      "properties": {
        "id": "IDFM:422758",
        "name": "Côte de Paris",
        "code": "",
        "territories": [
          "TàD Sud Meulan - Les Mureaux"
        ],
        "routes": [
          "TàD"
        ]
      }
    },
    {
      "type": "Feature",
      "geometry": {
        "type": "Point",
        "coordinates": [
          2.2813039255258545,
          48.609247330283914
        ]
      },
      "properties": {
        "id": "IDFM:2916",
        "name": "Côte Valorge",
        "code": "",
        "territories": [
          "TàD 4591"
        ],
        "routes": [
          "TàD 4591"
        ]
      }
    },
    {
      "type": "Feature",
      "geometry": {
        "type": "Point",
        "coordinates": [
          2.281305530483882,
          48.60913039849219
        ]
      },
      "properties": {
        "id": "IDFM:2917",
        "name": "Côte Valorge",
        "code": "",
        "territories": [
          "TàD 4591"
        ],
        "routes": [
          "TàD 4591"
        ]
      }
    },
    {
      "type": "Feature",
      "geometry": {
        "type": "Point",
        "coordinates": [
          2.177155900718958,
          48.399155594412015
        ]
      },
      "properties": {
        "id": "IDFM:485694",
        "name": "D'Huilet",
        "code": "",
        "territories": [
          "TàD 4342"
        ],
        "routes": [
          "TàD 4342"
        ]
      }
    },
    {
      "type": "Feature",
      "geometry": {
        "type": "Point",
        "coordinates": [
          2.177168143214998,
          48.39923665331271
        ]
      },
      "properties": {
        "id": "IDFM:485696",
        "name": "D'Huilet",
        "code": "",
        "territories": [
          "TàD 4342"
        ],
        "routes": [
          "TàD 4342"
        ]
      }
    },
    {
      "type": "Feature",
      "geometry": {
        "type": "Point",
        "coordinates": [
          2.3390019990452826,
          48.45508433472096
        ]
      },
      "properties": {
        "id": "IDFM:415572",
        "name": "D'Huison",
        "code": "",
        "territories": [
          "TàD 4306",
          "TàD 4344"
        ],
        "routes": [
          "TàD 4306",
          "TàD 4344"
        ]
      }
    },
    {
      "type": "Feature",
      "geometry": {
        "type": "Point",
        "coordinates": [
          2.3387842531954006,
          48.455191080606404
        ]
      },
      "properties": {
        "id": "IDFM:415575",
        "name": "D'Huison",
        "code": "",
        "territories": [
          "TàD 4306",
          "TàD 4344"
        ],
        "routes": [
          "TàD 4306",
          "TàD 4344"
        ]
      }
    },
    {
      "type": "Feature",
      "geometry": {
        "type": "Point",
        "coordinates": [
          2.91565531828294,
          48.96338387742186
        ]
      },
      "properties": {
        "id": "IDFM:485767",
        "name": "Daguerre",
        "code": "",
        "territories": [
          "TàD ZI Poincy"
        ],
        "routes": [
          "TàD"
        ]
      }
    },
    {
      "type": "Feature",
      "geometry": {
        "type": "Point",
        "coordinates": [
          2.9157917992559863,
          48.96343792733219
        ]
      },
      "properties": {
        "id": "IDFM:485769",
        "name": "Daguerre",
        "code": "",
        "territories": [
          "TàD ZI Poincy"
        ],
        "routes": [
          "TàD"
        ]
      }
    },
    {
      "type": "Feature",
      "geometry": {
        "type": "Point",
        "coordinates": [
          2.1816596109277766,
          48.785112010135215
        ]
      },
      "properties": {
        "id": "IDFM:12705",
        "name": "De Gaulle",
        "code": "",
        "territories": [
          "TàD 6131"
        ],
        "routes": [
          "TàD 6131"
        ]
      }
    },
    {
      "type": "Feature",
      "geometry": {
        "type": "Point",
        "coordinates": [
          2.1823535520147086,
          48.785125754966884
        ]
      },
      "properties": {
        "id": "IDFM:12706",
        "name": "De Gaulle",
        "code": "",
        "territories": [
          "TàD 6131"
        ],
        "routes": [
          "TàD 6131"
        ]
      }
    },
    {
      "type": "Feature",
      "geometry": {
        "type": "Point",
        "coordinates": [
          3.3064447517697317,
          48.559811291953004
        ]
      },
      "properties": {
        "id": "IDFM:9858",
        "name": "Delort",
        "code": "",
        "territories": [
          "TàD 3209"
        ],
        "routes": [
          "TàD 3209"
        ]
      }
    },
    {
      "type": "Feature",
      "geometry": {
        "type": "Point",
        "coordinates": [
          3.3063374432556882,
          48.560000474989174
        ]
      },
      "properties": {
        "id": "IDFM:492239",
        "name": "Delort",
        "code": "",
        "territories": [
          "TàD 3209"
        ],
        "routes": [
          "TàD 3209"
        ]
      }
    },
    {
      "type": "Feature",
      "geometry": {
        "type": "Point",
        "coordinates": [
          2.336836394836481,
          48.65979006558673
        ]
      },
      "properties": {
        "id": "IDFM:11749",
        "name": "Dispensaire",
        "code": "",
        "territories": [
          "TàD 4592"
        ],
        "routes": [
          "TàD 4592"
        ]
      }
    },
    {
      "type": "Feature",
      "geometry": {
        "type": "Point",
        "coordinates": [
          2.4593295427045687,
          48.94683532045636
        ]
      },
      "properties": {
        "id": "IDFM:27682",
        "name": "Division Leclerc - Langevin",
        "code": "",
        "territories": [
          "TàD Roissy Sud"
        ],
        "routes": [
          "TàD"
        ]
      }
    },
    {
      "type": "Feature",
      "geometry": {
        "type": "Point",
        "coordinates": [
          2.472158720439925,
          48.93920373694356
        ]
      },
      "properties": {
        "id": "IDFM:18815",
        "name": "Docteur Calmette",
        "code": "",
        "territories": [
          "TàD Roissy Sud"
        ],
        "routes": [
          "TàD"
        ]
      }
    },
    {
      "type": "Feature",
      "geometry": {
        "type": "Point",
        "coordinates": [
          2.296340674069267,
          48.64407719336655
        ]
      },
      "properties": {
        "id": "IDFM:3166",
        "name": "Docteur Darier",
        "code": "",
        "territories": [
          "TàD 4595"
        ],
        "routes": [
          "TàD 4595"
        ]
      }
    },
    {
      "type": "Feature",
      "geometry": {
        "type": "Point",
        "coordinates": [
          2.2966664250414666,
          48.644079116641585
        ]
      },
      "properties": {
        "id": "IDFM:10171",
        "name": "Docteur Darier",
        "code": "",
        "territories": [
          "TàD 4595"
        ],
        "routes": [
          "TàD 4595"
        ]
      }
    },
    {
      "type": "Feature",
      "geometry": {
        "type": "Point",
        "coordinates": [
          2.681424767229405,
          49.061641455999336
        ]
      },
      "properties": {
        "id": "IDFM:37982",
        "name": "Domaine Ganneron",
        "code": "",
        "territories": [
          "TàD Goêle",
          "TàD Roissy Othis"
        ],
        "routes": [
          "TàD",
          "TàD"
        ]
      }
    },
    {
      "type": "Feature",
      "geometry": {
        "type": "Point",
        "coordinates": [
          2.2003765380936287,
          48.794754597378464
        ]
      },
      "properties": {
        "id": "IDFM:12756",
        "name": "Doumer Lafontaine",
        "code": "",
        "territories": [
          "TàD 6131"
        ],
        "routes": [
          "TàD 6131"
        ]
      }
    },
    {
      "type": "Feature",
      "geometry": {
        "type": "Point",
        "coordinates": [
          3.292727613478355,
          48.5544664879732
        ]
      },
      "properties": {
        "id": "IDFM:9780",
        "name": "Dromigny",
        "code": "",
        "territories": [
          "TàD 3209"
        ],
        "routes": [
          "TàD 3209"
        ]
      }
    },
    {
      "type": "Feature",
      "geometry": {
        "type": "Point",
        "coordinates": [
          2.4410145992343093,
          48.57518377657067
        ]
      },
      "properties": {
        "id": "IDFM:21570",
        "name": "Eaux de la Vanne",
        "code": "",
        "territories": [
          "TàD 4318"
        ],
        "routes": [
          "TàD 4318"
        ]
      }
    },
    {
      "type": "Feature",
      "geometry": {
        "type": "Point",
        "coordinates": [
          2.44108295147798,
          48.57513012404272
        ]
      },
      "properties": {
        "id": "IDFM:10425",
        "name": "Eaux de la Vanne",
        "code": "",
        "territories": [
          "TàD 4318"
        ],
        "routes": [
          "TàD 4318"
        ]
      }
    },
    {
      "type": "Feature",
      "geometry": {
        "type": "Point",
        "coordinates": [
          2.5164352695426992,
          49.01186023523295
        ]
      },
      "properties": {
        "id": "IDFM:19726",
        "name": "Entretien Nord",
        "code": "",
        "territories": [
          "TàD Roissy Goussainville",
          "TàD Roissy Sarcelles",
          "TàD Roissy Villiers-le-Bel"
        ],
        "routes": [
          "TàD",
          "TàD",
          "TàD"
        ]
      }
    },
    {
      "type": "Feature",
      "geometry": {
        "type": "Point",
        "coordinates": [
          2.516433762725722,
          49.01202208669505
        ]
      },
      "properties": {
        "id": "IDFM:9988",
        "name": "Entretien Nord",
        "code": "",
        "territories": [
          "TàD Roissy Goussainville",
          "TàD Roissy Sarcelles",
          "TàD Roissy Villiers-le-Bel"
        ],
        "routes": [
          "TàD",
          "TàD",
          "TàD"
        ]
      }
    },
    {
      "type": "Feature",
      "geometry": {
        "type": "Point",
        "coordinates": [
          1.9437526027010636,
          49.126515814716306
        ]
      },
      "properties": {
        "id": "IDFM:41576",
        "name": "Epagnes",
        "code": "",
        "territories": [
          "TàD Vexin Est"
        ],
        "routes": [
          "TàD"
        ]
      }
    },
    {
      "type": "Feature",
      "geometry": {
        "type": "Point",
        "coordinates": [
          2.441057299927218,
          48.538139538031835
        ]
      },
      "properties": {
        "id": "IDFM:9479",
        "name": "ESAT",
        "code": "",
        "territories": [
          "TàD 4308",
          "TàD 4318"
        ],
        "routes": [
          "TàD 4308",
          "TàD 4318"
        ]
      }
    },
    {
      "type": "Feature",
      "geometry": {
        "type": "Point",
        "coordinates": [
          2.61883026723584,
          48.984659162163574
        ]
      },
      "properties": {
        "id": "IDFM:38039",
        "name": "Espace Prévert",
        "code": "",
        "territories": [
          "TàD Roissy Sud"
        ],
        "routes": [
          "TàD"
        ]
      }
    },
    {
      "type": "Feature",
      "geometry": {
        "type": "Point",
        "coordinates": [
          2.2321972081706996,
          48.339171269218035
        ]
      },
      "properties": {
        "id": "IDFM:485684",
        "name": "Ezerville",
        "code": "",
        "territories": [
          "TàD 4342"
        ],
        "routes": [
          "TàD 4342"
        ]
      }
    },
    {
      "type": "Feature",
      "geometry": {
        "type": "Point",
        "coordinates": [
          2.232095530636246,
          48.3396654693957
        ]
      },
      "properties": {
        "id": "IDFM:485687",
        "name": "Ezerville",
        "code": "",
        "territories": [
          "TàD 4342"
        ],
        "routes": [
          "TàD 4342"
        ]
      }
    },
    {
      "type": "Feature",
      "geometry": {
        "type": "Point",
        "coordinates": [
          1.9369813645070089,
          48.98572591458421
        ]
      },
      "properties": {
        "id": "IDFM:486509",
        "name": "FAM de Bécheville",
        "code": "",
        "territories": [
          "TàD Sud Meulan - Les Mureaux"
        ],
        "routes": [
          "TàD"
        ]
      }
    },
    {
      "type": "Feature",
      "geometry": {
        "type": "Point",
        "coordinates": [
          1.8575661603719806,
          48.96396090134491
        ]
      },
      "properties": {
        "id": "IDFM:486921",
        "name": "Family Village Shopping",
        "code": "",
        "territories": [
          "TàD Sud Meulan - Les Mureaux"
        ],
        "routes": [
          "TàD"
        ]
      }
    },
    {
      "type": "Feature",
      "geometry": {
        "type": "Point",
        "coordinates": [
          3.1372649522036737,
          48.93749967110877
        ]
      },
      "properties": {
        "id": "IDFM:11198",
        "name": "Fanny Marc",
        "code": "",
        "territories": [
          "TàD 2429"
        ],
        "routes": [
          "TàD 2429"
        ]
      }
    },
    {
      "type": "Feature",
      "geometry": {
        "type": "Point",
        "coordinates": [
          3.1374422837628657,
          48.93745450510296
        ]
      },
      "properties": {
        "id": "IDFM:477980",
        "name": "Fanny Marc",
        "code": "",
        "territories": [
          "TàD 2429"
        ],
        "routes": [
          "TàD 2429"
        ]
      }
    },
    {
      "type": "Feature",
      "geometry": {
        "type": "Point",
        "coordinates": [
          2.2881983895046716,
          48.32756350555375
        ]
      },
      "properties": {
        "id": "IDFM:7282",
        "name": "Fenneville",
        "code": "",
        "territories": [
          "TàD 4342"
        ],
        "routes": [
          "TàD 4342"
        ]
      }
    },
    {
      "type": "Feature",
      "geometry": {
        "type": "Point",
        "coordinates": [
          2.2881289866534478,
          48.32770704770738
        ]
      },
      "properties": {
        "id": "IDFM:7283",
        "name": "Fenneville",
        "code": "",
        "territories": [
          "TàD 4342"
        ],
        "routes": [
          "TàD 4342"
        ]
      }
    },
    {
      "type": "Feature",
      "geometry": {
        "type": "Point",
        "coordinates": [
          2.8018836900755333,
          49.03766802973865
        ]
      },
      "properties": {
        "id": "IDFM:415842",
        "name": "Ferme de l'Etrille",
        "code": "",
        "territories": [
          "TàD Roissy Saint-Pathus"
        ],
        "routes": [
          "TàD"
        ]
      }
    },
    {
      "type": "Feature",
      "geometry": {
        "type": "Point",
        "coordinates": [
          2.80219814314769,
          49.037695523210985
        ]
      },
      "properties": {
        "id": "IDFM:423549",
        "name": "Ferme de l'Etrille",
        "code": "",
        "territories": [
          "TàD Roissy Saint-Pathus"
        ],
        "routes": [
          "TàD"
        ]
      }
    },
    {
      "type": "Feature",
      "geometry": {
        "type": "Point",
        "coordinates": [
          2.624608741764066,
          48.884517033861265
        ]
      },
      "properties": {
        "id": "IDFM:461897",
        "name": "Foch",
        "code": "",
        "territories": [
          "TàD Bassin Chellois",
          "TàD Desserte Hôpital",
          "TàD Dimanche"
        ],
        "routes": [
          "TàD",
          "TàD",
          "TàD"
        ]
      }
    },
    {
      "type": "Feature",
      "geometry": {
        "type": "Point",
        "coordinates": [
          2.624348165610001,
          48.88472305749778
        ]
      },
      "properties": {
        "id": "IDFM:461895",
        "name": "Foch",
        "code": "",
        "territories": [
          "TàD Bassin Chellois",
          "TàD Desserte Hôpital",
          "TàD Dimanche"
        ],
        "routes": [
          "TàD",
          "TàD",
          "TàD"
        ]
      }
    },
    {
      "type": "Feature",
      "geometry": {
        "type": "Point",
        "coordinates": [
          2.3546369976918125,
          48.47159792805217
        ]
      },
      "properties": {
        "id": "IDFM:463481",
        "name": "Fontaine",
        "code": "",
        "territories": [
          "TàD 4305"
        ],
        "routes": [
          "TàD 4305"
        ]
      }
    },
    {
      "type": "Feature",
      "geometry": {
        "type": "Point",
        "coordinates": [
          2.3552131975907797,
          48.472050878945915
        ]
      },
      "properties": {
        "id": "IDFM:463473",
        "name": "Fontaine",
        "code": "",
        "territories": [
          "TàD 4305"
        ],
        "routes": [
          "TàD 4305"
        ]
      }
    },
    {
      "type": "Feature",
      "geometry": {
        "type": "Point",
        "coordinates": [
          2.551394246369285,
          48.952691671441535
        ]
      },
      "properties": {
        "id": "IDFM:38166",
        "name": "Fontaine Mallet",
        "code": "",
        "territories": [
          "TàD Roissy Sud"
        ],
        "routes": [
          "TàD"
        ]
      }
    },
    {
      "type": "Feature",
      "geometry": {
        "type": "Point",
        "coordinates": [
          2.5514940120743277,
          48.952602119058824
        ]
      },
      "properties": {
        "id": "IDFM:41830",
        "name": "Fontaine Mallet",
        "code": "",
        "territories": [
          "TàD Roissy Sud"
        ],
        "routes": [
          "TàD"
        ]
      }
    },
    {
      "type": "Feature",
      "geometry": {
        "type": "Point",
        "coordinates": [
          2.2850912537990746,
          48.658726343277586
        ]
      },
      "properties": {
        "id": "IDFM:3637",
        "name": "Fontaine Mansart",
        "code": "",
        "territories": [
          "TàD 4595"
        ],
        "routes": [
          "TàD 4595"
        ]
      }
    },
    {
      "type": "Feature",
      "geometry": {
        "type": "Point",
        "coordinates": [
          2.2850919913433163,
          48.65867237695267
        ]
      },
      "properties": {
        "id": "IDFM:3634",
        "name": "Fontaine Mansart",
        "code": "",
        "territories": [
          "TàD 4595"
        ],
        "routes": [
          "TàD 4595"
        ]
      }
    },
    {
      "type": "Feature",
      "geometry": {
        "type": "Point",
        "coordinates": [
          2.3762598589195094,
          48.97804093698447
        ]
      },
      "properties": {
        "id": "IDFM:38082",
        "name": "Forum des Cholettes",
        "code": "",
        "territories": [
          "TàD Roissy Sarcelles"
        ],
        "routes": [
          "TàD"
        ]
      }
    },
    {
      "type": "Feature",
      "geometry": {
        "type": "Point",
        "coordinates": [
          2.376122284856533,
          48.97812115391307
        ]
      },
      "properties": {
        "id": "IDFM:492397",
        "name": "Forum des Cholettes",
        "code": "",
        "territories": [
          "TàD Roissy Sarcelles"
        ],
        "routes": [
          "TàD"
        ]
      }
    },
    {
      "type": "Feature",
      "geometry": {
        "type": "Point",
        "coordinates": [
          2.555805024768987,
          48.98141195985269
        ]
      },
      "properties": {
        "id": "IDFM:471995",
        "name": "Foyer des Bruyères",
        "code": "",
        "territories": [
          "TàD Roissy Sud"
        ],
        "routes": [
          "TàD"
        ]
      }
    },
    {
      "type": "Feature",
      "geometry": {
        "type": "Point",
        "coordinates": [
          2.555682456852725,
          48.981366544362324
        ]
      },
      "properties": {
        "id": "IDFM:472159",
        "name": "Foyer des Bruyères",
        "code": "",
        "territories": [
          "TàD Roissy Sud"
        ],
        "routes": [
          "TàD"
        ]
      }
    },
    {
      "type": "Feature",
      "geometry": {
        "type": "Point",
        "coordinates": [
          2.904573264335517,
          48.95940095177909
        ]
      },
      "properties": {
        "id": "IDFM:485763",
        "name": "Foyer des jeunes travailleurs",
        "code": "",
        "territories": [
          "TàD ZI Poincy"
        ],
        "routes": [
          "TàD"
        ]
      }
    },
    {
      "type": "Feature",
      "geometry": {
        "type": "Point",
        "coordinates": [
          2.904245409519385,
          48.959463636996695
        ]
      },
      "properties": {
        "id": "IDFM:485766",
        "name": "Foyer des jeunes travailleurs",
        "code": "",
        "territories": [
          "TàD ZI Poincy"
        ],
        "routes": [
          "TàD"
        ]
      }
    },
    {
      "type": "Feature",
      "geometry": {
        "type": "Point",
        "coordinates": [
          2.590287540164014,
          48.898199841981096
        ]
      },
      "properties": {
        "id": "IDFM:21895",
        "name": "Foyer Flamant",
        "code": "",
        "territories": [
          "TàD Bassin Chellois",
          "TàD Desserte Hôpital",
          "TàD Dimanche"
        ],
        "routes": [
          "TàD",
          "TàD",
          "TàD"
        ]
      }
    },
    {
      "type": "Feature",
      "geometry": {
        "type": "Point",
        "coordinates": [
          2.5900538973318645,
          48.8984238672065
        ]
      },
      "properties": {
        "id": "IDFM:21894",
        "name": "Foyer Flamant",
        "code": "",
        "territories": [
          "TàD Bassin Chellois",
          "TàD Desserte Hôpital",
          "TàD Dimanche"
        ],
        "routes": [
          "TàD",
          "TàD",
          "TàD"
        ]
      }
    },
    {
      "type": "Feature",
      "geometry": {
        "type": "Point",
        "coordinates": [
          2.4955843378655684,
          48.944745185791014
        ]
      },
      "properties": {
        "id": "IDFM:18873",
        "name": "Francisco Ferrer",
        "code": "",
        "territories": [
          "TàD Roissy Sud"
        ],
        "routes": [
          "TàD"
        ]
      }
    },
    {
      "type": "Feature",
      "geometry": {
        "type": "Point",
        "coordinates": [
          2.6759714511225834,
          49.078189202716906
        ]
      },
      "properties": {
        "id": "IDFM:38049",
        "name": "Froids Vents",
        "code": "",
        "territories": [
          "TàD Goêle",
          "TàD Roissy Othis"
        ],
        "routes": [
          "TàD",
          "TàD"
        ]
      }
    },
    {
      "type": "Feature",
      "geometry": {
        "type": "Point",
        "coordinates": [
          2.6760682704717915,
          49.07802761810588
        ]
      },
      "properties": {
        "id": "IDFM:423586",
        "name": "Froids Vents",
        "code": "",
        "territories": [
          "TàD Goêle",
          "TàD Roissy Othis"
        ],
        "routes": [
          "TàD",
          "TàD"
        ]
      }
    },
    {
      "type": "Feature",
      "geometry": {
        "type": "Point",
        "coordinates": [
          2.1891907077318153,
          48.783085676187945
        ]
      },
      "properties": {
        "id": "IDFM:12707",
        "name": "Fronval",
        "code": "",
        "territories": [
          "TàD 6131"
        ],
        "routes": [
          "TàD 6131"
        ]
      }
    },
    {
      "type": "Feature",
      "geometry": {
        "type": "Point",
        "coordinates": [
          2.9179518804791575,
          48.961982665841184
        ]
      },
      "properties": {
        "id": "IDFM:485762",
        "name": "Frères Lumières",
        "code": "",
        "territories": [
          "TàD ZI Poincy"
        ],
        "routes": [
          "TàD"
        ]
      }
    },
    {
      "type": "Feature",
      "geometry": {
        "type": "Point",
        "coordinates": [
          2.9177870644319706,
          48.96257604753829
        ]
      },
      "properties": {
        "id": "IDFM:485759",
        "name": "Frères Lumières",
        "code": "",
        "territories": [
          "TàD ZI Poincy"
        ],
        "routes": [
          "TàD"
        ]
      }
    },
    {
      "type": "Feature",
      "geometry": {
        "type": "Point",
        "coordinates": [
          2.611505862646947,
          48.982999075780356
        ]
      },
      "properties": {
        "id": "IDFM:40657",
        "name": "Fulbert Lenfant",
        "code": "",
        "territories": [
          "TàD Roissy Sud"
        ],
        "routes": [
          "TàD"
        ]
      }
    },
    {
      "type": "Feature",
      "geometry": {
        "type": "Point",
        "coordinates": [
          2.611615560492861,
          48.9829454773356
        ]
      },
      "properties": {
        "id": "IDFM:38035",
        "name": "Fulbert Lenfant",
        "code": "",
        "territories": [
          "TàD Roissy Sud"
        ],
        "routes": [
          "TàD"
        ]
      }
    },
    {
      "type": "Feature",
      "geometry": {
        "type": "Point",
        "coordinates": [
          1.8747771254126149,
          49.023846029063535
        ]
      },
      "properties": {
        "id": "IDFM:32590",
        "name": "Gaillonnet",
        "code": "",
        "territories": [
          "TàD Nord Meulan - Les Mureaux"
        ],
        "routes": [
          "TàD"
        ]
      }
    },
    {
      "type": "Feature",
      "geometry": {
        "type": "Point",
        "coordinates": [
          1.8750355176780937,
          49.02391139956323
        ]
      },
      "properties": {
        "id": "IDFM:32589",
        "name": "Gaillonnet",
        "code": "",
        "territories": [
          "TàD Nord Meulan - Les Mureaux"
        ],
        "routes": [
          "TàD"
        ]
      }
    },
    {
      "type": "Feature",
      "geometry": {
        "type": "Point",
        "coordinates": [
          2.322108753781064,
          48.665724906224675
        ]
      },
      "properties": {
        "id": "IDFM:483605",
        "name": "Gallieni",
        "code": "",
        "territories": [
          "TàD 4592"
        ],
        "routes": [
          "TàD 4592"
        ]
      }
    },
    {
      "type": "Feature",
      "geometry": {
        "type": "Point",
        "coordinates": [
          2.2682997289822517,
          48.61570784794554
        ]
      },
      "properties": {
        "id": "IDFM:3128",
        "name": "Gare",
        "code": "",
        "territories": [
          "TàD 4591"
        ],
        "routes": [
          "TàD 4591"
        ]
      }
    },
    {
      "type": "Feature",
      "geometry": {
        "type": "Point",
        "coordinates": [
          2.2682055244198973,
          48.61565329630155
        ]
      },
      "properties": {
        "id": "IDFM:3129",
        "name": "Gare",
        "code": "",
        "territories": [
          "TàD 4591"
        ],
        "routes": [
          "TàD 4591"
        ]
      }
    },
    {
      "type": "Feature",
      "geometry": {
        "type": "Point",
        "coordinates": [
          2.690294592445982,
          48.76989377635941
        ]
      },
      "properties": {
        "id": "IDFM:494455",
        "name": "Gare d'Ozoir-la-Ferrière",
        "code": "",
        "territories": [
          "TàD 3144"
        ],
        "routes": [
          "TàD 3144"
        ]
      }
    },
    {
      "type": "Feature",
      "geometry": {
        "type": "Point",
        "coordinates": [
          2.6903775095344136,
          48.76967813601088
        ]
      },
      "properties": {
        "id": "IDFM:494454",
        "name": "Gare d'Ozoir-la-Ferrière",
        "code": "",
        "territories": [
          "TàD 3144"
        ],
        "routes": [
          "TàD 3144"
        ]
      }
    },
    {
      "type": "Feature",
      "geometry": {
        "type": "Point",
        "coordinates": [
          2.159857741621364,
          48.436614754023736
        ]
      },
      "properties": {
        "id": "IDFM:11806",
        "name": "Gare d'Étampes",
        "code": "",
        "territories": [
          "TàD 4342",
          "TàD 4344"
        ],
        "routes": [
          "TàD 4342",
          "TàD 4344"
        ]
      }
    },
    {
      "type": "Feature",
      "geometry": {
        "type": "Point",
        "coordinates": [
          2.371021173277814,
          48.532572031826476
        ]
      },
      "properties": {
        "id": "IDFM:492899",
        "name": "Gare de Ballancourt",
        "code": "",
        "territories": [
          "TàD 4301/4530"
        ],
        "routes": [
          "TàD 4301"
        ]
      }
    },
    {
      "type": "Feature",
      "geometry": {
        "type": "Point",
        "coordinates": [
          2.3704280360829735,
          48.53233499714854
        ]
      },
      "properties": {
        "id": "IDFM:492898",
        "name": "Gare de Ballancourt",
        "code": "",
        "territories": [
          "TàD 4301/4530"
        ],
        "routes": [
          "TàD 4301"
        ]
      }
    },
    {
      "type": "Feature",
      "geometry": {
        "type": "Point",
        "coordinates": [
          2.3622383289526905,
          49.09758760398098
        ]
      },
      "properties": {
        "id": "IDFM:38954",
        "name": "Gare de Belloy Saint-Martin",
        "code": "",
        "territories": [
          "TàD Luzarches - Goussainville"
        ],
        "routes": [
          "TàD"
        ]
      }
    },
    {
      "type": "Feature",
      "geometry": {
        "type": "Point",
        "coordinates": [
          2.3786678054612773,
          48.34217160060337
        ]
      },
      "properties": {
        "id": "IDFM:485221",
        "name": "Gare de Boigneville",
        "code": "",
        "territories": [
          "TàD 4342"
        ],
        "routes": [
          "TàD 4342"
        ]
      }
    },
    {
      "type": "Feature",
      "geometry": {
        "type": "Point",
        "coordinates": [
          2.3784663331668394,
          48.34208956802877
        ]
      },
      "properties": {
        "id": "IDFM:7266",
        "name": "Gare de Boigneville",
        "code": "",
        "territories": [
          "TàD 4342",
          "TàD 4343"
        ],
        "routes": [
          "TàD 4342",
          "TàD 4343"
        ]
      }
    },
    {
      "type": "Feature",
      "geometry": {
        "type": "Point",
        "coordinates": [
          2.290559544570913,
          48.53283880805972
        ]
      },
      "properties": {
        "id": "IDFM:494629",
        "name": "Gare de Bouray",
        "code": "",
        "territories": [
          "TàD 4305",
          "TàD 4306"
        ],
        "routes": [
          "TàD 4305",
          "TàD 4306"
        ]
      }
    },
    {
      "type": "Feature",
      "geometry": {
        "type": "Point",
        "coordinates": [
          2.2907331853804234,
          48.533019764974064
        ]
      },
      "properties": {
        "id": "IDFM:494628",
        "name": "Gare de Bouray",
        "code": "",
        "territories": [
          "TàD 4305",
          "TàD 4306"
        ],
        "routes": [
          "TàD 4305",
          "TàD 4306"
        ]
      }
    },
    {
      "type": "Feature",
      "geometry": {
        "type": "Point",
        "coordinates": [
          2.3767564753864137,
          48.435208191663385
        ]
      },
      "properties": {
        "id": "IDFM:7403",
        "name": "Gare de Boutigny-sur-Essonne",
        "code": "",
        "territories": [
          "TàD 4305"
        ],
        "routes": [
          "TàD 4305"
        ]
      }
    },
    {
      "type": "Feature",
      "geometry": {
        "type": "Point",
        "coordinates": [
          2.3767976729305995,
          48.43515442813869
        ]
      },
      "properties": {
        "id": "IDFM:7271",
        "name": "Gare de Boutigny-sur-Essonne",
        "code": "",
        "territories": [
          "TàD 4344"
        ],
        "routes": [
          "TàD 4344"
        ]
      }
    },
    {
      "type": "Feature",
      "geometry": {
        "type": "Point",
        "coordinates": [
          2.1723035146144176,
          48.56491895477137
        ]
      },
      "properties": {
        "id": "IDFM:3646",
        "name": "Gare de Breuillet Village",
        "code": "",
        "territories": [
          "TàD 4597"
        ],
        "routes": [
          "TàD 4597"
        ]
      }
    },
    {
      "type": "Feature",
      "geometry": {
        "type": "Point",
        "coordinates": [
          2.3014467226967645,
          48.60730724007538
        ]
      },
      "properties": {
        "id": "IDFM:2918",
        "name": "Gare de Brétigny Brossolette",
        "code": "",
        "territories": [
          "TàD 4591"
        ],
        "routes": [
          "TàD 4591"
        ]
      }
    },
    {
      "type": "Feature",
      "geometry": {
        "type": "Point",
        "coordinates": [
          2.3030404687693795,
          48.60680383677525
        ]
      },
      "properties": {
        "id": "IDFM:427101",
        "name": "Gare de Brétigny Place",
        "code": "",
        "territories": [
          "TàD 4301/4530"
        ],
        "routes": [
          "TàD 4301"
        ]
      }
    },
    {
      "type": "Feature",
      "geometry": {
        "type": "Point",
        "coordinates": [
          2.385978580991493,
          48.37028991846383
        ]
      },
      "properties": {
        "id": "IDFM:9248",
        "name": "Gare de Buno - Gironville",
        "code": "",
        "territories": [
          "TàD 4342"
        ],
        "routes": [
          "TàD 4342"
        ]
      }
    },
    {
      "type": "Feature",
      "geometry": {
        "type": "Point",
        "coordinates": [
          2.386519727869182,
          48.37020275020897
        ]
      },
      "properties": {
        "id": "IDFM:9247",
        "name": "Gare de Buno - Gironville",
        "code": "",
        "territories": [
          "TàD 4342"
        ],
        "routes": [
          "TàD 4342"
        ]
      }
    },
    {
      "type": "Feature",
      "geometry": {
        "type": "Point",
        "coordinates": [
          2.1836291157255867,
          48.799291355769434
        ]
      },
      "properties": {
        "id": "IDFM:495800",
        "name": "Gare de Chaville - Vélizy",
        "code": "",
        "territories": [
          "TàD 6131"
        ],
        "routes": [
          "TàD 6131"
        ]
      }
    },
    {
      "type": "Feature",
      "geometry": {
        "type": "Point",
        "coordinates": [
          2.584760921258117,
          48.874564951103245
        ]
      },
      "properties": {
        "id": "IDFM:496479",
        "name": "Gare de Chelles - Gournay",
        "code": "",
        "territories": [
          "TàD Bassin Chellois",
          "TàD Desserte Hôpital",
          "TàD Dimanche"
        ],
        "routes": [
          "TàD",
          "TàD",
          "TàD"
        ]
      }
    },
    {
      "type": "Feature",
      "geometry": {
        "type": "Point",
        "coordinates": [
          2.6988746428541015,
          49.03260736237111
        ]
      },
      "properties": {
        "id": "IDFM:473128",
        "name": "Gare de Dammartin - Juilly - Saint-Mard",
        "code": "",
        "territories": [
          "TàD Goêle"
        ],
        "routes": [
          "TàD"
        ]
      }
    },
    {
      "type": "Feature",
      "geometry": {
        "type": "Point",
        "coordinates": [
          2.6990512706008287,
          49.03280562482182
        ]
      },
      "properties": {
        "id": "IDFM:490616",
        "name": "Gare de Dammartin - Juilly - Saint-Mard",
        "code": "",
        "territories": [
          "TàD Roissy Saint-Pathus"
        ],
        "routes": [
          "TàD"
        ]
      }
    },
    {
      "type": "Feature",
      "geometry": {
        "type": "Point",
        "coordinates": [
          2.337697335290863,
          49.032489361450004
        ]
      },
      "properties": {
        "id": "IDFM:14232",
        "name": "Gare de Domont",
        "code": "",
        "territories": [
          "TàD Eaubonne Domont"
        ],
        "routes": [
          "TàD"
        ]
      }
    },
    {
      "type": "Feature",
      "geometry": {
        "type": "Point",
        "coordinates": [
          2.3917522247608476,
          48.97681658439402
        ]
      },
      "properties": {
        "id": "IDFM:494132",
        "name": "Gare de Garges - Sarcelles",
        "code": "",
        "territories": [
          "TàD Roissy Sarcelles"
        ],
        "routes": [
          "TàD"
        ]
      }
    },
    {
      "type": "Feature",
      "geometry": {
        "type": "Point",
        "coordinates": [
          2.389735658462419,
          48.9775347328393
        ]
      },
      "properties": {
        "id": "IDFM:487552",
        "name": "Gare de Garges - Sarcelles",
        "code": "",
        "territories": [
          "TàD Roissy Sarcelles"
        ],
        "routes": [
          "TàD"
        ]
      }
    },
    {
      "type": "Feature",
      "geometry": {
        "type": "Point",
        "coordinates": [
          2.4627642879538274,
          49.02405008021774
        ]
      },
      "properties": {
        "id": "IDFM:37945",
        "name": "Gare de Goussainville",
        "code": "",
        "territories": [
          "TàD Luzarches - Goussainville"
        ],
        "routes": [
          "TàD"
        ]
      }
    },
    {
      "type": "Feature",
      "geometry": {
        "type": "Point",
        "coordinates": [
          2.4624513101557017,
          49.023904807053164
        ]
      },
      "properties": {
        "id": "IDFM:495780",
        "name": "Gare de Goussainville",
        "code": "",
        "territories": [
          "TàD Roissy Goussainville"
        ],
        "routes": [
          "TàD"
        ]
      }
    },
    {
      "type": "Feature",
      "geometry": {
        "type": "Point",
        "coordinates": [
          2.7291449676482116,
          48.74545241829375
        ]
      },
      "properties": {
        "id": "IDFM:495916",
        "name": "Gare de Gretz-Armainvilliers",
        "code": "",
        "territories": [
          "TàD Gretz-Tournan"
        ],
        "routes": [
          "TàD"
        ]
      }
    },
    {
      "type": "Feature",
      "geometry": {
        "type": "Point",
        "coordinates": [
          2.350832790725956,
          48.48492781080779
        ]
      },
      "properties": {
        "id": "IDFM:11808",
        "name": "Gare de la Ferté-Alais",
        "code": "",
        "territories": [
          "TàD 4305",
          "TàD 4306",
          "TàD 4344"
        ],
        "routes": [
          "TàD 4305",
          "TàD 4306",
          "TàD 4344"
        ]
      }
    },
    {
      "type": "Feature",
      "geometry": {
        "type": "Point",
        "coordinates": [
          2.3511416888856176,
          48.48511842150954
        ]
      },
      "properties": {
        "id": "IDFM:11807",
        "name": "Gare de la Ferté-Alais",
        "code": "",
        "territories": [
          "TàD 4305",
          "TàD 4306",
          "TàD 4344"
        ],
        "routes": [
          "TàD 4305",
          "TàD 4306",
          "TàD 4344"
        ]
      }
    },
    {
      "type": "Feature",
      "geometry": {
        "type": "Point",
        "coordinates": [
          3.1240962202546325,
          48.95044524596032
        ]
      },
      "properties": {
        "id": "IDFM:484441",
        "name": "Gare de La Ferté-sous-Jouarre (Quai J)",
        "code": "",
        "territories": [
          "TàD 2429"
        ],
        "routes": [
          "TàD 2429"
        ]
      }
    },
    {
      "type": "Feature",
      "geometry": {
        "type": "Point",
        "coordinates": [
          2.50140877169012,
          49.04923219278951
        ]
      },
      "properties": {
        "id": "IDFM:419756",
        "name": "Gare de Louvres",
        "code": "",
        "territories": [
          "TàD Roissy Fosses"
        ],
        "routes": [
          "TàD"
        ]
      }
    },
    {
      "type": "Feature",
      "geometry": {
        "type": "Point",
        "coordinates": [
          2.5010691264513816,
          49.04898800465187
        ]
      },
      "properties": {
        "id": "IDFM:461685",
        "name": "Gare de Louvres",
        "code": "",
        "territories": [
          "TàD Roissy Fosses"
        ],
        "routes": [
          "TàD"
        ]
      }
    },
    {
      "type": "Feature",
      "geometry": {
        "type": "Point",
        "coordinates": [
          2.4220260957704864,
          49.11794049699035
        ]
      },
      "properties": {
        "id": "IDFM:494505",
        "name": "Gare de Luzarches",
        "code": "",
        "territories": [
          "TàD Luzarches - Goussainville"
        ],
        "routes": [
          "TàD"
        ]
      }
    },
    {
      "type": "Feature",
      "geometry": {
        "type": "Point",
        "coordinates": [
          2.3928767871568906,
          48.39269200651419
        ]
      },
      "properties": {
        "id": "IDFM:7324",
        "name": "Gare de Maisse",
        "code": "",
        "territories": [
          "TàD 4342"
        ],
        "routes": [
          "TàD 4342"
        ]
      }
    },
    {
      "type": "Feature",
      "geometry": {
        "type": "Point",
        "coordinates": [
          2.4335569287781342,
          48.57159523885999
        ]
      },
      "properties": {
        "id": "IDFM:422729",
        "name": "Gare de Mennecy Rue de l'Abreuvoir",
        "code": "",
        "territories": [
          "TàD 4308",
          "TàD 4318"
        ],
        "routes": [
          "TàD 4308",
          "TàD 4318"
        ]
      }
    },
    {
      "type": "Feature",
      "geometry": {
        "type": "Point",
        "coordinates": [
          2.433273454383288,
          48.5714859413718
        ]
      },
      "properties": {
        "id": "IDFM:470701",
        "name": "Gare de Mennecy Rue de l'Abreuvoir",
        "code": "",
        "territories": [
          "TàD 4308",
          "TàD 4318"
        ],
        "routes": [
          "TàD 4308",
          "TàD 4318"
        ]
      }
    },
    {
      "type": "Feature",
      "geometry": {
        "type": "Point",
        "coordinates": [
          1.9004020172260057,
          49.00578318132421
        ]
      },
      "properties": {
        "id": "IDFM:13592",
        "name": "Gare de Meulan - Hardricourt",
        "code": "",
        "territories": [
          "TàD Nord Meulan - Les Mureaux"
        ],
        "routes": [
          "TàD"
        ]
      }
    },
    {
      "type": "Feature",
      "geometry": {
        "type": "Point",
        "coordinates": [
          1.9003969153838527,
          49.00537845665813
        ]
      },
      "properties": {
        "id": "IDFM:427770",
        "name": "Gare de Meulan - Hardricourt",
        "code": "",
        "territories": [
          "TàD Nord Meulan - Les Mureaux"
        ],
        "routes": [
          "TàD"
        ]
      }
    },
    {
      "type": "Feature",
      "geometry": {
        "type": "Point",
        "coordinates": [
          2.6431962994770806,
          48.97587670910175
        ]
      },
      "properties": {
        "id": "IDFM:21220",
        "name": "Gare de Mitry - Claye",
        "code": "",
        "territories": [
          "TàD Goêle"
        ],
        "routes": [
          "TàD"
        ]
      }
    },
    {
      "type": "Feature",
      "geometry": {
        "type": "Point",
        "coordinates": [
          2.6431146482554793,
          48.975831504623045
        ]
      },
      "properties": {
        "id": "IDFM:424254",
        "name": "Gare de Mitry - Claye",
        "code": "",
        "territories": [
          "TàD Roissy Sud"
        ],
        "routes": [
          "TàD"
        ]
      }
    },
    {
      "type": "Feature",
      "geometry": {
        "type": "Point",
        "coordinates": [
          2.5597542605471184,
          49.01032742614764
        ]
      },
      "properties": {
        "id": "IDFM:494649",
        "name": "Gare de Roissypôle - Aéroport CDG 1",
        "code": "",
        "territories": [
          "TàD Roissy Sud"
        ],
        "routes": [
          "TàD"
        ]
      }
    },
    {
      "type": "Feature",
      "geometry": {
        "type": "Point",
        "coordinates": [
          2.5597396008044906,
          49.01044426928401
        ]
      },
      "properties": {
        "id": "IDFM:494986",
        "name": "Gare de Roissypôle - Aéroport CDG 1 (D1)",
        "code": "",
        "territories": [
          "TàD Roissy Saint-Pathus"
        ],
        "routes": [
          "TàD"
        ]
      }
    },
    {
      "type": "Feature",
      "geometry": {
        "type": "Point",
        "coordinates": [
          2.5591114372323225,
          49.0103700271194
        ]
      },
      "properties": {
        "id": "IDFM:493072",
        "name": "Gare de Roissypôle - Aéroport CDG 1 (Terminal 3) (D4)",
        "code": "",
        "territories": [
          "TàD Roissy Fosses"
        ],
        "routes": [
          "TàD"
        ]
      }
    },
    {
      "type": "Feature",
      "geometry": {
        "type": "Point",
        "coordinates": [
          2.559044847981821,
          49.010162964884266
        ]
      },
      "properties": {
        "id": "IDFM:495004",
        "name": "Gare de Roissypôle - Aéroport CDG1 (B4)",
        "code": "",
        "territories": [
          "TàD Roissy Sarcelles"
        ],
        "routes": [
          "TàD"
        ]
      }
    },
    {
      "type": "Feature",
      "geometry": {
        "type": "Point",
        "coordinates": [
          2.5593152785090347,
          49.01031649952245
        ]
      },
      "properties": {
        "id": "IDFM:426812",
        "name": "Gare de Roissypôle - Aéroport CDG1 (C3)",
        "code": "",
        "territories": [
          "TàD Roissy Sud"
        ],
        "routes": [
          "TàD"
        ]
      }
    },
    {
      "type": "Feature",
      "geometry": {
        "type": "Point",
        "coordinates": [
          2.559069276593061,
          49.010290004685544
        ]
      },
      "properties": {
        "id": "IDFM:426813",
        "name": "Gare de Roissypôle - Aéroport CDG1 Terminal 3 (C4)",
        "code": "",
        "territories": [
          "TàD Roissy Sud"
        ],
        "routes": [
          "TàD"
        ]
      }
    },
    {
      "type": "Feature",
      "geometry": {
        "type": "Point",
        "coordinates": [
          2.307350024706489,
          48.63581210550335
        ]
      },
      "properties": {
        "id": "IDFM:3403",
        "name": "Gare de Saint-Michel-sur-Orge",
        "code": "",
        "territories": [
          "TàD 4595"
        ],
        "routes": [
          "TàD 4595"
        ]
      }
    },
    {
      "type": "Feature",
      "geometry": {
        "type": "Point",
        "coordinates": [
          2.3136857017751913,
          48.653587309251186
        ]
      },
      "properties": {
        "id": "IDFM:3350",
        "name": "Gare de Sainte-Geneviève-des-Bois",
        "code": "",
        "territories": [
          "TàD 4592"
        ],
        "routes": [
          "TàD 4592"
        ]
      }
    },
    {
      "type": "Feature",
      "geometry": {
        "type": "Point",
        "coordinates": [
          2.3154102550753746,
          48.653561247641505
        ]
      },
      "properties": {
        "id": "IDFM:483617",
        "name": "Gare de Sainte-Geneviève-des-Bois",
        "code": "",
        "territories": [
          "TàD 4592"
        ],
        "routes": [
          "TàD 4592"
        ]
      }
    },
    {
      "type": "Feature",
      "geometry": {
        "type": "Point",
        "coordinates": [
          2.3675158323730905,
          48.99495485824596
        ]
      },
      "properties": {
        "id": "IDFM:5606",
        "name": "Gare de Sarcelles - Saint-Brice",
        "code": "",
        "territories": [
          "TàD Roissy Sarcelles"
        ],
        "routes": [
          "TàD"
        ]
      }
    },
    {
      "type": "Feature",
      "geometry": {
        "type": "Point",
        "coordinates": [
          2.53411149091094,
          48.93553073927006
        ]
      },
      "properties": {
        "id": "IDFM:497124",
        "name": "Gare de Sevran - Livry",
        "code": "",
        "territories": [
          "TàD Roissy Sud"
        ],
        "routes": [
          "TàD"
        ]
      }
    },
    {
      "type": "Feature",
      "geometry": {
        "type": "Point",
        "coordinates": [
          2.534518877698509,
          48.93576613277351
        ]
      },
      "properties": {
        "id": "IDFM:19264",
        "name": "Gare de Sevran - Livry",
        "code": "",
        "territories": [
          "TàD Roissy Sud"
        ],
        "routes": [
          "TàD"
        ]
      }
    },
    {
      "type": "Feature",
      "geometry": {
        "type": "Point",
        "coordinates": [
          2.5237376531441558,
          48.94745921587213
        ]
      },
      "properties": {
        "id": "IDFM:490619",
        "name": "Gare de Sevran Beaudottes",
        "code": "",
        "territories": [
          "TàD Roissy Sud"
        ],
        "routes": [
          "TàD"
        ]
      }
    },
    {
      "type": "Feature",
      "geometry": {
        "type": "Point",
        "coordinates": [
          2.5239833142906134,
          48.9474691841973
        ]
      },
      "properties": {
        "id": "IDFM:19175",
        "name": "Gare de Sevran Beaudottes",
        "code": "",
        "territories": [
          "TàD Roissy Sud"
        ],
        "routes": [
          "TàD"
        ]
      }
    },
    {
      "type": "Feature",
      "geometry": {
        "type": "Point",
        "coordinates": [
          2.5252835010077335,
          49.099681528319884
        ]
      },
      "properties": {
        "id": "IDFM:497078",
        "name": "Gare de Survilliers - Fosses",
        "code": "",
        "territories": [
          "TàD Roissy Fosses"
        ],
        "routes": [
          "TàD"
        ]
      }
    },
    {
      "type": "Feature",
      "geometry": {
        "type": "Point",
        "coordinates": [
          2.75968090049199,
          48.73864624674058
        ]
      },
      "properties": {
        "id": "IDFM:16196",
        "name": "Gare de Tournan",
        "code": "",
        "territories": [
          "TàD Gretz-Tournan"
        ],
        "routes": [
          "TàD"
        ]
      }
    },
    {
      "type": "Feature",
      "geometry": {
        "type": "Point",
        "coordinates": [
          2.6389185529821333,
          48.87588269212155
        ]
      },
      "properties": {
        "id": "IDFM:472912",
        "name": "Gare de Vaires - Torcy",
        "code": "",
        "territories": [
          "TàD Bassin Chellois",
          "TàD Desserte Hôpital",
          "TàD Dimanche"
        ],
        "routes": [
          "TàD",
          "TàD",
          "TàD"
        ]
      }
    },
    {
      "type": "Feature",
      "geometry": {
        "type": "Point",
        "coordinates": [
          2.203150496150086,
          49.09170215060282
        ]
      },
      "properties": {
        "id": "IDFM:29694",
        "name": "Gare de Valmondois",
        "code": "",
        "territories": [
          "TàD Vexin Est"
        ],
        "routes": [
          "TàD"
        ]
      }
    },
    {
      "type": "Feature",
      "geometry": {
        "type": "Point",
        "coordinates": [
          2.2028468297797423,
          49.091861987901005
        ]
      },
      "properties": {
        "id": "IDFM:422981",
        "name": "Gare de Valmondois",
        "code": "",
        "territories": [
          "TàD Vexin Est"
        ],
        "routes": [
          "TàD"
        ]
      }
    },
    {
      "type": "Feature",
      "geometry": {
        "type": "Point",
        "coordinates": [
          1.9823320550513026,
          48.980831354873914
        ]
      },
      "properties": {
        "id": "IDFM:13312",
        "name": "Gare de Vernouillet - Verneuil (2B)",
        "code": "",
        "territories": [
          "TàD Sud Meulan - Les Mureaux"
        ],
        "routes": [
          "TàD"
        ]
      }
    },
    {
      "type": "Feature",
      "geometry": {
        "type": "Point",
        "coordinates": [
          2.6033137188767888,
          48.953684021573345
        ]
      },
      "properties": {
        "id": "IDFM:21238",
        "name": "Gare de Villeparisis - Mitry-le-Neuf",
        "code": "",
        "territories": [
          "TàD Roissy Sud"
        ],
        "routes": [
          "TàD"
        ]
      }
    },
    {
      "type": "Feature",
      "geometry": {
        "type": "Point",
        "coordinates": [
          1.912928042103411,
          48.993136402153276
        ]
      },
      "properties": {
        "id": "IDFM:32736",
        "name": "Gare des Mureaux (B2)",
        "code": "",
        "territories": [
          "TàD Sud Meulan - Les Mureaux"
        ],
        "routes": [
          "TàD"
        ]
      }
    },
    {
      "type": "Feature",
      "geometry": {
        "type": "Point",
        "coordinates": [
          2.47945799673578,
          48.40064309438715
        ]
      },
      "properties": {
        "id": "IDFM:7332",
        "name": "Gare Routière",
        "code": "",
        "territories": [
          "TàD 4342",
          "TàD 4344"
        ],
        "routes": [
          "TàD 4342",
          "TàD 4344"
        ]
      }
    },
    {
      "type": "Feature",
      "geometry": {
        "type": "Point",
        "coordinates": [
          2.4797710491906857,
          48.40041055133962
        ]
      },
      "properties": {
        "id": "IDFM:7333",
        "name": "Gare Routière",
        "code": "",
        "territories": [
          "TàD 4342",
          "TàD 4344"
        ],
        "routes": [
          "TàD 4342",
          "TàD 4344"
        ]
      }
    },
    {
      "type": "Feature",
      "geometry": {
        "type": "Point",
        "coordinates": [
          3.0125220356498703,
          48.561023937839124
        ]
      },
      "properties": {
        "id": "IDFM:9706",
        "name": "Gare SNCF / Nangis",
        "code": "",
        "territories": [
          "TàD Nangis / La-Chapelle-Rablais",
          "TàD Nangis / Saint-Just"
        ],
        "routes": [
          "TàD",
          "TàD"
        ]
      }
    },
    {
      "type": "Feature",
      "geometry": {
        "type": "Point",
        "coordinates": [
          3.30246485213134,
          48.55586342822248
        ]
      },
      "properties": {
        "id": "IDFM:9840",
        "name": "Gare SNCF Quai 2",
        "code": "",
        "territories": [
          "TàD 3209"
        ],
        "routes": [
          "TàD 3209"
        ]
      }
    },
    {
      "type": "Feature",
      "geometry": {
        "type": "Point",
        "coordinates": [
          2.335098933472684,
          48.67043049749541
        ]
      },
      "properties": {
        "id": "IDFM:492895",
        "name": "Gare Tram d'Épinay-sur-Orge",
        "code": "",
        "territories": [
          "TàD 4592"
        ],
        "routes": [
          "TàD 4592"
        ]
      }
    },
    {
      "type": "Feature",
      "geometry": {
        "type": "Point",
        "coordinates": [
          2.320928582382462,
          48.66562823866123
        ]
      },
      "properties": {
        "id": "IDFM:483608",
        "name": "Garenne",
        "code": "",
        "territories": [
          "TàD 4592"
        ],
        "routes": [
          "TàD 4592"
        ]
      }
    },
    {
      "type": "Feature",
      "geometry": {
        "type": "Point",
        "coordinates": [
          2.687921078009767,
          49.05759431141819
        ]
      },
      "properties": {
        "id": "IDFM:42061",
        "name": "Garenne",
        "code": "",
        "territories": [
          "TàD Goêle",
          "TàD Roissy Othis"
        ],
        "routes": [
          "TàD",
          "TàD"
        ]
      }
    },
    {
      "type": "Feature",
      "geometry": {
        "type": "Point",
        "coordinates": [
          2.5293366425480124,
          48.93826385262636
        ]
      },
      "properties": {
        "id": "IDFM:19401",
        "name": "Gaston Bussière",
        "code": "",
        "territories": [
          "TàD Roissy Sud"
        ],
        "routes": [
          "TàD"
        ]
      }
    },
    {
      "type": "Feature",
      "geometry": {
        "type": "Point",
        "coordinates": [
          2.5299455311463626,
          48.937348986522714
        ]
      },
      "properties": {
        "id": "IDFM:19048",
        "name": "Gaston Bussière",
        "code": "",
        "territories": [
          "TàD Roissy Sud"
        ],
        "routes": [
          "TàD"
        ]
      }
    },
    {
      "type": "Feature",
      "geometry": {
        "type": "Point",
        "coordinates": [
          2.284750290768878,
          48.64990004746253
        ]
      },
      "properties": {
        "id": "IDFM:3167",
        "name": "Gaudrons",
        "code": "",
        "territories": [
          "TàD 4595"
        ],
        "routes": [
          "TàD 4595"
        ]
      }
    },
    {
      "type": "Feature",
      "geometry": {
        "type": "Point",
        "coordinates": [
          2.354694004883186,
          48.47796768530011
        ]
      },
      "properties": {
        "id": "IDFM:415592",
        "name": "Gendarmerie",
        "code": "",
        "territories": [
          "TàD 4305"
        ],
        "routes": [
          "TàD 4305"
        ]
      }
    },
    {
      "type": "Feature",
      "geometry": {
        "type": "Point",
        "coordinates": [
          2.3552104687078117,
          48.477781566642
        ]
      },
      "properties": {
        "id": "IDFM:415595",
        "name": "Gendarmerie",
        "code": "",
        "territories": [
          "TàD 4305"
        ],
        "routes": [
          "TàD 4305"
        ]
      }
    },
    {
      "type": "Feature",
      "geometry": {
        "type": "Point",
        "coordinates": [
          2.5132809344262976,
          49.09902213632988
        ]
      },
      "properties": {
        "id": "IDFM:419729",
        "name": "Gendarmerie",
        "code": "",
        "territories": [
          "TàD Roissy Fosses"
        ],
        "routes": [
          "TàD"
        ]
      }
    },
    {
      "type": "Feature",
      "geometry": {
        "type": "Point",
        "coordinates": [
          2.513376021127661,
          49.09910344315184
        ]
      },
      "properties": {
        "id": "IDFM:419728",
        "name": "Gendarmerie",
        "code": "",
        "territories": [
          "TàD Roissy Fosses"
        ],
        "routes": [
          "TàD"
        ]
      }
    },
    {
      "type": "Feature",
      "geometry": {
        "type": "Point",
        "coordinates": [
          2.4289236292526732,
          48.56389978836908
        ]
      },
      "properties": {
        "id": "IDFM:9442",
        "name": "Gendarmerie",
        "code": "",
        "territories": [
          "TàD 4308",
          "TàD 4318"
        ],
        "routes": [
          "TàD 4308",
          "TàD 4318"
        ]
      }
    },
    {
      "type": "Feature",
      "geometry": {
        "type": "Point",
        "coordinates": [
          2.429004355495619,
          48.563954150017096
        ]
      },
      "properties": {
        "id": "IDFM:10427",
        "name": "Gendarmerie",
        "code": "",
        "territories": [
          "TàD 4308",
          "TàD 4318"
        ],
        "routes": [
          "TàD 4308",
          "TàD 4318"
        ]
      }
    },
    {
      "type": "Feature",
      "geometry": {
        "type": "Point",
        "coordinates": [
          2.407064010526394,
          48.9745911751165
        ]
      },
      "properties": {
        "id": "IDFM:37993",
        "name": "Georges Brassens",
        "code": "",
        "territories": [
          "TàD Roissy Sarcelles"
        ],
        "routes": [
          "TàD"
        ]
      }
    },
    {
      "type": "Feature",
      "geometry": {
        "type": "Point",
        "coordinates": [
          2.4075430120472205,
          48.974512609635596
        ]
      },
      "properties": {
        "id": "IDFM:37992",
        "name": "Georges Brassens",
        "code": "",
        "territories": [
          "TàD Roissy Sarcelles"
        ],
        "routes": [
          "TàD"
        ]
      }
    },
    {
      "type": "Feature",
      "geometry": {
        "type": "Point",
        "coordinates": [
          2.4674785198048386,
          49.04300809806587
        ]
      },
      "properties": {
        "id": "IDFM:38565",
        "name": "Georges Brassens",
        "code": "",
        "territories": [
          "TàD Roissy Goussainville"
        ],
        "routes": [
          "TàD"
        ]
      }
    },
    {
      "type": "Feature",
      "geometry": {
        "type": "Point",
        "coordinates": [
          2.467341652739367,
          49.043016483042464
        ]
      },
      "properties": {
        "id": "IDFM:38453",
        "name": "Georges Brassens",
        "code": "",
        "territories": [
          "TàD Roissy Goussainville"
        ],
        "routes": [
          "TàD"
        ]
      }
    },
    {
      "type": "Feature",
      "geometry": {
        "type": "Point",
        "coordinates": [
          2.9159938048710266,
          48.956747752685466
        ]
      },
      "properties": {
        "id": "IDFM:478008",
        "name": "Georges Claude",
        "code": "",
        "territories": [
          "TàD ZI Poincy"
        ],
        "routes": [
          "TàD"
        ]
      }
    },
    {
      "type": "Feature",
      "geometry": {
        "type": "Point",
        "coordinates": [
          2.9166492205097727,
          48.9567661948561
        ]
      },
      "properties": {
        "id": "IDFM:493643",
        "name": "Georges Claude Quai 1",
        "code": "",
        "territories": [
          "TàD ZI Poincy"
        ],
        "routes": [
          "TàD"
        ]
      }
    },
    {
      "type": "Feature",
      "geometry": {
        "type": "Point",
        "coordinates": [
          2.5472779841769637,
          48.95498728598427
        ]
      },
      "properties": {
        "id": "IDFM:38169",
        "name": "Georges Sachet",
        "code": "",
        "territories": [
          "TàD Roissy Sud"
        ],
        "routes": [
          "TàD"
        ]
      }
    },
    {
      "type": "Feature",
      "geometry": {
        "type": "Point",
        "coordinates": [
          2.5489539624945747,
          48.953824570966525
        ]
      },
      "properties": {
        "id": "IDFM:19080",
        "name": "Georges Sachet",
        "code": "",
        "territories": [
          "TàD Roissy Sud"
        ],
        "routes": [
          "TàD"
        ]
      }
    },
    {
      "type": "Feature",
      "geometry": {
        "type": "Point",
        "coordinates": [
          2.9509437538329095,
          48.54446268754925
        ]
      },
      "properties": {
        "id": "IDFM:9809",
        "name": "Glatigny",
        "code": "",
        "territories": [
          "TàD Nangis / La-Chapelle-Rablais"
        ],
        "routes": [
          "TàD"
        ]
      }
    },
    {
      "type": "Feature",
      "geometry": {
        "type": "Point",
        "coordinates": [
          3.1573963583361544,
          48.9186443357777
        ]
      },
      "properties": {
        "id": "IDFM:10716",
        "name": "Gouffre du Biercy",
        "code": "",
        "territories": [
          "TàD 2429"
        ],
        "routes": [
          "TàD 2429"
        ]
      }
    },
    {
      "type": "Feature",
      "geometry": {
        "type": "Point",
        "coordinates": [
          3.157245773398518,
          48.918482664551014
        ]
      },
      "properties": {
        "id": "IDFM:10715",
        "name": "Gouffre du Biercy",
        "code": "",
        "territories": [
          "TàD 2429"
        ],
        "routes": [
          "TàD 2429"
        ]
      }
    },
    {
      "type": "Feature",
      "geometry": {
        "type": "Point",
        "coordinates": [
          2.228156694998702,
          48.69017780083209
        ]
      },
      "properties": {
        "id": "IDFM:485332",
        "name": "Grand Dôme",
        "code": "",
        "territories": [
          "TàD Courtaboeuf"
        ],
        "routes": [
          "TàD"
        ]
      }
    },
    {
      "type": "Feature",
      "geometry": {
        "type": "Point",
        "coordinates": [
          2.2912854047906164,
          48.41096788969338
        ]
      },
      "properties": {
        "id": "IDFM:495773",
        "name": "Grand Freneville",
        "code": "",
        "territories": [
          "TàD 4342"
        ],
        "routes": [
          "TàD 4342"
        ]
      }
    },
    {
      "type": "Feature",
      "geometry": {
        "type": "Point",
        "coordinates": [
          2.2932476242245445,
          48.411771325407926
        ]
      },
      "properties": {
        "id": "IDFM:7379",
        "name": "Grand Freneville",
        "code": "",
        "territories": [
          "TàD 4342"
        ],
        "routes": [
          "TàD 4342"
        ]
      }
    },
    {
      "type": "Feature",
      "geometry": {
        "type": "Point",
        "coordinates": [
          2.6002490390038426,
          49.01486621678635
        ]
      },
      "properties": {
        "id": "IDFM:423826",
        "name": "Grande Borne",
        "code": "",
        "territories": [
          "TàD Roissy Othis"
        ],
        "routes": [
          "TàD"
        ]
      }
    },
    {
      "type": "Feature",
      "geometry": {
        "type": "Point",
        "coordinates": [
          2.6001108831153967,
          49.015054588775364
        ]
      },
      "properties": {
        "id": "IDFM:38027",
        "name": "Grande Borne",
        "code": "",
        "territories": [
          "TàD Roissy Othis",
          "TàD Roissy Saint-Pathus"
        ],
        "routes": [
          "TàD",
          "TàD"
        ]
      }
    },
    {
      "type": "Feature",
      "geometry": {
        "type": "Point",
        "coordinates": [
          2.2239883909937372,
          48.42271950788245
        ]
      },
      "properties": {
        "id": "IDFM:412646",
        "name": "Grande Place",
        "code": "",
        "territories": [
          "TàD 4342",
          "TàD 4344"
        ],
        "routes": [
          "TàD 4342",
          "TàD 4344"
        ]
      }
    },
    {
      "type": "Feature",
      "geometry": {
        "type": "Point",
        "coordinates": [
          2.5786361095908217,
          48.86991204539458
        ]
      },
      "properties": {
        "id": "IDFM:2269",
        "name": "Grande Prairie",
        "code": "",
        "territories": [
          "TàD Bassin Chellois",
          "TàD Desserte Hôpital",
          "TàD Dimanche"
        ],
        "routes": [
          "TàD",
          "TàD",
          "TàD"
        ]
      }
    },
    {
      "type": "Feature",
      "geometry": {
        "type": "Point",
        "coordinates": [
          2.579277256121905,
          48.86986034133374
        ]
      },
      "properties": {
        "id": "IDFM:2270",
        "name": "Grande Prairie",
        "code": "",
        "territories": [
          "TàD Bassin Chellois",
          "TàD Desserte Hôpital",
          "TàD Dimanche"
        ],
        "routes": [
          "TàD",
          "TàD",
          "TàD"
        ]
      }
    },
    {
      "type": "Feature",
      "geometry": {
        "type": "Point",
        "coordinates": [
          1.8703443272097364,
          49.08240840925061
        ]
      },
      "properties": {
        "id": "IDFM:32429",
        "name": "Grande Rue",
        "code": "",
        "territories": [
          "TàD Vexin Est"
        ],
        "routes": [
          "TàD"
        ]
      }
    },
    {
      "type": "Feature",
      "geometry": {
        "type": "Point",
        "coordinates": [
          2.1497893995533057,
          49.14967345032616
        ]
      },
      "properties": {
        "id": "IDFM:29593",
        "name": "Grande Rue",
        "code": "",
        "territories": [
          "TàD Vexin Est"
        ],
        "routes": [
          "TàD"
        ]
      }
    },
    {
      "type": "Feature",
      "geometry": {
        "type": "Point",
        "coordinates": [
          1.8854369370125708,
          49.15280295653775
        ]
      },
      "properties": {
        "id": "IDFM:417059",
        "name": "Grande Rue",
        "code": "",
        "territories": [
          "TàD Vexin Est"
        ],
        "routes": [
          "TàD"
        ]
      }
    },
    {
      "type": "Feature",
      "geometry": {
        "type": "Point",
        "coordinates": [
          2.603273842642161,
          48.944592410625546
        ]
      },
      "properties": {
        "id": "IDFM:38156",
        "name": "Grillons",
        "code": "",
        "territories": [
          "TàD Roissy Sud"
        ],
        "routes": [
          "TàD"
        ]
      }
    },
    {
      "type": "Feature",
      "geometry": {
        "type": "Point",
        "coordinates": [
          2.8246151521644345,
          49.07373256399073
        ]
      },
      "properties": {
        "id": "IDFM:423842",
        "name": "Gros Merisier",
        "code": "",
        "territories": [
          "TàD Roissy Saint-Pathus"
        ],
        "routes": [
          "TàD"
        ]
      }
    },
    {
      "type": "Feature",
      "geometry": {
        "type": "Point",
        "coordinates": [
          2.520033328573309,
          48.94941382590368
        ]
      },
      "properties": {
        "id": "IDFM:490620",
        "name": "Gros Saule",
        "code": "",
        "territories": [
          "TàD Roissy Sud"
        ],
        "routes": [
          "TàD"
        ]
      }
    },
    {
      "type": "Feature",
      "geometry": {
        "type": "Point",
        "coordinates": [
          2.5191319031488644,
          48.94944618410442
        ]
      },
      "properties": {
        "id": "IDFM:19025",
        "name": "Gros Saule",
        "code": "",
        "territories": [
          "TàD Roissy Sud"
        ],
        "routes": [
          "TàD"
        ]
      }
    },
    {
      "type": "Feature",
      "geometry": {
        "type": "Point",
        "coordinates": [
          1.8970958317358944,
          49.00569888733684
        ]
      },
      "properties": {
        "id": "IDFM:32612",
        "name": "Groupe Scolaire Lachiver",
        "code": "",
        "territories": [
          "TàD Nord Meulan - Les Mureaux"
        ],
        "routes": [
          "TàD"
        ]
      }
    },
    {
      "type": "Feature",
      "geometry": {
        "type": "Point",
        "coordinates": [
          1.89714591687194,
          49.005915175891396
        ]
      },
      "properties": {
        "id": "IDFM:32613",
        "name": "Groupe Scolaire Lachiver",
        "code": "",
        "territories": [
          "TàD Nord Meulan - Les Mureaux"
        ],
        "routes": [
          "TàD"
        ]
      }
    },
    {
      "type": "Feature",
      "geometry": {
        "type": "Point",
        "coordinates": [
          2.361052512462768,
          48.57810966266798
        ]
      },
      "properties": {
        "id": "IDFM:411533",
        "name": "Guichet",
        "code": "",
        "territories": [
          "TàD 4301/4530"
        ],
        "routes": [
          "TàD 4301"
        ]
      }
    },
    {
      "type": "Feature",
      "geometry": {
        "type": "Point",
        "coordinates": [
          2.3608769433080132,
          48.578054745938395
        ]
      },
      "properties": {
        "id": "IDFM:35329",
        "name": "Guichet",
        "code": "",
        "territories": [
          "TàD 4301/4530"
        ],
        "routes": [
          "TàD 4301"
        ]
      }
    },
    {
      "type": "Feature",
      "geometry": {
        "type": "Point",
        "coordinates": [
          2.2098461424319504,
          48.398676169825876
        ]
      },
      "properties": {
        "id": "IDFM:37347",
        "name": "Guignonville",
        "code": "",
        "territories": [
          "TàD 4342"
        ],
        "routes": [
          "TàD 4342"
        ]
      }
    },
    {
      "type": "Feature",
      "geometry": {
        "type": "Point",
        "coordinates": [
          1.8973790555645225,
          49.00716732267349
        ]
      },
      "properties": {
        "id": "IDFM:32610",
        "name": "Guillaume de Beaumont",
        "code": "",
        "territories": [
          "TàD Nord Meulan - Les Mureaux"
        ],
        "routes": [
          "TàD"
        ]
      }
    },
    {
      "type": "Feature",
      "geometry": {
        "type": "Point",
        "coordinates": [
          2.6742108248482985,
          49.079569121506466
        ]
      },
      "properties": {
        "id": "IDFM:38050",
        "name": "Guincourt",
        "code": "",
        "territories": [
          "TàD Goêle",
          "TàD Roissy Othis"
        ],
        "routes": [
          "TàD",
          "TàD"
        ]
      }
    },
    {
      "type": "Feature",
      "geometry": {
        "type": "Point",
        "coordinates": [
          2.6740591344065865,
          49.07974853844322
        ]
      },
      "properties": {
        "id": "IDFM:423584",
        "name": "Guincourt",
        "code": "",
        "territories": [
          "TàD Goêle",
          "TàD Roissy Othis"
        ],
        "routes": [
          "TàD",
          "TàD"
        ]
      }
    },
    {
      "type": "Feature",
      "geometry": {
        "type": "Point",
        "coordinates": [
          2.6326535925859718,
          48.97544922360945
        ]
      },
      "properties": {
        "id": "IDFM:38037",
        "name": "Guy Môquet",
        "code": "",
        "territories": [
          "TàD Roissy Sud"
        ],
        "routes": [
          "TàD"
        ]
      }
    },
    {
      "type": "Feature",
      "geometry": {
        "type": "Point",
        "coordinates": [
          2.331226337476044,
          48.66528168056854
        ]
      },
      "properties": {
        "id": "IDFM:11828",
        "name": "Guy Môquet",
        "code": "",
        "territories": [
          "TàD 4592"
        ],
        "routes": [
          "TàD 4592"
        ]
      }
    },
    {
      "type": "Feature",
      "geometry": {
        "type": "Point",
        "coordinates": [
          2.3312638530190477,
          48.66553375182371
        ]
      },
      "properties": {
        "id": "IDFM:11827",
        "name": "Guy Môquet",
        "code": "",
        "territories": [
          "TàD 4592"
        ],
        "routes": [
          "TàD 4592"
        ]
      }
    },
    {
      "type": "Feature",
      "geometry": {
        "type": "Point",
        "coordinates": [
          2.6328579189557555,
          48.975530780091
        ]
      },
      "properties": {
        "id": "IDFM:39122",
        "name": "Guy Môquet",
        "code": "",
        "territories": [
          "TàD Roissy Sud"
        ],
        "routes": [
          "TàD"
        ]
      }
    },
    {
      "type": "Feature",
      "geometry": {
        "type": "Point",
        "coordinates": [
          2.632603100664278,
          48.86856101441343
        ]
      },
      "properties": {
        "id": "IDFM:16738",
        "name": "Gymnase",
        "code": "",
        "territories": [
          "TàD Bassin Chellois",
          "TàD Desserte Hôpital",
          "TàD Dimanche"
        ],
        "routes": [
          "TàD",
          "TàD",
          "TàD"
        ]
      }
    },
    {
      "type": "Feature",
      "geometry": {
        "type": "Point",
        "coordinates": [
          2.6317421335131446,
          48.868864137660594
        ]
      },
      "properties": {
        "id": "IDFM:16737",
        "name": "Gymnase",
        "code": "",
        "territories": [
          "TàD Bassin Chellois",
          "TàD Desserte Hôpital",
          "TàD Dimanche"
        ],
        "routes": [
          "TàD",
          "TàD",
          "TàD"
        ]
      }
    },
    {
      "type": "Feature",
      "geometry": {
        "type": "Point",
        "coordinates": [
          2.4994876279453524,
          49.061201181210784
        ]
      },
      "properties": {
        "id": "IDFM:419726",
        "name": "Gymnase",
        "code": "",
        "territories": [
          "TàD Roissy Fosses"
        ],
        "routes": [
          "TàD"
        ]
      }
    },
    {
      "type": "Feature",
      "geometry": {
        "type": "Point",
        "coordinates": [
          2.499637526462715,
          49.0612647472218
        ]
      },
      "properties": {
        "id": "IDFM:419599",
        "name": "Gymnase",
        "code": "",
        "territories": [
          "TàD Roissy Fosses"
        ],
        "routes": [
          "TàD"
        ]
      }
    },
    {
      "type": "Feature",
      "geometry": {
        "type": "Point",
        "coordinates": [
          2.3686707073783384,
          48.555670011277684
        ]
      },
      "properties": {
        "id": "IDFM:35366",
        "name": "Gymnase",
        "code": "",
        "territories": [
          "TàD 4301/4530"
        ],
        "routes": [
          "TàD 4301"
        ]
      }
    },
    {
      "type": "Feature",
      "geometry": {
        "type": "Point",
        "coordinates": [
          2.500622450079724,
          49.05702476698401
        ]
      },
      "properties": {
        "id": "IDFM:415757",
        "name": "Général Leclerc",
        "code": "",
        "territories": [
          "TàD Roissy Fosses"
        ],
        "routes": [
          "TàD"
        ]
      }
    },
    {
      "type": "Feature",
      "geometry": {
        "type": "Point",
        "coordinates": [
          2.0565299392518916,
          49.1029148050073
        ]
      },
      "properties": {
        "id": "IDFM:29589",
        "name": "Gérocourt Centre",
        "code": "",
        "territories": [
          "TàD Vexin Est"
        ],
        "routes": [
          "TàD"
        ]
      }
    },
    {
      "type": "Feature",
      "geometry": {
        "type": "Point",
        "coordinates": [
          2.056420398313648,
          49.10291394554579
        ]
      },
      "properties": {
        "id": "IDFM:29570",
        "name": "Gérocourt Centre",
        "code": "",
        "territories": [
          "TàD Vexin Est"
        ],
        "routes": [
          "TàD"
        ]
      }
    },
    {
      "type": "Feature",
      "geometry": {
        "type": "Point",
        "coordinates": [
          2.056756756511661,
          49.10173866187653
        ]
      },
      "properties": {
        "id": "IDFM:41902",
        "name": "Gérocourt Chapelle",
        "code": "",
        "territories": [
          "TàD Vexin Est"
        ],
        "routes": [
          "TàD"
        ]
      }
    },
    {
      "type": "Feature",
      "geometry": {
        "type": "Point",
        "coordinates": [
          2.056636306771153,
          49.101584856758485
        ]
      },
      "properties": {
        "id": "IDFM:41901",
        "name": "Gérocourt Chapelle",
        "code": "",
        "territories": [
          "TàD Vexin Est"
        ],
        "routes": [
          "TàD"
        ]
      }
    },
    {
      "type": "Feature",
      "geometry": {
        "type": "Point",
        "coordinates": [
          2.50413642312413,
          49.084463659487085
        ]
      },
      "properties": {
        "id": "IDFM:419696",
        "name": "Hameau de Prieuré",
        "code": "",
        "territories": [
          "TàD Roissy Fosses"
        ],
        "routes": [
          "TàD"
        ]
      }
    },
    {
      "type": "Feature",
      "geometry": {
        "type": "Point",
        "coordinates": [
          2.501044045482967,
          49.090016568471654
        ]
      },
      "properties": {
        "id": "IDFM:38188",
        "name": "Hameau des Cèdres",
        "code": "",
        "territories": [
          "TàD Roissy Fosses"
        ],
        "routes": [
          "TàD"
        ]
      }
    },
    {
      "type": "Feature",
      "geometry": {
        "type": "Point",
        "coordinates": [
          2.659032280257006,
          49.05235460626136
        ]
      },
      "properties": {
        "id": "IDFM:38276",
        "name": "Hamel",
        "code": "",
        "territories": [
          "TàD Goêle"
        ],
        "routes": [
          "TàD"
        ]
      }
    },
    {
      "type": "Feature",
      "geometry": {
        "type": "Point",
        "coordinates": [
          2.363278177522366,
          48.5533743204745
        ]
      },
      "properties": {
        "id": "IDFM:462408",
        "name": "Haut de Vigne 1",
        "code": "",
        "territories": [
          "TàD 4301/4530"
        ],
        "routes": [
          "TàD 4301"
        ]
      }
    },
    {
      "type": "Feature",
      "geometry": {
        "type": "Point",
        "coordinates": [
          2.3632140355253366,
          48.554192597042984
        ]
      },
      "properties": {
        "id": "IDFM:35364",
        "name": "Haut de Vigne 2",
        "code": "",
        "territories": [
          "TàD 4301/4530"
        ],
        "routes": [
          "TàD 4301"
        ]
      }
    },
    {
      "type": "Feature",
      "geometry": {
        "type": "Point",
        "coordinates": [
          2.503489301122689,
          49.096293691187874
        ]
      },
      "properties": {
        "id": "IDFM:423519",
        "name": "Haute Grève",
        "code": "",
        "territories": [
          "TàD Roissy Fosses"
        ],
        "routes": [
          "TàD"
        ]
      }
    },
    {
      "type": "Feature",
      "geometry": {
        "type": "Point",
        "coordinates": [
          2.283886452605749,
          48.63068997033489
        ]
      },
      "properties": {
        "id": "IDFM:3175",
        "name": "Hautes Fleurances",
        "code": "",
        "territories": [
          "TàD 4595"
        ],
        "routes": [
          "TàD 4595"
        ]
      }
    },
    {
      "type": "Feature",
      "geometry": {
        "type": "Point",
        "coordinates": [
          1.8765988164087775,
          49.00474438204877
        ]
      },
      "properties": {
        "id": "IDFM:32774",
        "name": "Hautes Groux",
        "code": "",
        "territories": [
          "TàD Nord Meulan - Les Mureaux"
        ],
        "routes": [
          "TàD"
        ]
      }
    },
    {
      "type": "Feature",
      "geometry": {
        "type": "Point",
        "coordinates": [
          1.8766527040020977,
          49.00478085800684
        ]
      },
      "properties": {
        "id": "IDFM:32773",
        "name": "Hautes Groux",
        "code": "",
        "territories": [
          "TàD Nord Meulan - Les Mureaux"
        ],
        "routes": [
          "TàD"
        ]
      }
    },
    {
      "type": "Feature",
      "geometry": {
        "type": "Point",
        "coordinates": [
          2.4639021570043895,
          49.03700359498103
        ]
      },
      "properties": {
        "id": "IDFM:37998",
        "name": "Henri Dunant",
        "code": "",
        "territories": [
          "TàD Roissy Goussainville"
        ],
        "routes": [
          "TàD"
        ]
      }
    },
    {
      "type": "Feature",
      "geometry": {
        "type": "Point",
        "coordinates": [
          2.3981303935841405,
          49.007611570653644
        ]
      },
      "properties": {
        "id": "IDFM:28350",
        "name": "Henri Sellier",
        "code": "",
        "territories": [
          "TàD Roissy Villiers-le-Bel"
        ],
        "routes": [
          "TàD"
        ]
      }
    },
    {
      "type": "Feature",
      "geometry": {
        "type": "Point",
        "coordinates": [
          2.3982315090907638,
          49.008322462363815
        ]
      },
      "properties": {
        "id": "IDFM:39650",
        "name": "Henri Sellier",
        "code": "",
        "territories": [
          "TàD Roissy Villiers-le-Bel"
        ],
        "routes": [
          "TàD"
        ]
      }
    },
    {
      "type": "Feature",
      "geometry": {
        "type": "Point",
        "coordinates": [
          2.694887822605155,
          49.05945547937489
        ]
      },
      "properties": {
        "id": "IDFM:38249",
        "name": "Herse d'Or",
        "code": "",
        "territories": [
          "TàD Goêle"
        ],
        "routes": [
          "TàD"
        ]
      }
    },
    {
      "type": "Feature",
      "geometry": {
        "type": "Point",
        "coordinates": [
          2.6947919426671203,
          49.05947321901439
        ]
      },
      "properties": {
        "id": "IDFM:38248",
        "name": "Herse d'Or",
        "code": "",
        "territories": [
          "TàD Goêle"
        ],
        "routes": [
          "TàD"
        ]
      }
    },
    {
      "type": "Feature",
      "geometry": {
        "type": "Point",
        "coordinates": [
          2.81649593201718,
          49.07084318744483
        ]
      },
      "properties": {
        "id": "IDFM:415839",
        "name": "Hildevert",
        "code": "",
        "territories": [
          "TàD Roissy Saint-Pathus"
        ],
        "routes": [
          "TàD"
        ]
      }
    },
    {
      "type": "Feature",
      "geometry": {
        "type": "Point",
        "coordinates": [
          2.6123515772444867,
          48.939217547286965
        ]
      },
      "properties": {
        "id": "IDFM:424995",
        "name": "Honoré de Balzac",
        "code": "",
        "territories": [
          "TàD Roissy Sud"
        ],
        "routes": [
          "TàD"
        ]
      }
    },
    {
      "type": "Feature",
      "geometry": {
        "type": "Point",
        "coordinates": [
          2.185502138409148,
          48.79704660120747
        ]
      },
      "properties": {
        "id": "IDFM:12751",
        "name": "Hubert Georgette",
        "code": "",
        "territories": [
          "TàD 6131"
        ],
        "routes": [
          "TàD 6131"
        ]
      }
    },
    {
      "type": "Feature",
      "geometry": {
        "type": "Point",
        "coordinates": [
          2.11728024249352,
          49.170388893926884
        ]
      },
      "properties": {
        "id": "IDFM:41563",
        "name": "Héréville Transformateur",
        "code": "",
        "territories": [
          "TàD Vexin Est"
        ],
        "routes": [
          "TàD"
        ]
      }
    },
    {
      "type": "Feature",
      "geometry": {
        "type": "Point",
        "coordinates": [
          2.0939978632212792,
          49.06139958062752
        ]
      },
      "properties": {
        "id": "IDFM:8623",
        "name": "Hôpital Administration",
        "code": "",
        "territories": [
          "TàD Vexin Est"
        ],
        "routes": [
          "TàD"
        ]
      }
    },
    {
      "type": "Feature",
      "geometry": {
        "type": "Point",
        "coordinates": [
          2.0937322372443297,
          49.0609389811071
        ]
      },
      "properties": {
        "id": "IDFM:8689",
        "name": "Hôpital Administration",
        "code": "",
        "territories": [
          "TàD Vexin Est"
        ],
        "routes": [
          "TàD"
        ]
      }
    },
    {
      "type": "Feature",
      "geometry": {
        "type": "Point",
        "coordinates": [
          2.529014654210002,
          48.95130192117792
        ]
      },
      "properties": {
        "id": "IDFM:40717",
        "name": "Hôpital Ballanger",
        "code": "",
        "territories": [
          "TàD Roissy Sud"
        ],
        "routes": [
          "TàD"
        ]
      }
    },
    {
      "type": "Feature",
      "geometry": {
        "type": "Point",
        "coordinates": [
          2.529425309321506,
          48.95109670414091
        ]
      },
      "properties": {
        "id": "IDFM:462428",
        "name": "Hôpital Ballanger",
        "code": "",
        "territories": [
          "TàD Roissy Sud"
        ],
        "routes": [
          "TàD"
        ]
      }
    },
    {
      "type": "Feature",
      "geometry": {
        "type": "Point",
        "coordinates": [
          2.4522755222403596,
          48.99463431182776
        ]
      },
      "properties": {
        "id": "IDFM:424888",
        "name": "Hôpital de Gonesse",
        "code": "",
        "territories": [
          "TàD Roissy Sarcelles",
          "TàD Roissy Villiers-le-Bel"
        ],
        "routes": [
          "TàD",
          "TàD"
        ]
      }
    },
    {
      "type": "Feature",
      "geometry": {
        "type": "Point",
        "coordinates": [
          2.451083103112009,
          48.994709793594375
        ]
      },
      "properties": {
        "id": "IDFM:424887",
        "name": "Hôpital de Gonesse",
        "code": "",
        "territories": [
          "TàD Roissy Villiers-le-Bel"
        ],
        "routes": [
          "TàD"
        ]
      }
    },
    {
      "type": "Feature",
      "geometry": {
        "type": "Point",
        "coordinates": [
          1.9099661055570682,
          49.003388403872535
        ]
      },
      "properties": {
        "id": "IDFM:494504",
        "name": "Hôpital de Meulan",
        "code": "",
        "territories": [
          "TàD Nord Meulan - Les Mureaux"
        ],
        "routes": [
          "TàD"
        ]
      }
    },
    {
      "type": "Feature",
      "geometry": {
        "type": "Point",
        "coordinates": [
          2.6159030146977744,
          48.72259314412418
        ]
      },
      "properties": {
        "id": "IDFM:19767",
        "name": "Hôpital Forcilles",
        "code": "",
        "territories": [
          "TàD 3144"
        ],
        "routes": [
          "TàD 3144"
        ]
      }
    },
    {
      "type": "Feature",
      "geometry": {
        "type": "Point",
        "coordinates": [
          2.432130710424947,
          48.52308303194665
        ]
      },
      "properties": {
        "id": "IDFM:9478",
        "name": "Hôpital Georges Clemenceau",
        "code": "",
        "territories": [
          "TàD 4308",
          "TàD 4318"
        ],
        "routes": [
          "TàD 4308",
          "TàD 4318"
        ]
      }
    },
    {
      "type": "Feature",
      "geometry": {
        "type": "Point",
        "coordinates": [
          2.2694115570342337,
          48.99971217882621
        ]
      },
      "properties": {
        "id": "IDFM:23085",
        "name": "Hôpital Simone Veil",
        "code": "",
        "territories": [
          "TàD Eaubonne Domont"
        ],
        "routes": [
          "TàD"
        ]
      }
    },
    {
      "type": "Feature",
      "geometry": {
        "type": "Point",
        "coordinates": [
          2.269330582149521,
          49.00061092602333
        ]
      },
      "properties": {
        "id": "IDFM:422478",
        "name": "Hôpital Simone Veil",
        "code": "",
        "territories": [
          "TàD Eaubonne Domont"
        ],
        "routes": [
          "TàD"
        ]
      }
    },
    {
      "type": "Feature",
      "geometry": {
        "type": "Point",
        "coordinates": [
          2.322799226902036,
          48.45820477572823
        ]
      },
      "properties": {
        "id": "IDFM:415582",
        "name": "Hôtel de Ville",
        "code": "",
        "territories": [
          "TàD 4306"
        ],
        "routes": [
          "TàD 4306"
        ]
      }
    },
    {
      "type": "Feature",
      "geometry": {
        "type": "Point",
        "coordinates": [
          2.3232833434785527,
          48.4584234533233
        ]
      },
      "properties": {
        "id": "IDFM:415579",
        "name": "Hôtel de Ville",
        "code": "",
        "territories": [
          "TàD 4306"
        ],
        "routes": [
          "TàD 4306"
        ]
      }
    },
    {
      "type": "Feature",
      "geometry": {
        "type": "Point",
        "coordinates": [
          2.3486047821410474,
          48.48235165653134
        ]
      },
      "properties": {
        "id": "IDFM:11833",
        "name": "Hôtel de Ville",
        "code": "",
        "territories": [
          "TàD 4306"
        ],
        "routes": [
          "TàD 4306"
        ]
      }
    },
    {
      "type": "Feature",
      "geometry": {
        "type": "Point",
        "coordinates": [
          2.460596598314186,
          48.511277916846545
        ]
      },
      "properties": {
        "id": "IDFM:21574",
        "name": "IME",
        "code": "",
        "territories": [
          "TàD 4308"
        ],
        "routes": [
          "TàD 4308"
        ]
      }
    },
    {
      "type": "Feature",
      "geometry": {
        "type": "Point",
        "coordinates": [
          2.4599306032999766,
          48.51152678138292
        ]
      },
      "properties": {
        "id": "IDFM:21573",
        "name": "IME",
        "code": "",
        "territories": [
          "TàD 4308"
        ],
        "routes": [
          "TàD 4308"
        ]
      }
    },
    {
      "type": "Feature",
      "geometry": {
        "type": "Point",
        "coordinates": [
          2.371437541418495,
          48.60292971500915
        ]
      },
      "properties": {
        "id": "IDFM:8491",
        "name": "Imprimerie Nationale",
        "code": "",
        "territories": [
          "TàD 4301/4530"
        ],
        "routes": [
          "TàD 4301"
        ]
      }
    },
    {
      "type": "Feature",
      "geometry": {
        "type": "Point",
        "coordinates": [
          2.5596131785751206,
          48.97537415428002
        ]
      },
      "properties": {
        "id": "IDFM:19397",
        "name": "IUT",
        "code": "",
        "territories": [
          "TàD Roissy Sud"
        ],
        "routes": [
          "TàD"
        ]
      }
    },
    {
      "type": "Feature",
      "geometry": {
        "type": "Point",
        "coordinates": [
          2.559390963416701,
          48.97580497175416
        ]
      },
      "properties": {
        "id": "IDFM:19230",
        "name": "IUT",
        "code": "",
        "territories": [
          "TàD Roissy Sud"
        ],
        "routes": [
          "TàD"
        ]
      }
    },
    {
      "type": "Feature",
      "geometry": {
        "type": "Point",
        "coordinates": [
          2.413486699160484,
          48.976798930829524
        ]
      },
      "properties": {
        "id": "IDFM:37994",
        "name": "Jacques Decour",
        "code": "",
        "territories": [
          "TàD Roissy Sarcelles"
        ],
        "routes": [
          "TàD"
        ]
      }
    },
    {
      "type": "Feature",
      "geometry": {
        "type": "Point",
        "coordinates": [
          2.4132112660658964,
          48.97699541794071
        ]
      },
      "properties": {
        "id": "IDFM:38591",
        "name": "Jacques Decour",
        "code": "",
        "territories": [
          "TàD Roissy Sarcelles"
        ],
        "routes": [
          "TàD"
        ]
      }
    },
    {
      "type": "Feature",
      "geometry": {
        "type": "Point",
        "coordinates": [
          2.3855581557869834,
          48.42594253704653
        ]
      },
      "properties": {
        "id": "IDFM:12910",
        "name": "Jarcy",
        "code": "",
        "territories": [
          "TàD 4344"
        ],
        "routes": [
          "TàD 4344"
        ]
      }
    },
    {
      "type": "Feature",
      "geometry": {
        "type": "Point",
        "coordinates": [
          2.3851382947609263,
          48.42601233545105
        ]
      },
      "properties": {
        "id": "IDFM:12904",
        "name": "Jarcy",
        "code": "",
        "territories": [
          "TàD 4344"
        ],
        "routes": [
          "TàD 4344"
        ]
      }
    },
    {
      "type": "Feature",
      "geometry": {
        "type": "Point",
        "coordinates": [
          2.5444720584863934,
          49.10226431891859
        ]
      },
      "properties": {
        "id": "IDFM:38594",
        "name": "Jardin Frémin",
        "code": "",
        "territories": [
          "TàD Roissy Fosses"
        ],
        "routes": [
          "TàD"
        ]
      }
    },
    {
      "type": "Feature",
      "geometry": {
        "type": "Point",
        "coordinates": [
          2.5443905313944897,
          49.10219207980609
        ]
      },
      "properties": {
        "id": "IDFM:38593",
        "name": "Jardin Frémin",
        "code": "",
        "territories": [
          "TàD Roissy Fosses"
        ],
        "routes": [
          "TàD"
        ]
      }
    },
    {
      "type": "Feature",
      "geometry": {
        "type": "Point",
        "coordinates": [
          2.5832010160659022,
          48.951596964758494
        ]
      },
      "properties": {
        "id": "IDFM:424993",
        "name": "Jaurès",
        "code": "",
        "territories": [
          "TàD Roissy Sud"
        ],
        "routes": [
          "TàD"
        ]
      }
    },
    {
      "type": "Feature",
      "geometry": {
        "type": "Point",
        "coordinates": [
          2.3962100594344795,
          49.00348348268345
        ]
      },
      "properties": {
        "id": "IDFM:10109",
        "name": "Jean Bullant",
        "code": "",
        "territories": [
          "TàD Roissy Villiers-le-Bel"
        ],
        "routes": [
          "TàD"
        ]
      }
    },
    {
      "type": "Feature",
      "geometry": {
        "type": "Point",
        "coordinates": [
          2.3963601873113864,
          49.00350222236752
        ]
      },
      "properties": {
        "id": "IDFM:10108",
        "name": "Jean Bullant",
        "code": "",
        "territories": [
          "TàD Roissy Villiers-le-Bel"
        ],
        "routes": [
          "TàD"
        ]
      }
    },
    {
      "type": "Feature",
      "geometry": {
        "type": "Point",
        "coordinates": [
          2.2846940776848212,
          48.63315954205308
        ]
      },
      "properties": {
        "id": "IDFM:41687",
        "name": "Jean Ferrat",
        "code": "",
        "territories": [
          "TàD 4595"
        ],
        "routes": [
          "TàD 4595"
        ]
      }
    },
    {
      "type": "Feature",
      "geometry": {
        "type": "Point",
        "coordinates": [
          2.5766363875172535,
          48.94989685043364
        ]
      },
      "properties": {
        "id": "IDFM:490578",
        "name": "Jean Guimier",
        "code": "",
        "territories": [
          "TàD Roissy Sud"
        ],
        "routes": [
          "TàD"
        ]
      }
    },
    {
      "type": "Feature",
      "geometry": {
        "type": "Point",
        "coordinates": [
          2.576392023278536,
          48.949725128405206
        ]
      },
      "properties": {
        "id": "IDFM:490577",
        "name": "Jean Guimier",
        "code": "",
        "territories": [
          "TàD Roissy Sud"
        ],
        "routes": [
          "TàD"
        ]
      }
    },
    {
      "type": "Feature",
      "geometry": {
        "type": "Point",
        "coordinates": [
          2.440526743121818,
          48.98390620685502
        ]
      },
      "properties": {
        "id": "IDFM:424039",
        "name": "Jean Jaurès",
        "code": "",
        "territories": [
          "TàD Roissy Sarcelles"
        ],
        "routes": [
          "TàD"
        ]
      }
    },
    {
      "type": "Feature",
      "geometry": {
        "type": "Point",
        "coordinates": [
          2.190028982951522,
          48.79747310836762
        ]
      },
      "properties": {
        "id": "IDFM:29145",
        "name": "Jean Jaurès",
        "code": "",
        "territories": [
          "TàD 6131"
        ],
        "routes": [
          "TàD 6131"
        ]
      }
    },
    {
      "type": "Feature",
      "geometry": {
        "type": "Point",
        "coordinates": [
          2.441034651009885,
          48.983683764858306
        ]
      },
      "properties": {
        "id": "IDFM:423609",
        "name": "Jean Jaurès",
        "code": "",
        "territories": [
          "TàD Roissy Sarcelles"
        ],
        "routes": [
          "TàD"
        ]
      }
    },
    {
      "type": "Feature",
      "geometry": {
        "type": "Point",
        "coordinates": [
          2.1886428667799622,
          48.797310805984814
        ]
      },
      "properties": {
        "id": "IDFM:12753",
        "name": "Jean Macé",
        "code": "",
        "territories": [
          "TàD 6131"
        ],
        "routes": [
          "TàD 6131"
        ]
      }
    },
    {
      "type": "Feature",
      "geometry": {
        "type": "Point",
        "coordinates": [
          2.621322205787294,
          48.982050305018284
        ]
      },
      "properties": {
        "id": "IDFM:41790",
        "name": "Jean Moulin",
        "code": "",
        "territories": [
          "TàD Roissy Sud"
        ],
        "routes": [
          "TàD"
        ]
      }
    },
    {
      "type": "Feature",
      "geometry": {
        "type": "Point",
        "coordinates": [
          2.1572618247903055,
          48.43576863363179
        ]
      },
      "properties": {
        "id": "IDFM:485616",
        "name": "Jeanne d'Arc",
        "code": "",
        "territories": [
          "TàD 4342",
          "TàD 4344"
        ],
        "routes": [
          "TàD 4342",
          "TàD 4344"
        ]
      }
    },
    {
      "type": "Feature",
      "geometry": {
        "type": "Point",
        "coordinates": [
          2.8150885467504962,
          49.07022961266754
        ]
      },
      "properties": {
        "id": "IDFM:423531",
        "name": "Jeannine Pernette",
        "code": "",
        "territories": [
          "TàD Roissy Saint-Pathus"
        ],
        "routes": [
          "TàD"
        ]
      }
    },
    {
      "type": "Feature",
      "geometry": {
        "type": "Point",
        "coordinates": [
          2.815540597014296,
          49.070104427202224
        ]
      },
      "properties": {
        "id": "IDFM:423765",
        "name": "Jeannine Pernette",
        "code": "",
        "territories": [
          "TàD Roissy Saint-Pathus"
        ],
        "routes": [
          "TàD"
        ]
      }
    },
    {
      "type": "Feature",
      "geometry": {
        "type": "Point",
        "coordinates": [
          2.656269609667948,
          49.05223883374347
        ]
      },
      "properties": {
        "id": "IDFM:38278",
        "name": "Jeu d'Arc",
        "code": "",
        "territories": [
          "TàD Goêle"
        ],
        "routes": [
          "TàD"
        ]
      }
    },
    {
      "type": "Feature",
      "geometry": {
        "type": "Point",
        "coordinates": [
          2.635241321934771,
          49.0329974268045
        ]
      },
      "properties": {
        "id": "IDFM:38404",
        "name": "Jeu de Paume",
        "code": "",
        "territories": [
          "TàD Roissy Othis"
        ],
        "routes": [
          "TàD"
        ]
      }
    },
    {
      "type": "Feature",
      "geometry": {
        "type": "Point",
        "coordinates": [
          2.636266002699716,
          49.03313541224107
        ]
      },
      "properties": {
        "id": "IDFM:423599",
        "name": "Jeu de Paume",
        "code": "",
        "territories": [
          "TàD Roissy Othis"
        ],
        "routes": [
          "TàD"
        ]
      }
    },
    {
      "type": "Feature",
      "geometry": {
        "type": "Point",
        "coordinates": [
          2.3641788156893586,
          48.45342255129348
        ]
      },
      "properties": {
        "id": "IDFM:7319",
        "name": "Jouy",
        "code": "",
        "territories": [
          "TàD 4305",
          "TàD 4344"
        ],
        "routes": [
          "TàD 4305",
          "TàD 4344"
        ]
      }
    },
    {
      "type": "Feature",
      "geometry": {
        "type": "Point",
        "coordinates": [
          2.36419092382068,
          48.453539571100116
        ]
      },
      "properties": {
        "id": "IDFM:7320",
        "name": "Jouy",
        "code": "",
        "territories": [
          "TàD 4305",
          "TàD 4344"
        ],
        "routes": [
          "TàD 4305",
          "TàD 4344"
        ]
      }
    },
    {
      "type": "Feature",
      "geometry": {
        "type": "Point",
        "coordinates": [
          2.0312613989031925,
          48.90292383659926
        ]
      },
      "properties": {
        "id": "IDFM:485707",
        "name": "Joyenval",
        "code": "",
        "territories": [
          "TàD Aigremont - Chambourcy"
        ],
        "routes": [
          "TàD"
        ]
      }
    },
    {
      "type": "Feature",
      "geometry": {
        "type": "Point",
        "coordinates": [
          2.429972691712521,
          48.996958354979995
        ]
      },
      "properties": {
        "id": "IDFM:38004",
        "name": "Jules Ferry",
        "code": "",
        "territories": [
          "TàD Roissy Villiers-le-Bel"
        ],
        "routes": [
          "TàD"
        ]
      }
    },
    {
      "type": "Feature",
      "geometry": {
        "type": "Point",
        "coordinates": [
          2.4303567992386688,
          48.99682529476417
        ]
      },
      "properties": {
        "id": "IDFM:490645",
        "name": "Jules Ferry",
        "code": "",
        "territories": [
          "TàD Roissy Villiers-le-Bel"
        ],
        "routes": [
          "TàD"
        ]
      }
    },
    {
      "type": "Feature",
      "geometry": {
        "type": "Point",
        "coordinates": [
          2.1936228737386005,
          48.79748841581844
        ]
      },
      "properties": {
        "id": "IDFM:426542",
        "name": "Jules Ferry",
        "code": "",
        "territories": [
          "TàD 6131"
        ],
        "routes": [
          "TàD 6131"
        ]
      }
    },
    {
      "type": "Feature",
      "geometry": {
        "type": "Point",
        "coordinates": [
          2.19258956145303,
          48.797400492332564
        ]
      },
      "properties": {
        "id": "IDFM:10233",
        "name": "Jules Ferry",
        "code": "",
        "territories": [
          "TàD 6131"
        ],
        "routes": [
          "TàD 6131"
        ]
      }
    },
    {
      "type": "Feature",
      "geometry": {
        "type": "Point",
        "coordinates": [
          2.2896723371160466,
          48.632334775342244
        ]
      },
      "properties": {
        "id": "IDFM:10081",
        "name": "Julien Hébert",
        "code": "",
        "territories": [
          "TàD 4595"
        ],
        "routes": [
          "TàD 4595"
        ]
      }
    },
    {
      "type": "Feature",
      "geometry": {
        "type": "Point",
        "coordinates": [
          2.549668570698506,
          48.95329669630334
        ]
      },
      "properties": {
        "id": "IDFM:40721",
        "name": "Jussieu",
        "code": "",
        "territories": [
          "TàD Roissy Sud"
        ],
        "routes": [
          "TàD"
        ]
      }
    },
    {
      "type": "Feature",
      "geometry": {
        "type": "Point",
        "coordinates": [
          2.5501238193350155,
          48.952758851711636
        ]
      },
      "properties": {
        "id": "IDFM:40722",
        "name": "Jussieu",
        "code": "",
        "territories": [
          "TàD Roissy Sud"
        ],
        "routes": [
          "TàD"
        ]
      }
    },
    {
      "type": "Feature",
      "geometry": {
        "type": "Point",
        "coordinates": [
          2.6217652985204776,
          48.947071184972266
        ]
      },
      "properties": {
        "id": "IDFM:39277",
        "name": "L'Ambrésis",
        "code": "",
        "territories": [
          "TàD Roissy Sud"
        ],
        "routes": [
          "TàD"
        ]
      }
    },
    {
      "type": "Feature",
      "geometry": {
        "type": "Point",
        "coordinates": [
          2.570757555116327,
          48.942573951355676
        ]
      },
      "properties": {
        "id": "IDFM:19225",
        "name": "L'Odéon",
        "code": "",
        "territories": [
          "TàD Roissy Sud"
        ],
        "routes": [
          "TàD"
        ]
      }
    },
    {
      "type": "Feature",
      "geometry": {
        "type": "Point",
        "coordinates": [
          2.6205728604398586,
          48.98363956871945
        ]
      },
      "properties": {
        "id": "IDFM:40661",
        "name": "L'Orme aux Bergers",
        "code": "",
        "territories": [
          "TàD Roissy Sud"
        ],
        "routes": [
          "TàD"
        ]
      }
    },
    {
      "type": "Feature",
      "geometry": {
        "type": "Point",
        "coordinates": [
          2.3432917271272222,
          48.53602948618684
        ]
      },
      "properties": {
        "id": "IDFM:24960",
        "name": "L'Épine",
        "code": "",
        "territories": [
          "TàD 4305"
        ],
        "routes": [
          "TàD 4305"
        ]
      }
    },
    {
      "type": "Feature",
      "geometry": {
        "type": "Point",
        "coordinates": [
          2.343028736114271,
          48.53647783176951
        ]
      },
      "properties": {
        "id": "IDFM:24961",
        "name": "L'Épine",
        "code": "",
        "territories": [
          "TàD 4305"
        ],
        "routes": [
          "TàD 4305"
        ]
      }
    },
    {
      "type": "Feature",
      "geometry": {
        "type": "Point",
        "coordinates": [
          2.7748832675877537,
          48.99739067137509
        ]
      },
      "properties": {
        "id": "IDFM:38348",
        "name": "La Baste",
        "code": "",
        "territories": [
          "TàD Goêle"
        ],
        "routes": [
          "TàD"
        ]
      }
    },
    {
      "type": "Feature",
      "geometry": {
        "type": "Point",
        "coordinates": [
          2.451099008531497,
          48.513186570933065
        ]
      },
      "properties": {
        "id": "IDFM:9476",
        "name": "La Bigotte",
        "code": "",
        "territories": [
          "TàD 4308"
        ],
        "routes": [
          "TàD 4308"
        ]
      }
    },
    {
      "type": "Feature",
      "geometry": {
        "type": "Point",
        "coordinates": [
          2.451072682914128,
          48.513114481018306
        ]
      },
      "properties": {
        "id": "IDFM:9477",
        "name": "La Bigotte",
        "code": "",
        "territories": [
          "TàD 4308"
        ],
        "routes": [
          "TàD 4308"
        ]
      }
    },
    {
      "type": "Feature",
      "geometry": {
        "type": "Point",
        "coordinates": [
          2.2983150922755495,
          48.52619176462331
        ]
      },
      "properties": {
        "id": "IDFM:11850",
        "name": "La Boissière",
        "code": "",
        "territories": [
          "TàD 4306"
        ],
        "routes": [
          "TàD 4306"
        ]
      }
    },
    {
      "type": "Feature",
      "geometry": {
        "type": "Point",
        "coordinates": [
          2.298241121387279,
          48.52665912430892
        ]
      },
      "properties": {
        "id": "IDFM:11849",
        "name": "La Boissière",
        "code": "",
        "territories": [
          "TàD 4306"
        ],
        "routes": [
          "TàD 4306"
        ]
      }
    },
    {
      "type": "Feature",
      "geometry": {
        "type": "Point",
        "coordinates": [
          2.920519151929017,
          48.97101267039213
        ]
      },
      "properties": {
        "id": "IDFM:485758",
        "name": "La Briqueterie",
        "code": "",
        "territories": [
          "TàD ZI Poincy"
        ],
        "routes": [
          "TàD"
        ]
      }
    },
    {
      "type": "Feature",
      "geometry": {
        "type": "Point",
        "coordinates": [
          2.9206830442983214,
          48.971021771154845
        ]
      },
      "properties": {
        "id": "IDFM:485756",
        "name": "La Briqueterie",
        "code": "",
        "territories": [
          "TàD ZI Poincy"
        ],
        "routes": [
          "TàD"
        ]
      }
    },
    {
      "type": "Feature",
      "geometry": {
        "type": "Point",
        "coordinates": [
          2.2184883280523957,
          48.68530252443282
        ]
      },
      "properties": {
        "id": "IDFM:3532",
        "name": "La Brûlerie",
        "code": "",
        "territories": [
          "TàD Courtaboeuf"
        ],
        "routes": [
          "TàD"
        ]
      }
    },
    {
      "type": "Feature",
      "geometry": {
        "type": "Point",
        "coordinates": [
          2.388058191152698,
          49.00514173032517
        ]
      },
      "properties": {
        "id": "IDFM:38142",
        "name": "La Cerisaie",
        "code": "",
        "territories": [
          "TàD Roissy Villiers-le-Bel"
        ],
        "routes": [
          "TàD"
        ]
      }
    },
    {
      "type": "Feature",
      "geometry": {
        "type": "Point",
        "coordinates": [
          2.38861728512061,
          49.00525248656164
        ]
      },
      "properties": {
        "id": "IDFM:40595",
        "name": "La Cerisaie",
        "code": "",
        "territories": [
          "TàD Roissy Villiers-le-Bel"
        ],
        "routes": [
          "TàD"
        ]
      }
    },
    {
      "type": "Feature",
      "geometry": {
        "type": "Point",
        "coordinates": [
          2.47190246529908,
          49.03435945005869
        ]
      },
      "properties": {
        "id": "IDFM:497123",
        "name": "La Charmeuse",
        "code": "",
        "territories": [
          "TàD Roissy Goussainville"
        ],
        "routes": [
          "TàD"
        ]
      }
    },
    {
      "type": "Feature",
      "geometry": {
        "type": "Point",
        "coordinates": [
          2.472111067533405,
          49.03401867397773
        ]
      },
      "properties": {
        "id": "IDFM:419733",
        "name": "La Charmeuse",
        "code": "",
        "territories": [
          "TàD Roissy Goussainville"
        ],
        "routes": [
          "TàD"
        ]
      }
    },
    {
      "type": "Feature",
      "geometry": {
        "type": "Point",
        "coordinates": [
          1.9052743380967216,
          48.96852479498898
        ]
      },
      "properties": {
        "id": "IDFM:32453",
        "name": "La Cigale",
        "code": "",
        "territories": [
          "TàD Sud Meulan - Les Mureaux"
        ],
        "routes": [
          "TàD"
        ]
      }
    },
    {
      "type": "Feature",
      "geometry": {
        "type": "Point",
        "coordinates": [
          1.9051628106228848,
          48.968631694666655
        ]
      },
      "properties": {
        "id": "IDFM:32454",
        "name": "La Cigale",
        "code": "",
        "territories": [
          "TàD Sud Meulan - Les Mureaux"
        ],
        "routes": [
          "TàD"
        ]
      }
    },
    {
      "type": "Feature",
      "geometry": {
        "type": "Point",
        "coordinates": [
          2.674705364690025,
          49.055275388936856
        ]
      },
      "properties": {
        "id": "IDFM:42060",
        "name": "La Corbie",
        "code": "",
        "territories": [
          "TàD Goêle",
          "TàD Roissy Othis"
        ],
        "routes": [
          "TàD",
          "TàD"
        ]
      }
    },
    {
      "type": "Feature",
      "geometry": {
        "type": "Point",
        "coordinates": [
          2.54505974348293,
          48.98846661295782
        ]
      },
      "properties": {
        "id": "IDFM:423703",
        "name": "La Croix",
        "code": "",
        "territories": [
          "TàD Roissy Sud"
        ],
        "routes": [
          "TàD"
        ]
      }
    },
    {
      "type": "Feature",
      "geometry": {
        "type": "Point",
        "coordinates": [
          2.5451512932693023,
          48.98893455775661
        ]
      },
      "properties": {
        "id": "IDFM:419276",
        "name": "La Croix",
        "code": "",
        "territories": [
          "TàD Roissy Sud"
        ],
        "routes": [
          "TàD"
        ]
      }
    },
    {
      "type": "Feature",
      "geometry": {
        "type": "Point",
        "coordinates": [
          2.3438500612206283,
          48.51197711483903
        ]
      },
      "properties": {
        "id": "IDFM:492896",
        "name": "La Croix Boissée",
        "code": "",
        "territories": [
          "TàD 4306"
        ],
        "routes": [
          "TàD 4306"
        ]
      }
    },
    {
      "type": "Feature",
      "geometry": {
        "type": "Point",
        "coordinates": [
          2.3439575846093277,
          48.51204068144472
        ]
      },
      "properties": {
        "id": "IDFM:11853",
        "name": "La Croix Boissée",
        "code": "",
        "territories": [
          "TàD 4306"
        ],
        "routes": [
          "TàD 4306"
        ]
      }
    },
    {
      "type": "Feature",
      "geometry": {
        "type": "Point",
        "coordinates": [
          2.256882776032963,
          48.611445251981785
        ]
      },
      "properties": {
        "id": "IDFM:41677",
        "name": "La Ferme",
        "code": "",
        "territories": [
          "TàD 4591"
        ],
        "routes": [
          "TàD 4591"
        ]
      }
    },
    {
      "type": "Feature",
      "geometry": {
        "type": "Point",
        "coordinates": [
          2.3341602917292117,
          48.479599635760565
        ]
      },
      "properties": {
        "id": "IDFM:11855",
        "name": "La Ferme",
        "code": "",
        "territories": [
          "TàD 4306"
        ],
        "routes": [
          "TàD 4306"
        ]
      }
    },
    {
      "type": "Feature",
      "geometry": {
        "type": "Point",
        "coordinates": [
          2.256199530736612,
          48.6098847621596
        ]
      },
      "properties": {
        "id": "IDFM:3130",
        "name": "La Ferme",
        "code": "",
        "territories": [
          "TàD 4591"
        ],
        "routes": [
          "TàD 4591"
        ]
      }
    },
    {
      "type": "Feature",
      "geometry": {
        "type": "Point",
        "coordinates": [
          2.230709603361623,
          48.384633944471226
        ]
      },
      "properties": {
        "id": "IDFM:7313",
        "name": "La Forêt Sainte Croix",
        "code": "",
        "territories": [
          "TàD 4342"
        ],
        "routes": [
          "TàD 4342"
        ]
      }
    },
    {
      "type": "Feature",
      "geometry": {
        "type": "Point",
        "coordinates": [
          2.170772434194744,
          49.13267345223334
        ]
      },
      "properties": {
        "id": "IDFM:29713",
        "name": "La Garenne",
        "code": "",
        "territories": [
          "TàD Vexin Est"
        ],
        "routes": [
          "TàD"
        ]
      }
    },
    {
      "type": "Feature",
      "geometry": {
        "type": "Point",
        "coordinates": [
          2.1709722996048755,
          49.132171313128154
        ]
      },
      "properties": {
        "id": "IDFM:29726",
        "name": "La Garenne",
        "code": "",
        "territories": [
          "TàD Vexin Est"
        ],
        "routes": [
          "TàD"
        ]
      }
    },
    {
      "type": "Feature",
      "geometry": {
        "type": "Point",
        "coordinates": [
          2.3403089950939067,
          48.53946742323654
        ]
      },
      "properties": {
        "id": "IDFM:11856",
        "name": "La Grenouillère",
        "code": "",
        "territories": [
          "TàD 4305"
        ],
        "routes": [
          "TàD 4305"
        ]
      }
    },
    {
      "type": "Feature",
      "geometry": {
        "type": "Point",
        "coordinates": [
          2.422159299455205,
          49.11336458762843
        ]
      },
      "properties": {
        "id": "IDFM:38603",
        "name": "La Halle",
        "code": "",
        "territories": [
          "TàD Luzarches - Goussainville"
        ],
        "routes": [
          "TàD"
        ]
      }
    },
    {
      "type": "Feature",
      "geometry": {
        "type": "Point",
        "coordinates": [
          2.1765991262514657,
          49.114361947557384
        ]
      },
      "properties": {
        "id": "IDFM:41579",
        "name": "La Halte",
        "code": "",
        "territories": [
          "TàD Vexin Est"
        ],
        "routes": [
          "TàD"
        ]
      }
    },
    {
      "type": "Feature",
      "geometry": {
        "type": "Point",
        "coordinates": [
          2.1763988309955957,
          49.11403688166107
        ]
      },
      "properties": {
        "id": "IDFM:41582",
        "name": "La Halte",
        "code": "",
        "territories": [
          "TàD Vexin Est"
        ],
        "routes": [
          "TàD"
        ]
      }
    },
    {
      "type": "Feature",
      "geometry": {
        "type": "Point",
        "coordinates": [
          1.8811375920369087,
          49.00471483871923
        ]
      },
      "properties": {
        "id": "IDFM:476967",
        "name": "La Jachère",
        "code": "",
        "territories": [
          "TàD Nord Meulan - Les Mureaux"
        ],
        "routes": [
          "TàD"
        ]
      }
    },
    {
      "type": "Feature",
      "geometry": {
        "type": "Point",
        "coordinates": [
          1.881001703402672,
          49.00467760025974
        ]
      },
      "properties": {
        "id": "IDFM:490502",
        "name": "La Jachère",
        "code": "",
        "territories": [
          "TàD Nord Meulan - Les Mureaux"
        ],
        "routes": [
          "TàD"
        ]
      }
    },
    {
      "type": "Feature",
      "geometry": {
        "type": "Point",
        "coordinates": [
          2.6774515754245205,
          49.07127875899658
        ]
      },
      "properties": {
        "id": "IDFM:38343",
        "name": "La Jalaise",
        "code": "",
        "territories": [
          "TàD Goêle",
          "TàD Roissy Othis"
        ],
        "routes": [
          "TàD",
          "TàD"
        ]
      }
    },
    {
      "type": "Feature",
      "geometry": {
        "type": "Point",
        "coordinates": [
          2.6773571215481105,
          49.07106270992875
        ]
      },
      "properties": {
        "id": "IDFM:423766",
        "name": "La Jalaise",
        "code": "",
        "territories": [
          "TàD Goêle",
          "TàD Roissy Othis"
        ],
        "routes": [
          "TàD",
          "TàD"
        ]
      }
    },
    {
      "type": "Feature",
      "geometry": {
        "type": "Point",
        "coordinates": [
          2.3033118463543314,
          48.39165970967162
        ]
      },
      "properties": {
        "id": "IDFM:37103",
        "name": "La Lieue",
        "code": "",
        "territories": [
          "TàD 4342"
        ],
        "routes": [
          "TàD 4342"
        ]
      }
    },
    {
      "type": "Feature",
      "geometry": {
        "type": "Point",
        "coordinates": [
          2.303210974047743,
          48.39213595873168
        ]
      },
      "properties": {
        "id": "IDFM:7380",
        "name": "La Lieue",
        "code": "",
        "territories": [
          "TàD 4342"
        ],
        "routes": [
          "TàD 4342"
        ]
      }
    },
    {
      "type": "Feature",
      "geometry": {
        "type": "Point",
        "coordinates": [
          2.3051690116992494,
          48.39832838355042
        ]
      },
      "properties": {
        "id": "IDFM:37104",
        "name": "La Main Ferme",
        "code": "",
        "territories": [
          "TàD 4342"
        ],
        "routes": [
          "TàD 4342"
        ]
      }
    },
    {
      "type": "Feature",
      "geometry": {
        "type": "Point",
        "coordinates": [
          2.3054190758199513,
          48.39780802425595
        ]
      },
      "properties": {
        "id": "IDFM:7381",
        "name": "La Main Ferme",
        "code": "",
        "territories": [
          "TàD 4342"
        ],
        "routes": [
          "TàD 4342"
        ]
      }
    },
    {
      "type": "Feature",
      "geometry": {
        "type": "Point",
        "coordinates": [
          2.4928100812580736,
          48.52775643237711
        ]
      },
      "properties": {
        "id": "IDFM:21572",
        "name": "La Mare",
        "code": "",
        "territories": [
          "TàD 4308"
        ],
        "routes": [
          "TàD 4308"
        ]
      }
    },
    {
      "type": "Feature",
      "geometry": {
        "type": "Point",
        "coordinates": [
          2.3165406813139247,
          48.60860023171612
        ]
      },
      "properties": {
        "id": "IDFM:411584",
        "name": "La Marinière",
        "code": "",
        "territories": [
          "TàD 4301/4530"
        ],
        "routes": [
          "TàD 4301"
        ]
      }
    },
    {
      "type": "Feature",
      "geometry": {
        "type": "Point",
        "coordinates": [
          2.316907255715147,
          48.60857534889318
        ]
      },
      "properties": {
        "id": "IDFM:411583",
        "name": "La Marinière",
        "code": "",
        "territories": [
          "TàD 4301/4530"
        ],
        "routes": [
          "TàD 4301"
        ]
      }
    },
    {
      "type": "Feature",
      "geometry": {
        "type": "Point",
        "coordinates": [
          2.913749358105685,
          48.95976759766676
        ]
      },
      "properties": {
        "id": "IDFM:485753",
        "name": "La Marne",
        "code": "",
        "territories": [
          "TàD ZI Poincy"
        ],
        "routes": [
          "TàD"
        ]
      }
    },
    {
      "type": "Feature",
      "geometry": {
        "type": "Point",
        "coordinates": [
          2.9136812279588926,
          48.959677625002584
        ]
      },
      "properties": {
        "id": "IDFM:485755",
        "name": "La Marne",
        "code": "",
        "territories": [
          "TàD ZI Poincy"
        ],
        "routes": [
          "TàD"
        ]
      }
    },
    {
      "type": "Feature",
      "geometry": {
        "type": "Point",
        "coordinates": [
          2.412545700275741,
          48.575298509558685
        ]
      },
      "properties": {
        "id": "IDFM:10276",
        "name": "La Martinière",
        "code": "",
        "territories": [
          "TàD 4308",
          "TàD 4318"
        ],
        "routes": [
          "TàD 4308",
          "TàD 4318"
        ]
      }
    },
    {
      "type": "Feature",
      "geometry": {
        "type": "Point",
        "coordinates": [
          2.2146990022309194,
          48.408461191372126
        ]
      },
      "properties": {
        "id": "IDFM:7349",
        "name": "La Montagne",
        "code": "",
        "territories": [
          "TàD 4342",
          "TàD 4344"
        ],
        "routes": [
          "TàD 4342",
          "TàD 4344"
        ]
      }
    },
    {
      "type": "Feature",
      "geometry": {
        "type": "Point",
        "coordinates": [
          2.2148507243535716,
          48.40825526495122
        ]
      },
      "properties": {
        "id": "IDFM:7350",
        "name": "La Montagne",
        "code": "",
        "territories": [
          "TàD 4342",
          "TàD 4344"
        ],
        "routes": [
          "TàD 4342",
          "TàD 4344"
        ]
      }
    },
    {
      "type": "Feature",
      "geometry": {
        "type": "Point",
        "coordinates": [
          2.4157867166613083,
          48.97513755578922
        ]
      },
      "properties": {
        "id": "IDFM:419676",
        "name": "La Muette - Europe",
        "code": "",
        "territories": [
          "TàD Roissy Sarcelles"
        ],
        "routes": [
          "TàD"
        ]
      }
    },
    {
      "type": "Feature",
      "geometry": {
        "type": "Point",
        "coordinates": [
          2.4159075307828037,
          48.97532698611652
        ]
      },
      "properties": {
        "id": "IDFM:419587",
        "name": "La Muette - Europe",
        "code": "",
        "territories": [
          "TàD Roissy Sarcelles"
        ],
        "routes": [
          "TàD"
        ]
      }
    },
    {
      "type": "Feature",
      "geometry": {
        "type": "Point",
        "coordinates": [
          2.1827261200372874,
          49.10106024852299
        ]
      },
      "properties": {
        "id": "IDFM:29716",
        "name": "La Naze",
        "code": "",
        "territories": [
          "TàD Vexin Est"
        ],
        "routes": [
          "TàD"
        ]
      }
    },
    {
      "type": "Feature",
      "geometry": {
        "type": "Point",
        "coordinates": [
          2.182863185456444,
          49.101052188363376
        ]
      },
      "properties": {
        "id": "IDFM:29722",
        "name": "La Naze",
        "code": "",
        "territories": [
          "TàD Vexin Est"
        ],
        "routes": [
          "TàD"
        ]
      }
    },
    {
      "type": "Feature",
      "geometry": {
        "type": "Point",
        "coordinates": [
          2.5137618690169865,
          48.93967648524234
        ]
      },
      "properties": {
        "id": "IDFM:40672",
        "name": "La Paix",
        "code": "",
        "territories": [
          "TàD Roissy Sud"
        ],
        "routes": [
          "TàD"
        ]
      }
    },
    {
      "type": "Feature",
      "geometry": {
        "type": "Point",
        "coordinates": [
          2.5651682971175145,
          48.954693800336784
        ]
      },
      "properties": {
        "id": "IDFM:39238",
        "name": "La Paix",
        "code": "",
        "territories": [
          "TàD Roissy Sud"
        ],
        "routes": [
          "TàD"
        ]
      }
    },
    {
      "type": "Feature",
      "geometry": {
        "type": "Point",
        "coordinates": [
          2.2886916068595013,
          49.015978204139586
        ]
      },
      "properties": {
        "id": "IDFM:13290",
        "name": "La Picarde",
        "code": "",
        "territories": [
          "TàD Eaubonne Domont"
        ],
        "routes": [
          "TàD"
        ]
      }
    },
    {
      "type": "Feature",
      "geometry": {
        "type": "Point",
        "coordinates": [
          2.288460693093322,
          49.01586892871554
        ]
      },
      "properties": {
        "id": "IDFM:13289",
        "name": "La Picarde",
        "code": "",
        "territories": [
          "TàD Eaubonne Domont"
        ],
        "routes": [
          "TàD"
        ]
      }
    },
    {
      "type": "Feature",
      "geometry": {
        "type": "Point",
        "coordinates": [
          2.4309670338358496,
          48.56293804493248
        ]
      },
      "properties": {
        "id": "IDFM:10407",
        "name": "La Poste",
        "code": "",
        "territories": [
          "TàD 4308",
          "TàD 4318"
        ],
        "routes": [
          "TàD 4308",
          "TàD 4318"
        ]
      }
    },
    {
      "type": "Feature",
      "geometry": {
        "type": "Point",
        "coordinates": [
          2.4325339191880193,
          48.56342230137261
        ]
      },
      "properties": {
        "id": "IDFM:20140",
        "name": "La Poste",
        "code": "",
        "territories": [
          "TàD 4308",
          "TàD 4318"
        ],
        "routes": [
          "TàD 4308",
          "TàD 4318"
        ]
      }
    },
    {
      "type": "Feature",
      "geometry": {
        "type": "Point",
        "coordinates": [
          2.5016651665016068,
          49.05387300223543
        ]
      },
      "properties": {
        "id": "IDFM:423521",
        "name": "La Pépinière",
        "code": "",
        "territories": [
          "TàD Roissy Fosses"
        ],
        "routes": [
          "TàD"
        ]
      }
    },
    {
      "type": "Feature",
      "geometry": {
        "type": "Point",
        "coordinates": [
          2.5014287129326225,
          49.054276649201846
        ]
      },
      "properties": {
        "id": "IDFM:419719",
        "name": "La Pépinière",
        "code": "",
        "territories": [
          "TàD Roissy Fosses"
        ],
        "routes": [
          "TàD"
        ]
      }
    },
    {
      "type": "Feature",
      "geometry": {
        "type": "Point",
        "coordinates": [
          2.703976852622073,
          49.010778732109756
        ]
      },
      "properties": {
        "id": "IDFM:40765",
        "name": "La Rochelle",
        "code": "",
        "territories": [
          "TàD Roissy Juilly"
        ],
        "routes": [
          "TàD"
        ]
      }
    },
    {
      "type": "Feature",
      "geometry": {
        "type": "Point",
        "coordinates": [
          2.700902368536025,
          49.01058227887599
        ]
      },
      "properties": {
        "id": "IDFM:40331",
        "name": "La Rochelle",
        "code": "",
        "territories": [
          "TàD Roissy Juilly"
        ],
        "routes": [
          "TàD"
        ]
      }
    },
    {
      "type": "Feature",
      "geometry": {
        "type": "Point",
        "coordinates": [
          2.5530511758819583,
          48.955314691898906
        ]
      },
      "properties": {
        "id": "IDFM:40751",
        "name": "La Roseraie",
        "code": "",
        "territories": [
          "TàD Roissy Sud"
        ],
        "routes": [
          "TàD"
        ]
      }
    },
    {
      "type": "Feature",
      "geometry": {
        "type": "Point",
        "coordinates": [
          2.5524381162666345,
          48.95515053933055
        ]
      },
      "properties": {
        "id": "IDFM:38179",
        "name": "La Roseraie",
        "code": "",
        "territories": [
          "TàD Roissy Sud"
        ],
        "routes": [
          "TàD"
        ]
      }
    },
    {
      "type": "Feature",
      "geometry": {
        "type": "Point",
        "coordinates": [
          2.2882373193401,
          48.652034793067436
        ]
      },
      "properties": {
        "id": "IDFM:3170",
        "name": "La Source",
        "code": "",
        "territories": [
          "TàD 4595"
        ],
        "routes": [
          "TàD 4595"
        ]
      }
    },
    {
      "type": "Feature",
      "geometry": {
        "type": "Point",
        "coordinates": [
          2.4882329042289286,
          49.010619296667784
        ]
      },
      "properties": {
        "id": "IDFM:38097",
        "name": "La Talmouse",
        "code": "",
        "territories": [
          "TàD Roissy Goussainville",
          "TàD Roissy Sarcelles"
        ],
        "routes": [
          "TàD",
          "TàD"
        ]
      }
    },
    {
      "type": "Feature",
      "geometry": {
        "type": "Point",
        "coordinates": [
          2.4883914409420225,
          49.01117748356041
        ]
      },
      "properties": {
        "id": "IDFM:38098",
        "name": "La Talmouse",
        "code": "",
        "territories": [
          "TàD Roissy Goussainville",
          "TàD Roissy Sarcelles"
        ],
        "routes": [
          "TàD",
          "TàD"
        ]
      }
    },
    {
      "type": "Feature",
      "geometry": {
        "type": "Point",
        "coordinates": [
          2.052923614668132,
          49.120411275247655
        ]
      },
      "properties": {
        "id": "IDFM:29557",
        "name": "La Tuilerie",
        "code": "",
        "territories": [
          "TàD Vexin Est"
        ],
        "routes": [
          "TàD"
        ]
      }
    },
    {
      "type": "Feature",
      "geometry": {
        "type": "Point",
        "coordinates": [
          1.9651574144681545,
          49.06869479054766
        ]
      },
      "properties": {
        "id": "IDFM:413587",
        "name": "La Villeneuve Saint-Martin",
        "code": "",
        "territories": [
          "TàD Vexin Est"
        ],
        "routes": [
          "TàD"
        ]
      }
    },
    {
      "type": "Feature",
      "geometry": {
        "type": "Point",
        "coordinates": [
          2.5475767573702686,
          48.967730775618854
        ]
      },
      "properties": {
        "id": "IDFM:38171",
        "name": "Labé",
        "code": "",
        "territories": [
          "TàD Roissy Sud"
        ],
        "routes": [
          "TàD"
        ]
      }
    },
    {
      "type": "Feature",
      "geometry": {
        "type": "Point",
        "coordinates": [
          2.5472594181902974,
          48.96809826802576
        ]
      },
      "properties": {
        "id": "IDFM:423712",
        "name": "Labé",
        "code": "",
        "territories": [
          "TàD Roissy Sud"
        ],
        "routes": [
          "TàD"
        ]
      }
    },
    {
      "type": "Feature",
      "geometry": {
        "type": "Point",
        "coordinates": [
          2.5995860032879365,
          48.956243489388356
        ]
      },
      "properties": {
        "id": "IDFM:423638",
        "name": "Lamartine",
        "code": "",
        "territories": [
          "TàD Roissy Sud"
        ],
        "routes": [
          "TàD"
        ]
      }
    },
    {
      "type": "Feature",
      "geometry": {
        "type": "Point",
        "coordinates": [
          2.5994973589007064,
          48.95615776454404
        ]
      },
      "properties": {
        "id": "IDFM:419283",
        "name": "Lamartine",
        "code": "",
        "territories": [
          "TàD Roissy Sud"
        ],
        "routes": [
          "TàD"
        ]
      }
    },
    {
      "type": "Feature",
      "geometry": {
        "type": "Point",
        "coordinates": [
          2.507591915304783,
          48.94397677804495
        ]
      },
      "properties": {
        "id": "IDFM:39013",
        "name": "Lapin Sauté",
        "code": "",
        "territories": [
          "TàD Roissy Sud"
        ],
        "routes": [
          "TàD"
        ]
      }
    },
    {
      "type": "Feature",
      "geometry": {
        "type": "Point",
        "coordinates": [
          2.5068301607555967,
          48.94368588119587
        ]
      },
      "properties": {
        "id": "IDFM:423621",
        "name": "Lapin Sauté",
        "code": "",
        "territories": [
          "TàD Roissy Sud"
        ],
        "routes": [
          "TàD"
        ]
      }
    },
    {
      "type": "Feature",
      "geometry": {
        "type": "Point",
        "coordinates": [
          2.6096606224299754,
          48.950368622851734
        ]
      },
      "properties": {
        "id": "IDFM:38158",
        "name": "Laroche",
        "code": "",
        "territories": [
          "TàD Roissy Sud"
        ],
        "routes": [
          "TàD"
        ]
      }
    },
    {
      "type": "Feature",
      "geometry": {
        "type": "Point",
        "coordinates": [
          2.5491434902482175,
          48.966612620330025
        ]
      },
      "properties": {
        "id": "IDFM:38172",
        "name": "Laurencin",
        "code": "",
        "territories": [
          "TàD Roissy Sud"
        ],
        "routes": [
          "TàD"
        ]
      }
    },
    {
      "type": "Feature",
      "geometry": {
        "type": "Point",
        "coordinates": [
          2.5491972624284718,
          48.966711739383854
        ]
      },
      "properties": {
        "id": "IDFM:423713",
        "name": "Laurencin",
        "code": "",
        "territories": [
          "TàD Roissy Sud"
        ],
        "routes": [
          "TàD"
        ]
      }
    },
    {
      "type": "Feature",
      "geometry": {
        "type": "Point",
        "coordinates": [
          2.3216540914122827,
          48.462039755620026
        ]
      },
      "properties": {
        "id": "IDFM:11687",
        "name": "Lavoir",
        "code": "",
        "territories": [
          "TàD 4306"
        ],
        "routes": [
          "TàD 4306"
        ]
      }
    },
    {
      "type": "Feature",
      "geometry": {
        "type": "Point",
        "coordinates": [
          2.321726020099722,
          48.46170729546511
        ]
      },
      "properties": {
        "id": "IDFM:11686",
        "name": "Lavoir",
        "code": "",
        "territories": [
          "TàD 4306"
        ],
        "routes": [
          "TàD 4306"
        ]
      }
    },
    {
      "type": "Feature",
      "geometry": {
        "type": "Point",
        "coordinates": [
          1.874337137637578,
          48.962770519531496
        ]
      },
      "properties": {
        "id": "IDFM:32571",
        "name": "Lavoir",
        "code": "",
        "territories": [
          "TàD Sud Meulan - Les Mureaux"
        ],
        "routes": [
          "TàD"
        ]
      }
    },
    {
      "type": "Feature",
      "geometry": {
        "type": "Point",
        "coordinates": [
          2.061522876128327,
          49.193245120672074
        ]
      },
      "properties": {
        "id": "IDFM:29525",
        "name": "Lavoir",
        "code": "",
        "territories": [
          "TàD Vexin Est"
        ],
        "routes": [
          "TàD"
        ]
      }
    },
    {
      "type": "Feature",
      "geometry": {
        "type": "Point",
        "coordinates": [
          2.1051312975864875,
          49.1806928890574
        ]
      },
      "properties": {
        "id": "IDFM:29591",
        "name": "Lavoir",
        "code": "",
        "territories": [
          "TàD Vexin Est"
        ],
        "routes": [
          "TàD"
        ]
      }
    },
    {
      "type": "Feature",
      "geometry": {
        "type": "Point",
        "coordinates": [
          1.8490982928197355,
          49.107690622832756
        ]
      },
      "properties": {
        "id": "IDFM:417065",
        "name": "Lavoir",
        "code": "",
        "territories": [
          "TàD Vexin Est"
        ],
        "routes": [
          "TàD"
        ]
      }
    },
    {
      "type": "Feature",
      "geometry": {
        "type": "Point",
        "coordinates": [
          1.8487599509605228,
          49.1075075436524
        ]
      },
      "properties": {
        "id": "IDFM:417064",
        "name": "Lavoir",
        "code": "",
        "territories": [
          "TàD Vexin Est"
        ],
        "routes": [
          "TàD"
        ]
      }
    },
    {
      "type": "Feature",
      "geometry": {
        "type": "Point",
        "coordinates": [
          2.304183343255005,
          48.64227023435925
        ]
      },
      "properties": {
        "id": "IDFM:483615",
        "name": "Le Boqueteau",
        "code": "",
        "territories": [
          "TàD 4595"
        ],
        "routes": [
          "TàD 4595"
        ]
      }
    },
    {
      "type": "Feature",
      "geometry": {
        "type": "Point",
        "coordinates": [
          2.3045872364162197,
          48.643540918895724
        ]
      },
      "properties": {
        "id": "IDFM:483612",
        "name": "Le Boqueteau",
        "code": "",
        "territories": [
          "TàD 4595"
        ],
        "routes": [
          "TàD 4595"
        ]
      }
    },
    {
      "type": "Feature",
      "geometry": {
        "type": "Point",
        "coordinates": [
          2.362635349960048,
          48.53268929897715
        ]
      },
      "properties": {
        "id": "IDFM:492920",
        "name": "Le Bouchet",
        "code": "",
        "territories": [
          "TàD 4301/4530"
        ],
        "routes": [
          "TàD 4301"
        ]
      }
    },
    {
      "type": "Feature",
      "geometry": {
        "type": "Point",
        "coordinates": [
          2.3630166642104222,
          48.53252041902086
        ]
      },
      "properties": {
        "id": "IDFM:492688",
        "name": "Le Bouchet",
        "code": "",
        "territories": [
          "TàD 4301/4530"
        ],
        "routes": [
          "TàD 4301"
        ]
      }
    },
    {
      "type": "Feature",
      "geometry": {
        "type": "Point",
        "coordinates": [
          2.6757895693323164,
          48.9386595379755
        ]
      },
      "properties": {
        "id": "IDFM:16781",
        "name": "Le Champs de Claye - Mauperthuis",
        "code": "",
        "territories": [
          "TàD Desserte Hôpital",
          "TàD Dimanche"
        ],
        "routes": [
          "TàD",
          "TàD"
        ]
      }
    },
    {
      "type": "Feature",
      "geometry": {
        "type": "Point",
        "coordinates": [
          2.535390864969876,
          48.954285356428805
        ]
      },
      "properties": {
        "id": "IDFM:19272",
        "name": "Le Clos Montceleux",
        "code": "",
        "territories": [
          "TàD Roissy Sud"
        ],
        "routes": [
          "TàD"
        ]
      }
    },
    {
      "type": "Feature",
      "geometry": {
        "type": "Point",
        "coordinates": [
          2.535321709995815,
          48.954384006587404
        ]
      },
      "properties": {
        "id": "IDFM:19024",
        "name": "Le Clos Montceleux",
        "code": "",
        "territories": [
          "TàD Roissy Sud"
        ],
        "routes": [
          "TàD"
        ]
      }
    },
    {
      "type": "Feature",
      "geometry": {
        "type": "Point",
        "coordinates": [
          2.175899171243487,
          49.11100331288826
        ]
      },
      "properties": {
        "id": "IDFM:41580",
        "name": "Le Cottage",
        "code": "",
        "territories": [
          "TàD Vexin Est"
        ],
        "routes": [
          "TàD"
        ]
      }
    },
    {
      "type": "Feature",
      "geometry": {
        "type": "Point",
        "coordinates": [
          2.176080897841586,
          49.11163396590158
        ]
      },
      "properties": {
        "id": "IDFM:41581",
        "name": "Le Cottage",
        "code": "",
        "territories": [
          "TàD Vexin Est"
        ],
        "routes": [
          "TàD"
        ]
      }
    },
    {
      "type": "Feature",
      "geometry": {
        "type": "Point",
        "coordinates": [
          2.3446030759248573,
          48.53298708468618
        ]
      },
      "properties": {
        "id": "IDFM:492711",
        "name": "Le Domaine",
        "code": "",
        "territories": [
          "TàD 4301/4530",
          "TàD 4305"
        ],
        "routes": [
          "TàD 4305",
          "TàD 4301"
        ]
      }
    },
    {
      "type": "Feature",
      "geometry": {
        "type": "Point",
        "coordinates": [
          2.345129954696678,
          48.533097939875425
        ]
      },
      "properties": {
        "id": "IDFM:492712",
        "name": "Le Domaine",
        "code": "",
        "territories": [
          "TàD 4301/4530",
          "TàD 4305"
        ],
        "routes": [
          "TàD 4305",
          "TàD 4301"
        ]
      }
    },
    {
      "type": "Feature",
      "geometry": {
        "type": "Point",
        "coordinates": [
          2.0435046770168857,
          49.158676351672845
        ]
      },
      "properties": {
        "id": "IDFM:29520",
        "name": "Le Fay",
        "code": "",
        "territories": [
          "TàD Vexin Est"
        ],
        "routes": [
          "TàD"
        ]
      }
    },
    {
      "type": "Feature",
      "geometry": {
        "type": "Point",
        "coordinates": [
          2.7509375903613855,
          49.02654925195765
        ]
      },
      "properties": {
        "id": "IDFM:38300",
        "name": "Le Gué",
        "code": "",
        "territories": [
          "TàD Goêle"
        ],
        "routes": [
          "TàD"
        ]
      }
    },
    {
      "type": "Feature",
      "geometry": {
        "type": "Point",
        "coordinates": [
          2.7499516776061754,
          49.026843933463574
        ]
      },
      "properties": {
        "id": "IDFM:423808",
        "name": "Le Gué",
        "code": "",
        "territories": [
          "TàD Goêle"
        ],
        "routes": [
          "TàD"
        ]
      }
    },
    {
      "type": "Feature",
      "geometry": {
        "type": "Point",
        "coordinates": [
          2.4433167716106663,
          49.079297014830175
        ]
      },
      "properties": {
        "id": "IDFM:41787",
        "name": "Le Gué",
        "code": "",
        "territories": [
          "TàD Luzarches - Goussainville"
        ],
        "routes": [
          "TàD"
        ]
      }
    },
    {
      "type": "Feature",
      "geometry": {
        "type": "Point",
        "coordinates": [
          1.9992335753994204,
          49.165950113486545
        ]
      },
      "properties": {
        "id": "IDFM:41568",
        "name": "Le Heaulme",
        "code": "",
        "territories": [
          "TàD Vexin Est"
        ],
        "routes": [
          "TàD"
        ]
      }
    },
    {
      "type": "Feature",
      "geometry": {
        "type": "Point",
        "coordinates": [
          2.93414363264466,
          48.556013865193265
        ]
      },
      "properties": {
        "id": "IDFM:10011",
        "name": "Le Jarrier",
        "code": "",
        "territories": [
          "TàD Nangis / La-Chapelle-Rablais"
        ],
        "routes": [
          "TàD"
        ]
      }
    },
    {
      "type": "Feature",
      "geometry": {
        "type": "Point",
        "coordinates": [
          2.9345635354881976,
          48.55614902969976
        ]
      },
      "properties": {
        "id": "IDFM:9851",
        "name": "Le Jarrier",
        "code": "",
        "territories": [
          "TàD Nangis / La-Chapelle-Rablais"
        ],
        "routes": [
          "TàD"
        ]
      }
    },
    {
      "type": "Feature",
      "geometry": {
        "type": "Point",
        "coordinates": [
          2.472026964575515,
          49.011358400040734
        ]
      },
      "properties": {
        "id": "IDFM:38569",
        "name": "Le Moulin",
        "code": "",
        "territories": [
          "TàD Roissy Goussainville"
        ],
        "routes": [
          "TàD"
        ]
      }
    },
    {
      "type": "Feature",
      "geometry": {
        "type": "Point",
        "coordinates": [
          2.472134398808914,
          49.01154770708938
        ]
      },
      "properties": {
        "id": "IDFM:38797",
        "name": "Le Moulin",
        "code": "",
        "territories": [
          "TàD Roissy Goussainville"
        ],
        "routes": [
          "TàD"
        ]
      }
    },
    {
      "type": "Feature",
      "geometry": {
        "type": "Point",
        "coordinates": [
          2.3393393542521705,
          48.5390122421491
        ]
      },
      "properties": {
        "id": "IDFM:494622",
        "name": "Le Parc",
        "code": "",
        "territories": [
          "TàD 4305"
        ],
        "routes": [
          "TàD 4305"
        ]
      }
    },
    {
      "type": "Feature",
      "geometry": {
        "type": "Point",
        "coordinates": [
          2.304051005504973,
          48.65834382779064
        ]
      },
      "properties": {
        "id": "IDFM:39852",
        "name": "Le Parc",
        "code": "",
        "territories": [
          "TàD 4592"
        ],
        "routes": [
          "TàD 4592"
        ]
      }
    },
    {
      "type": "Feature",
      "geometry": {
        "type": "Point",
        "coordinates": [
          2.3030758374307525,
          48.63981705646463
        ]
      },
      "properties": {
        "id": "IDFM:483621",
        "name": "Le Parc de Lormoy",
        "code": "",
        "territories": [
          "TàD 4595"
        ],
        "routes": [
          "TàD 4595"
        ]
      }
    },
    {
      "type": "Feature",
      "geometry": {
        "type": "Point",
        "coordinates": [
          2.303237142886238,
          48.639934938125556
        ]
      },
      "properties": {
        "id": "IDFM:483618",
        "name": "Le Parc de Lormoy",
        "code": "",
        "territories": [
          "TàD 4595"
        ],
        "routes": [
          "TàD 4595"
        ]
      }
    },
    {
      "type": "Feature",
      "geometry": {
        "type": "Point",
        "coordinates": [
          2.2907277600681577,
          48.657599647774376
        ]
      },
      "properties": {
        "id": "IDFM:3631",
        "name": "Le Perray",
        "code": "",
        "territories": [
          "TàD 4595"
        ],
        "routes": [
          "TàD 4595"
        ]
      }
    },
    {
      "type": "Feature",
      "geometry": {
        "type": "Point",
        "coordinates": [
          2.2908219417114632,
          48.65766317410061
        ]
      },
      "properties": {
        "id": "IDFM:3172",
        "name": "Le Perray",
        "code": "",
        "territories": [
          "TàD 4595"
        ],
        "routes": [
          "TàD 4595"
        ]
      }
    },
    {
      "type": "Feature",
      "geometry": {
        "type": "Point",
        "coordinates": [
          1.923244061560583,
          48.96486539842856
        ]
      },
      "properties": {
        "id": "IDFM:14134",
        "name": "Le Petit Moulin",
        "code": "",
        "territories": [
          "TàD Sud Meulan - Les Mureaux"
        ],
        "routes": [
          "TàD"
        ]
      }
    },
    {
      "type": "Feature",
      "geometry": {
        "type": "Point",
        "coordinates": [
          1.923476212939928,
          48.96486748271183
        ]
      },
      "properties": {
        "id": "IDFM:19885",
        "name": "Le Petit Moulin",
        "code": "",
        "territories": [
          "TàD Sud Meulan - Les Mureaux"
        ],
        "routes": [
          "TàD"
        ]
      }
    },
    {
      "type": "Feature",
      "geometry": {
        "type": "Point",
        "coordinates": [
          2.3041694592055686,
          48.386059592829056
        ]
      },
      "properties": {
        "id": "IDFM:7383",
        "name": "Le Poty",
        "code": "",
        "territories": [
          "TàD 4342"
        ],
        "routes": [
          "TàD 4342"
        ]
      }
    },
    {
      "type": "Feature",
      "geometry": {
        "type": "Point",
        "coordinates": [
          2.304521219838747,
          48.386016671791026
        ]
      },
      "properties": {
        "id": "IDFM:7382",
        "name": "Le Poty",
        "code": "",
        "territories": [
          "TàD 4342"
        ],
        "routes": [
          "TàD 4342"
        ]
      }
    },
    {
      "type": "Feature",
      "geometry": {
        "type": "Point",
        "coordinates": [
          2.038508786506318,
          49.180395263663094
        ]
      },
      "properties": {
        "id": "IDFM:29531",
        "name": "Le Quoniam",
        "code": "",
        "territories": [
          "TàD Vexin Est"
        ],
        "routes": [
          "TàD"
        ]
      }
    },
    {
      "type": "Feature",
      "geometry": {
        "type": "Point",
        "coordinates": [
          2.010119911049844,
          49.15306561189395
        ]
      },
      "properties": {
        "id": "IDFM:29569",
        "name": "Le Rosnel",
        "code": "",
        "territories": [
          "TàD Vexin Est"
        ],
        "routes": [
          "TàD"
        ]
      }
    },
    {
      "type": "Feature",
      "geometry": {
        "type": "Point",
        "coordinates": [
          2.025675319380605,
          49.1707165404066
        ]
      },
      "properties": {
        "id": "IDFM:29534",
        "name": "Le Ruel",
        "code": "",
        "territories": [
          "TàD Vexin Est"
        ],
        "routes": [
          "TàD"
        ]
      }
    },
    {
      "type": "Feature",
      "geometry": {
        "type": "Point",
        "coordinates": [
          1.9309670927585774,
          49.082135569377705
        ]
      },
      "properties": {
        "id": "IDFM:29755",
        "name": "Le Trapil",
        "code": "",
        "territories": [
          "TàD Vexin Est"
        ],
        "routes": [
          "TàD"
        ]
      }
    },
    {
      "type": "Feature",
      "geometry": {
        "type": "Point",
        "coordinates": [
          1.9475573746125538,
          49.01540551072608
        ]
      },
      "properties": {
        "id": "IDFM:8581",
        "name": "Le Val Hébert",
        "code": "",
        "territories": [
          "TàD Nord Meulan - Les Mureaux"
        ],
        "routes": [
          "TàD"
        ]
      }
    },
    {
      "type": "Feature",
      "geometry": {
        "type": "Point",
        "coordinates": [
          2.3316259367756946,
          48.47778612232035
        ]
      },
      "properties": {
        "id": "IDFM:11920",
        "name": "Le Verger",
        "code": "",
        "territories": [
          "TàD 4306"
        ],
        "routes": [
          "TàD 4306"
        ]
      }
    },
    {
      "type": "Feature",
      "geometry": {
        "type": "Point",
        "coordinates": [
          2.5164788936135247,
          48.99836320380519
        ]
      },
      "properties": {
        "id": "IDFM:40142",
        "name": "Le Verger",
        "code": "",
        "territories": [
          "TàD Roissy Villiers-le-Bel"
        ],
        "routes": [
          "TàD"
        ]
      }
    },
    {
      "type": "Feature",
      "geometry": {
        "type": "Point",
        "coordinates": [
          2.5162748277883735,
          48.9982634672009
        ]
      },
      "properties": {
        "id": "IDFM:38074",
        "name": "Le Verger",
        "code": "",
        "territories": [
          "TàD Roissy Villiers-le-Bel"
        ],
        "routes": [
          "TàD"
        ]
      }
    },
    {
      "type": "Feature",
      "geometry": {
        "type": "Point",
        "coordinates": [
          2.1904816034495416,
          48.78322034890337
        ]
      },
      "properties": {
        "id": "IDFM:40535",
        "name": "Le Village",
        "code": "",
        "territories": [
          "TàD 6131"
        ],
        "routes": [
          "TàD 6131"
        ]
      }
    },
    {
      "type": "Feature",
      "geometry": {
        "type": "Point",
        "coordinates": [
          2.5141461930488807,
          48.9511436707861
        ]
      },
      "properties": {
        "id": "IDFM:490961",
        "name": "Lenglen",
        "code": "",
        "territories": [
          "TàD Roissy Sud"
        ],
        "routes": [
          "TàD"
        ]
      }
    },
    {
      "type": "Feature",
      "geometry": {
        "type": "Point",
        "coordinates": [
          2.5134747382647786,
          48.95140173326391
        ]
      },
      "properties": {
        "id": "IDFM:39010",
        "name": "Lenglen",
        "code": "",
        "territories": [
          "TàD Roissy Sud"
        ],
        "routes": [
          "TàD"
        ]
      }
    },
    {
      "type": "Feature",
      "geometry": {
        "type": "Point",
        "coordinates": [
          2.5788573292958072,
          48.950462211837156
        ]
      },
      "properties": {
        "id": "IDFM:38124",
        "name": "LEP Boucher",
        "code": "",
        "territories": [
          "TàD Roissy Sud"
        ],
        "routes": [
          "TàD"
        ]
      }
    },
    {
      "type": "Feature",
      "geometry": {
        "type": "Point",
        "coordinates": [
          2.57932168549644,
          48.95044585697856
        ]
      },
      "properties": {
        "id": "IDFM:40679",
        "name": "LEP Boucher",
        "code": "",
        "territories": [
          "TàD Roissy Sud"
        ],
        "routes": [
          "TàD"
        ]
      }
    },
    {
      "type": "Feature",
      "geometry": {
        "type": "Point",
        "coordinates": [
          2.1378865957932005,
          48.43414495607692
        ]
      },
      "properties": {
        "id": "IDFM:485615",
        "name": "LEP Mandela",
        "code": "",
        "territories": [
          "TàD 4342",
          "TàD 4344"
        ],
        "routes": [
          "TàD 4342",
          "TàD 4344"
        ]
      }
    },
    {
      "type": "Feature",
      "geometry": {
        "type": "Point",
        "coordinates": [
          2.5576312501229026,
          48.95785857710774
        ]
      },
      "properties": {
        "id": "IDFM:427414",
        "name": "Les 4 Tours",
        "code": "",
        "territories": [
          "TàD Roissy Sud"
        ],
        "routes": [
          "TàD"
        ]
      }
    },
    {
      "type": "Feature",
      "geometry": {
        "type": "Point",
        "coordinates": [
          2.557248752013188,
          48.957875150396475
        ]
      },
      "properties": {
        "id": "IDFM:39313",
        "name": "Les 4 Tours",
        "code": "",
        "territories": [
          "TàD Roissy Sud"
        ],
        "routes": [
          "TàD"
        ]
      }
    },
    {
      "type": "Feature",
      "geometry": {
        "type": "Point",
        "coordinates": [
          2.667567988974295,
          49.04821538714674
        ]
      },
      "properties": {
        "id": "IDFM:483664",
        "name": "Les Archers",
        "code": "",
        "territories": [
          "TàD Goêle"
        ],
        "routes": [
          "TàD"
        ]
      }
    },
    {
      "type": "Feature",
      "geometry": {
        "type": "Point",
        "coordinates": [
          2.6672174647196227,
          49.04741415637615
        ]
      },
      "properties": {
        "id": "IDFM:485277",
        "name": "Les Archers",
        "code": "",
        "territories": [
          "TàD Goêle"
        ],
        "routes": [
          "TàD"
        ]
      }
    },
    {
      "type": "Feature",
      "geometry": {
        "type": "Point",
        "coordinates": [
          2.390521063686222,
          48.41877975249762
        ]
      },
      "properties": {
        "id": "IDFM:7269",
        "name": "Les Audigers",
        "code": "",
        "territories": [
          "TàD 4344"
        ],
        "routes": [
          "TàD 4344"
        ]
      }
    },
    {
      "type": "Feature",
      "geometry": {
        "type": "Point",
        "coordinates": [
          2.334162758745657,
          48.661826033529465
        ]
      },
      "properties": {
        "id": "IDFM:11876",
        "name": "Les Aulnes",
        "code": "",
        "territories": [
          "TàD 4592"
        ],
        "routes": [
          "TàD 4592"
        ]
      }
    },
    {
      "type": "Feature",
      "geometry": {
        "type": "Point",
        "coordinates": [
          2.3340779722976723,
          48.66208641636776
        ]
      },
      "properties": {
        "id": "IDFM:11877",
        "name": "Les Aulnes",
        "code": "",
        "territories": [
          "TàD 4592"
        ],
        "routes": [
          "TàD 4592"
        ]
      }
    },
    {
      "type": "Feature",
      "geometry": {
        "type": "Point",
        "coordinates": [
          1.8755761139571874,
          48.969266253694265
        ]
      },
      "properties": {
        "id": "IDFM:422759",
        "name": "Les Bleuets",
        "code": "",
        "territories": [
          "TàD Sud Meulan - Les Mureaux"
        ],
        "routes": [
          "TàD"
        ]
      }
    },
    {
      "type": "Feature",
      "geometry": {
        "type": "Point",
        "coordinates": [
          2.6023921953963773,
          48.95634275273723
        ]
      },
      "properties": {
        "id": "IDFM:21202",
        "name": "Les Bosquets",
        "code": "",
        "territories": [
          "TàD Roissy Sud"
        ],
        "routes": [
          "TàD"
        ]
      }
    },
    {
      "type": "Feature",
      "geometry": {
        "type": "Point",
        "coordinates": [
          2.602964256064934,
          48.95653349085317
        ]
      },
      "properties": {
        "id": "IDFM:39079",
        "name": "Les Bosquets",
        "code": "",
        "territories": [
          "TàD Roissy Sud"
        ],
        "routes": [
          "TàD"
        ]
      }
    },
    {
      "type": "Feature",
      "geometry": {
        "type": "Point",
        "coordinates": [
          2.346242837805691,
          48.50793303637088
        ]
      },
      "properties": {
        "id": "IDFM:11878",
        "name": "Les Bédouins",
        "code": "",
        "territories": [
          "TàD 4306"
        ],
        "routes": [
          "TàD 4306"
        ]
      }
    },
    {
      "type": "Feature",
      "geometry": {
        "type": "Point",
        "coordinates": [
          2.3462338956135778,
          48.507564144212544
        ]
      },
      "properties": {
        "id": "IDFM:11879",
        "name": "Les Bédouins",
        "code": "",
        "territories": [
          "TàD 4306"
        ],
        "routes": [
          "TàD 4306"
        ]
      }
    },
    {
      "type": "Feature",
      "geometry": {
        "type": "Point",
        "coordinates": [
          2.4719527984173033,
          49.00520744402394
        ]
      },
      "properties": {
        "id": "IDFM:419723",
        "name": "Les Charmilles",
        "code": "",
        "territories": [
          "TàD Roissy Goussainville"
        ],
        "routes": [
          "TàD"
        ]
      }
    },
    {
      "type": "Feature",
      "geometry": {
        "type": "Point",
        "coordinates": [
          2.472020496359692,
          49.005270687072
        ]
      },
      "properties": {
        "id": "IDFM:419722",
        "name": "Les Charmilles",
        "code": "",
        "territories": [
          "TàD Roissy Goussainville"
        ],
        "routes": [
          "TàD"
        ]
      }
    },
    {
      "type": "Feature",
      "geometry": {
        "type": "Point",
        "coordinates": [
          2.426605623978114,
          48.56641642616984
        ]
      },
      "properties": {
        "id": "IDFM:10406",
        "name": "Les Chatries",
        "code": "",
        "territories": [
          "TàD 4308",
          "TàD 4318"
        ],
        "routes": [
          "TàD 4308",
          "TàD 4318"
        ]
      }
    },
    {
      "type": "Feature",
      "geometry": {
        "type": "Point",
        "coordinates": [
          2.426576155766519,
          48.56663218036289
        ]
      },
      "properties": {
        "id": "IDFM:10405",
        "name": "Les Chatries",
        "code": "",
        "territories": [
          "TàD 4308",
          "TàD 4318"
        ],
        "routes": [
          "TàD 4308",
          "TàD 4318"
        ]
      }
    },
    {
      "type": "Feature",
      "geometry": {
        "type": "Point",
        "coordinates": [
          2.714280021688436,
          49.05863996704197
        ]
      },
      "properties": {
        "id": "IDFM:480897",
        "name": "Les Chênes",
        "code": "",
        "territories": [
          "TàD Goêle"
        ],
        "routes": [
          "TàD"
        ]
      }
    },
    {
      "type": "Feature",
      "geometry": {
        "type": "Point",
        "coordinates": [
          2.714526937516877,
          49.05852366349002
        ]
      },
      "properties": {
        "id": "IDFM:487485",
        "name": "Les Chênes",
        "code": "",
        "territories": [
          "TàD Goêle"
        ],
        "routes": [
          "TàD"
        ]
      }
    },
    {
      "type": "Feature",
      "geometry": {
        "type": "Point",
        "coordinates": [
          1.9635269265323478,
          49.11057455371507
        ]
      },
      "properties": {
        "id": "IDFM:41749",
        "name": "Les Closeaux",
        "code": "",
        "territories": [
          "TàD Vexin Est"
        ],
        "routes": [
          "TàD"
        ]
      }
    },
    {
      "type": "Feature",
      "geometry": {
        "type": "Point",
        "coordinates": [
          2.4812214137685844,
          49.02831252170919
        ]
      },
      "properties": {
        "id": "IDFM:38500",
        "name": "Les Coteaux",
        "code": "",
        "territories": [
          "TàD Roissy Goussainville"
        ],
        "routes": [
          "TàD"
        ]
      }
    },
    {
      "type": "Feature",
      "geometry": {
        "type": "Point",
        "coordinates": [
          2.6056520609451086,
          48.93882699470217
        ]
      },
      "properties": {
        "id": "IDFM:21235",
        "name": "Les Cèdres",
        "code": "",
        "territories": [
          "TàD Roissy Sud"
        ],
        "routes": [
          "TàD"
        ]
      }
    },
    {
      "type": "Feature",
      "geometry": {
        "type": "Point",
        "coordinates": [
          1.9879399021286166,
          49.089255870720194
        ]
      },
      "properties": {
        "id": "IDFM:416961",
        "name": "Les Côteaux",
        "code": "",
        "territories": [
          "TàD Vexin Est"
        ],
        "routes": [
          "TàD"
        ]
      }
    },
    {
      "type": "Feature",
      "geometry": {
        "type": "Point",
        "coordinates": [
          2.5275528685778146,
          49.00089814620478
        ]
      },
      "properties": {
        "id": "IDFM:18974",
        "name": "Les Deux Cèdres",
        "code": "",
        "territories": [
          "TàD Roissy Sud"
        ],
        "routes": [
          "TàD"
        ]
      }
    },
    {
      "type": "Feature",
      "geometry": {
        "type": "Point",
        "coordinates": [
          2.5279553459641217,
          49.001727009395054
        ]
      },
      "properties": {
        "id": "IDFM:39166",
        "name": "Les Deux Cèdres",
        "code": "",
        "territories": [
          "TàD Roissy Goussainville",
          "TàD Roissy Sarcelles",
          "TàD Roissy Sud",
          "TàD Roissy Villiers-le-Bel"
        ],
        "routes": [
          "TàD",
          "TàD",
          "TàD",
          "TàD"
        ]
      }
    },
    {
      "type": "Feature",
      "geometry": {
        "type": "Point",
        "coordinates": [
          2.3511317076219362,
          48.48154682082507
        ]
      },
      "properties": {
        "id": "IDFM:427804",
        "name": "Les Deux Ponts",
        "code": "",
        "territories": [
          "TàD 4305",
          "TàD 4306"
        ],
        "routes": [
          "TàD 4305",
          "TàD 4306"
        ]
      }
    },
    {
      "type": "Feature",
      "geometry": {
        "type": "Point",
        "coordinates": [
          2.3510975640966567,
          48.48102484584768
        ]
      },
      "properties": {
        "id": "IDFM:427807",
        "name": "Les Deux Ponts",
        "code": "",
        "territories": [
          "TàD 4305",
          "TàD 4306"
        ],
        "routes": [
          "TàD 4305",
          "TàD 4306"
        ]
      }
    },
    {
      "type": "Feature",
      "geometry": {
        "type": "Point",
        "coordinates": [
          2.2798744960625186,
          48.65498893875372
        ]
      },
      "properties": {
        "id": "IDFM:3173",
        "name": "Les Echassons",
        "code": "",
        "territories": [
          "TàD 4595"
        ],
        "routes": [
          "TàD 4595"
        ]
      }
    },
    {
      "type": "Feature",
      "geometry": {
        "type": "Point",
        "coordinates": [
          2.2800724386995355,
          48.65540391182711
        ]
      },
      "properties": {
        "id": "IDFM:10173",
        "name": "Les Echassons",
        "code": "",
        "territories": [
          "TàD 4595"
        ],
        "routes": [
          "TàD 4595"
        ]
      }
    },
    {
      "type": "Feature",
      "geometry": {
        "type": "Point",
        "coordinates": [
          2.350510627920404,
          48.53502560700941
        ]
      },
      "properties": {
        "id": "IDFM:11885",
        "name": "Les Fleurs",
        "code": "",
        "territories": [
          "TàD 4301/4530"
        ],
        "routes": [
          "TàD 4301"
        ]
      }
    },
    {
      "type": "Feature",
      "geometry": {
        "type": "Point",
        "coordinates": [
          2.3506598436027955,
          48.5350084300939
        ]
      },
      "properties": {
        "id": "IDFM:11886",
        "name": "Les Fleurs",
        "code": "",
        "territories": [
          "TàD 4301/4530"
        ],
        "routes": [
          "TàD 4301"
        ]
      }
    },
    {
      "type": "Feature",
      "geometry": {
        "type": "Point",
        "coordinates": [
          2.5459848911121137,
          48.9560794867095
        ]
      },
      "properties": {
        "id": "IDFM:40714",
        "name": "Les Fougères",
        "code": "",
        "territories": [
          "TàD Roissy Sud"
        ],
        "routes": [
          "TàD"
        ]
      }
    },
    {
      "type": "Feature",
      "geometry": {
        "type": "Point",
        "coordinates": [
          2.5457792065989735,
          48.95617762561838
        ]
      },
      "properties": {
        "id": "IDFM:38167",
        "name": "Les Fougères",
        "code": "",
        "territories": [
          "TàD Roissy Sud"
        ],
        "routes": [
          "TàD"
        ]
      }
    },
    {
      "type": "Feature",
      "geometry": {
        "type": "Point",
        "coordinates": [
          2.7894838202166756,
          49.08373750960008
        ]
      },
      "properties": {
        "id": "IDFM:38375",
        "name": "Les Frênes",
        "code": "",
        "territories": [
          "TàD Roissy Saint-Pathus"
        ],
        "routes": [
          "TàD"
        ]
      }
    },
    {
      "type": "Feature",
      "geometry": {
        "type": "Point",
        "coordinates": [
          2.5480541567071056,
          49.09976926396716
        ]
      },
      "properties": {
        "id": "IDFM:38782",
        "name": "Les Grands Prés",
        "code": "",
        "territories": [
          "TàD Roissy Fosses"
        ],
        "routes": [
          "TàD"
        ]
      }
    },
    {
      "type": "Feature",
      "geometry": {
        "type": "Point",
        "coordinates": [
          2.548177624615896,
          49.09974275402916
        ]
      },
      "properties": {
        "id": "IDFM:419497",
        "name": "Les Grands Prés",
        "code": "",
        "territories": [
          "TàD Roissy Fosses"
        ],
        "routes": [
          "TàD"
        ]
      }
    },
    {
      "type": "Feature",
      "geometry": {
        "type": "Point",
        "coordinates": [
          2.394715262192335,
          49.00743253708836
        ]
      },
      "properties": {
        "id": "IDFM:38145",
        "name": "Les Lierres - Hérivaux",
        "code": "",
        "territories": [
          "TàD Roissy Villiers-le-Bel"
        ],
        "routes": [
          "TàD"
        ]
      }
    },
    {
      "type": "Feature",
      "geometry": {
        "type": "Point",
        "coordinates": [
          2.3925883082735475,
          49.0069721810021
        ]
      },
      "properties": {
        "id": "IDFM:25472",
        "name": "Les Lierres - Louise Michel",
        "code": "",
        "territories": [
          "TàD Roissy Villiers-le-Bel"
        ],
        "routes": [
          "TàD"
        ]
      }
    },
    {
      "type": "Feature",
      "geometry": {
        "type": "Point",
        "coordinates": [
          2.3849982888715653,
          48.97843676316115
        ]
      },
      "properties": {
        "id": "IDFM:38555",
        "name": "Les Lochères",
        "code": "",
        "territories": [
          "TàD Roissy Sarcelles"
        ],
        "routes": [
          "TàD"
        ]
      }
    },
    {
      "type": "Feature",
      "geometry": {
        "type": "Point",
        "coordinates": [
          2.3849275395497607,
          48.97864322729602
        ]
      },
      "properties": {
        "id": "IDFM:38085",
        "name": "Les Lochères",
        "code": "",
        "territories": [
          "TàD Roissy Sarcelles"
        ],
        "routes": [
          "TàD"
        ]
      }
    },
    {
      "type": "Feature",
      "geometry": {
        "type": "Point",
        "coordinates": [
          2.0244483593521414,
          48.9010428511075
        ]
      },
      "properties": {
        "id": "IDFM:34679",
        "name": "Les Meuniers",
        "code": "",
        "territories": [
          "TàD Aigremont - Chambourcy"
        ],
        "routes": [
          "TàD"
        ]
      }
    },
    {
      "type": "Feature",
      "geometry": {
        "type": "Point",
        "coordinates": [
          2.473647824042801,
          48.98495532812761
        ]
      },
      "properties": {
        "id": "IDFM:38006",
        "name": "Les Mines",
        "code": "",
        "territories": [
          "TàD Roissy Villiers-le-Bel"
        ],
        "routes": [
          "TàD"
        ]
      }
    },
    {
      "type": "Feature",
      "geometry": {
        "type": "Point",
        "coordinates": [
          2.473057207767192,
          48.984858315837556
        ]
      },
      "properties": {
        "id": "IDFM:423568",
        "name": "Les Mines",
        "code": "",
        "territories": [
          "TàD Roissy Villiers-le-Bel"
        ],
        "routes": [
          "TàD"
        ]
      }
    },
    {
      "type": "Feature",
      "geometry": {
        "type": "Point",
        "coordinates": [
          2.4701365305662835,
          49.0358713060174
        ]
      },
      "properties": {
        "id": "IDFM:38043",
        "name": "Les Montagnettes",
        "code": "",
        "territories": [
          "TàD Roissy Goussainville"
        ],
        "routes": [
          "TàD"
        ]
      }
    },
    {
      "type": "Feature",
      "geometry": {
        "type": "Point",
        "coordinates": [
          2.4702591522556965,
          49.035916806529286
        ]
      },
      "properties": {
        "id": "IDFM:38042",
        "name": "Les Montagnettes",
        "code": "",
        "territories": [
          "TàD Roissy Goussainville"
        ],
        "routes": [
          "TàD"
        ]
      }
    },
    {
      "type": "Feature",
      "geometry": {
        "type": "Point",
        "coordinates": [
          2.9467806174993587,
          48.50835203618098
        ]
      },
      "properties": {
        "id": "IDFM:9717",
        "name": "Les Montils",
        "code": "",
        "territories": [
          "TàD Nangis / La-Chapelle-Rablais"
        ],
        "routes": [
          "TàD"
        ]
      }
    },
    {
      "type": "Feature",
      "geometry": {
        "type": "Point",
        "coordinates": [
          2.5408905749783015,
          48.96237283422793
        ]
      },
      "properties": {
        "id": "IDFM:38174",
        "name": "Les Mousseaux",
        "code": "",
        "territories": [
          "TàD Roissy Sud"
        ],
        "routes": [
          "TàD"
        ]
      }
    },
    {
      "type": "Feature",
      "geometry": {
        "type": "Point",
        "coordinates": [
          2.540714075098967,
          48.96225525600707
        ]
      },
      "properties": {
        "id": "IDFM:423601",
        "name": "Les Mousseaux",
        "code": "",
        "territories": [
          "TàD Roissy Sud"
        ],
        "routes": [
          "TàD"
        ]
      }
    },
    {
      "type": "Feature",
      "geometry": {
        "type": "Point",
        "coordinates": [
          2.3523861782683286,
          48.50051783101288
        ]
      },
      "properties": {
        "id": "IDFM:11890",
        "name": "Les Murs",
        "code": "",
        "territories": [
          "TàD 4305"
        ],
        "routes": [
          "TàD 4305"
        ]
      }
    },
    {
      "type": "Feature",
      "geometry": {
        "type": "Point",
        "coordinates": [
          2.351844650563522,
          48.49942633551048
        ]
      },
      "properties": {
        "id": "IDFM:11889",
        "name": "Les Murs",
        "code": "",
        "territories": [
          "TàD 4305"
        ],
        "routes": [
          "TàD 4305"
        ]
      }
    },
    {
      "type": "Feature",
      "geometry": {
        "type": "Point",
        "coordinates": [
          2.455786786133014,
          49.02184258418079
        ]
      },
      "properties": {
        "id": "IDFM:38675",
        "name": "Les Olympiades",
        "code": "",
        "territories": [
          "TàD Roissy Goussainville"
        ],
        "routes": [
          "TàD"
        ]
      }
    },
    {
      "type": "Feature",
      "geometry": {
        "type": "Point",
        "coordinates": [
          2.4559924296728477,
          49.021789563868815
        ]
      },
      "properties": {
        "id": "IDFM:38047",
        "name": "Les Olympiades",
        "code": "",
        "territories": [
          "TàD Luzarches - Goussainville"
        ],
        "routes": [
          "TàD"
        ]
      }
    },
    {
      "type": "Feature",
      "geometry": {
        "type": "Point",
        "coordinates": [
          2.7906681786795042,
          49.08196828476471
        ]
      },
      "properties": {
        "id": "IDFM:423537",
        "name": "Les Ormes",
        "code": "",
        "territories": [
          "TàD Roissy Saint-Pathus"
        ],
        "routes": [
          "TàD"
        ]
      }
    },
    {
      "type": "Feature",
      "geometry": {
        "type": "Point",
        "coordinates": [
          2.7909296282002263,
          49.081627068682245
        ]
      },
      "properties": {
        "id": "IDFM:38163",
        "name": "Les Ormes",
        "code": "",
        "territories": [
          "TàD Roissy Saint-Pathus"
        ],
        "routes": [
          "TàD"
        ]
      }
    },
    {
      "type": "Feature",
      "geometry": {
        "type": "Point",
        "coordinates": [
          2.3036973901916715,
          48.645127874976744
        ]
      },
      "properties": {
        "id": "IDFM:483625",
        "name": "Les Palefreniers",
        "code": "",
        "territories": [
          "TàD 4595"
        ],
        "routes": [
          "TàD 4595"
        ]
      }
    },
    {
      "type": "Feature",
      "geometry": {
        "type": "Point",
        "coordinates": [
          2.3037779918744707,
          48.64519131240857
        ]
      },
      "properties": {
        "id": "IDFM:483622",
        "name": "Les Palefreniers",
        "code": "",
        "territories": [
          "TàD 4595"
        ],
        "routes": [
          "TàD 4595"
        ]
      }
    },
    {
      "type": "Feature",
      "geometry": {
        "type": "Point",
        "coordinates": [
          2.3494715641494524,
          48.52269538439357
        ]
      },
      "properties": {
        "id": "IDFM:11891",
        "name": "Les Plantes",
        "code": "",
        "territories": [
          "TàD 4301/4530",
          "TàD 4305"
        ],
        "routes": [
          "TàD 4305",
          "TàD 4301"
        ]
      }
    },
    {
      "type": "Feature",
      "geometry": {
        "type": "Point",
        "coordinates": [
          2.349399727685428,
          48.523027845412685
        ]
      },
      "properties": {
        "id": "IDFM:11892",
        "name": "Les Plantes",
        "code": "",
        "territories": [
          "TàD 4301/4530",
          "TàD 4305"
        ],
        "routes": [
          "TàD 4305",
          "TàD 4301"
        ]
      }
    },
    {
      "type": "Feature",
      "geometry": {
        "type": "Point",
        "coordinates": [
          2.6912669166321246,
          49.065533509326805
        ]
      },
      "properties": {
        "id": "IDFM:481043",
        "name": "Les Prés Boucher",
        "code": "",
        "territories": [
          "TàD Goêle"
        ],
        "routes": [
          "TàD"
        ]
      }
    },
    {
      "type": "Feature",
      "geometry": {
        "type": "Point",
        "coordinates": [
          2.691349820686472,
          49.06539884943325
        ]
      },
      "properties": {
        "id": "IDFM:481045",
        "name": "Les Prés Boucher",
        "code": "",
        "territories": [
          "TàD Goêle"
        ],
        "routes": [
          "TàD"
        ]
      }
    },
    {
      "type": "Feature",
      "geometry": {
        "type": "Point",
        "coordinates": [
          2.3796877794493123,
          48.34494810543196
        ]
      },
      "properties": {
        "id": "IDFM:37099",
        "name": "Les Rabiers",
        "code": "",
        "territories": [
          "TàD 4342"
        ],
        "routes": [
          "TàD 4342"
        ]
      }
    },
    {
      "type": "Feature",
      "geometry": {
        "type": "Point",
        "coordinates": [
          2.3795531382334265,
          48.34492040846779
        ]
      },
      "properties": {
        "id": "IDFM:37100",
        "name": "Les Rabiers",
        "code": "",
        "territories": [
          "TàD 4342",
          "TàD 4343"
        ],
        "routes": [
          "TàD 4342",
          "TàD 4343"
        ]
      }
    },
    {
      "type": "Feature",
      "geometry": {
        "type": "Point",
        "coordinates": [
          2.299753160478858,
          48.655844996105856
        ]
      },
      "properties": {
        "id": "IDFM:23082",
        "name": "Les Rios",
        "code": "",
        "territories": [
          "TàD 4592"
        ],
        "routes": [
          "TàD 4592"
        ]
      }
    },
    {
      "type": "Feature",
      "geometry": {
        "type": "Point",
        "coordinates": [
          2.458909592827197,
          48.573764232483434
        ]
      },
      "properties": {
        "id": "IDFM:21583",
        "name": "Les Rochers",
        "code": "",
        "territories": [
          "TàD 4318"
        ],
        "routes": [
          "TàD 4318"
        ]
      }
    },
    {
      "type": "Feature",
      "geometry": {
        "type": "Point",
        "coordinates": [
          2.459100476565156,
          48.57365715319361
        ]
      },
      "properties": {
        "id": "IDFM:9463",
        "name": "Les Rochers",
        "code": "",
        "territories": [
          "TàD 4318"
        ],
        "routes": [
          "TàD 4318"
        ]
      }
    },
    {
      "type": "Feature",
      "geometry": {
        "type": "Point",
        "coordinates": [
          2.688143635193716,
          49.05243370167812
        ]
      },
      "properties": {
        "id": "IDFM:38252",
        "name": "Les Sablons",
        "code": "",
        "territories": [
          "TàD Goêle"
        ],
        "routes": [
          "TàD"
        ]
      }
    },
    {
      "type": "Feature",
      "geometry": {
        "type": "Point",
        "coordinates": [
          2.688170509310968,
          49.05251469617813
        ]
      },
      "properties": {
        "id": "IDFM:423813",
        "name": "Les Sablons",
        "code": "",
        "territories": [
          "TàD Goêle"
        ],
        "routes": [
          "TàD"
        ]
      }
    },
    {
      "type": "Feature",
      "geometry": {
        "type": "Point",
        "coordinates": [
          2.7906899488670143,
          49.07657350278965
        ]
      },
      "properties": {
        "id": "IDFM:415829",
        "name": "Les Sources",
        "code": "",
        "territories": [
          "TàD Roissy Saint-Pathus"
        ],
        "routes": [
          "TàD"
        ]
      }
    },
    {
      "type": "Feature",
      "geometry": {
        "type": "Point",
        "coordinates": [
          2.7902118635419813,
          49.07633889312937
        ]
      },
      "properties": {
        "id": "IDFM:38383",
        "name": "Les Sources",
        "code": "",
        "territories": [
          "TàD Roissy Saint-Pathus"
        ],
        "routes": [
          "TàD"
        ]
      }
    },
    {
      "type": "Feature",
      "geometry": {
        "type": "Point",
        "coordinates": [
          2.303370904525343,
          48.639063181015196
        ]
      },
      "properties": {
        "id": "IDFM:483628",
        "name": "Les Tilleuls",
        "code": "",
        "territories": [
          "TàD 4595"
        ],
        "routes": [
          "TàD 4595"
        ]
      }
    },
    {
      "type": "Feature",
      "geometry": {
        "type": "Point",
        "coordinates": [
          2.302948232658907,
          48.63818816890947
        ]
      },
      "properties": {
        "id": "IDFM:483626",
        "name": "Les Tilleuls",
        "code": "",
        "territories": [
          "TàD 4595"
        ],
        "routes": [
          "TàD 4595"
        ]
      }
    },
    {
      "type": "Feature",
      "geometry": {
        "type": "Point",
        "coordinates": [
          2.4530466158199977,
          49.09637153694906
        ]
      },
      "properties": {
        "id": "IDFM:38950",
        "name": "Les Tilleuls",
        "code": "",
        "territories": [
          "TàD Luzarches - Goussainville"
        ],
        "routes": [
          "TàD"
        ]
      }
    },
    {
      "type": "Feature",
      "geometry": {
        "type": "Point",
        "coordinates": [
          2.692583931225152,
          49.03956005123006
        ]
      },
      "properties": {
        "id": "IDFM:423756",
        "name": "Les Tournelles",
        "code": "",
        "territories": [
          "TàD Goêle"
        ],
        "routes": [
          "TàD"
        ]
      }
    },
    {
      "type": "Feature",
      "geometry": {
        "type": "Point",
        "coordinates": [
          2.6926084096958336,
          49.04004566813984
        ]
      },
      "properties": {
        "id": "IDFM:487253",
        "name": "Les Tournelles",
        "code": "",
        "territories": [
          "TàD Goêle"
        ],
        "routes": [
          "TàD"
        ]
      }
    },
    {
      "type": "Feature",
      "geometry": {
        "type": "Point",
        "coordinates": [
          2.0269286230377888,
          49.177721808791595
        ]
      },
      "properties": {
        "id": "IDFM:29529",
        "name": "Les Tuileries",
        "code": "",
        "territories": [
          "TàD Vexin Est"
        ],
        "routes": [
          "TàD"
        ]
      }
    },
    {
      "type": "Feature",
      "geometry": {
        "type": "Point",
        "coordinates": [
          2.7051415116192468,
          49.01751657692662
        ]
      },
      "properties": {
        "id": "IDFM:40644",
        "name": "Les Verdiers",
        "code": "",
        "territories": [
          "TàD Goêle"
        ],
        "routes": [
          "TàD"
        ]
      }
    },
    {
      "type": "Feature",
      "geometry": {
        "type": "Point",
        "coordinates": [
          2.7050050060906234,
          49.01748027385381
        ]
      },
      "properties": {
        "id": "IDFM:41633",
        "name": "Les Verdiers",
        "code": "",
        "territories": [
          "TàD Goêle"
        ],
        "routes": [
          "TàD"
        ]
      }
    },
    {
      "type": "Feature",
      "geometry": {
        "type": "Point",
        "coordinates": [
          2.793839151606571,
          49.07281154666793
        ]
      },
      "properties": {
        "id": "IDFM:423535",
        "name": "Les Écoles",
        "code": "",
        "territories": [
          "TàD Roissy Saint-Pathus"
        ],
        "routes": [
          "TàD"
        ]
      }
    },
    {
      "type": "Feature",
      "geometry": {
        "type": "Point",
        "coordinates": [
          2.7923183220784273,
          49.07324051650285
        ]
      },
      "properties": {
        "id": "IDFM:38374",
        "name": "Les Écoles",
        "code": "",
        "territories": [
          "TàD Roissy Saint-Pathus"
        ],
        "routes": [
          "TàD"
        ]
      }
    },
    {
      "type": "Feature",
      "geometry": {
        "type": "Point",
        "coordinates": [
          2.288420499438631,
          48.628585245662876
        ]
      },
      "properties": {
        "id": "IDFM:3174",
        "name": "Leuville",
        "code": "",
        "territories": [
          "TàD 4595"
        ],
        "routes": [
          "TàD 4595"
        ]
      }
    },
    {
      "type": "Feature",
      "geometry": {
        "type": "Point",
        "coordinates": [
          2.6039278708491556,
          48.9035245968161
        ]
      },
      "properties": {
        "id": "IDFM:16756",
        "name": "Levasseur",
        "code": "",
        "territories": [
          "TàD Bassin Chellois",
          "TàD Desserte Hôpital",
          "TàD Dimanche"
        ],
        "routes": [
          "TàD",
          "TàD",
          "TàD"
        ]
      }
    },
    {
      "type": "Feature",
      "geometry": {
        "type": "Point",
        "coordinates": [
          2.6027265049896102,
          48.903646519309994
        ]
      },
      "properties": {
        "id": "IDFM:16755",
        "name": "Levasseur",
        "code": "",
        "territories": [
          "TàD Bassin Chellois",
          "TàD Desserte Hôpital",
          "TàD Dimanche"
        ],
        "routes": [
          "TàD",
          "TàD",
          "TàD"
        ]
      }
    },
    {
      "type": "Feature",
      "geometry": {
        "type": "Point",
        "coordinates": [
          3.3083250810153664,
          48.56154257426509
        ]
      },
      "properties": {
        "id": "IDFM:425140",
        "name": "Libération",
        "code": "",
        "territories": [
          "TàD 3209"
        ],
        "routes": [
          "TàD 3209"
        ]
      }
    },
    {
      "type": "Feature",
      "geometry": {
        "type": "Point",
        "coordinates": [
          3.3087055441559654,
          48.56171250287824
        ]
      },
      "properties": {
        "id": "IDFM:10458",
        "name": "Libération",
        "code": "",
        "territories": [
          "TàD 3209"
        ],
        "routes": [
          "TàD 3209"
        ]
      }
    },
    {
      "type": "Feature",
      "geometry": {
        "type": "Point",
        "coordinates": [
          1.8967546823900556,
          49.00760223378284
        ]
      },
      "properties": {
        "id": "IDFM:32611",
        "name": "Lieutenant Martin",
        "code": "",
        "territories": [
          "TàD Nord Meulan - Les Mureaux"
        ],
        "routes": [
          "TàD"
        ]
      }
    },
    {
      "type": "Feature",
      "geometry": {
        "type": "Point",
        "coordinates": [
          2.602899246123472,
          48.96147014623013
        ]
      },
      "properties": {
        "id": "IDFM:39113",
        "name": "Lilas",
        "code": "",
        "territories": [
          "TàD Roissy Sud"
        ],
        "routes": [
          "TàD"
        ]
      }
    },
    {
      "type": "Feature",
      "geometry": {
        "type": "Point",
        "coordinates": [
          2.2844460780541165,
          48.62946097169609
        ]
      },
      "properties": {
        "id": "IDFM:3164",
        "name": "Linas",
        "code": "",
        "territories": [
          "TàD 4595"
        ],
        "routes": [
          "TàD 4595"
        ]
      }
    },
    {
      "type": "Feature",
      "geometry": {
        "type": "Point",
        "coordinates": [
          2.6063300167522336,
          48.88351405407329
        ]
      },
      "properties": {
        "id": "IDFM:16760",
        "name": "Lindau",
        "code": "",
        "territories": [
          "TàD Bassin Chellois",
          "TàD Desserte Hôpital",
          "TàD Dimanche"
        ],
        "routes": [
          "TàD",
          "TàD",
          "TàD"
        ]
      }
    },
    {
      "type": "Feature",
      "geometry": {
        "type": "Point",
        "coordinates": [
          2.6070271354366326,
          48.88329151663273
        ]
      },
      "properties": {
        "id": "IDFM:16759",
        "name": "Lindau",
        "code": "",
        "territories": [
          "TàD Bassin Chellois",
          "TàD Desserte Hôpital",
          "TàD Dimanche"
        ],
        "routes": [
          "TàD",
          "TàD",
          "TàD"
        ]
      }
    },
    {
      "type": "Feature",
      "geometry": {
        "type": "Point",
        "coordinates": [
          2.8090462419322417,
          49.042445233057606
        ]
      },
      "properties": {
        "id": "IDFM:415843",
        "name": "Logis Vert",
        "code": "",
        "territories": [
          "TàD Roissy Saint-Pathus"
        ],
        "routes": [
          "TàD"
        ]
      }
    },
    {
      "type": "Feature",
      "geometry": {
        "type": "Point",
        "coordinates": [
          2.8091424810486365,
          49.04231051079614
        ]
      },
      "properties": {
        "id": "IDFM:423550",
        "name": "Logis Vert",
        "code": "",
        "territories": [
          "TàD Roissy Saint-Pathus"
        ],
        "routes": [
          "TàD"
        ]
      }
    },
    {
      "type": "Feature",
      "geometry": {
        "type": "Point",
        "coordinates": [
          2.327589197589022,
          48.666169717495094
        ]
      },
      "properties": {
        "id": "IDFM:483601",
        "name": "Longpont",
        "code": "",
        "territories": [
          "TàD 4592"
        ],
        "routes": [
          "TàD 4592"
        ]
      }
    },
    {
      "type": "Feature",
      "geometry": {
        "type": "Point",
        "coordinates": [
          2.3276424719159863,
          48.66625097321957
        ]
      },
      "properties": {
        "id": "IDFM:483604",
        "name": "Longpont",
        "code": "",
        "territories": [
          "TàD 4592"
        ],
        "routes": [
          "TàD 4592"
        ]
      }
    },
    {
      "type": "Feature",
      "geometry": {
        "type": "Point",
        "coordinates": [
          2.354393892243416,
          48.53537960740757
        ]
      },
      "properties": {
        "id": "IDFM:11900",
        "name": "Longue Raie",
        "code": "",
        "territories": [
          "TàD 4301/4530"
        ],
        "routes": [
          "TàD 4301"
        ]
      }
    },
    {
      "type": "Feature",
      "geometry": {
        "type": "Point",
        "coordinates": [
          2.3543653626536494,
          48.53549640002402
        ]
      },
      "properties": {
        "id": "IDFM:11899",
        "name": "Longue Raie",
        "code": "",
        "territories": [
          "TàD 4301/4530"
        ],
        "routes": [
          "TàD 4301"
        ]
      }
    },
    {
      "type": "Feature",
      "geometry": {
        "type": "Point",
        "coordinates": [
          2.9223550831768996,
          48.55563793784833
        ]
      },
      "properties": {
        "id": "IDFM:424860",
        "name": "Lotissement",
        "code": "",
        "territories": [
          "TàD Nangis / La-Chapelle-Rablais"
        ],
        "routes": [
          "TàD"
        ]
      }
    },
    {
      "type": "Feature",
      "geometry": {
        "type": "Point",
        "coordinates": [
          2.9226805493839874,
          48.555467234925956
        ]
      },
      "properties": {
        "id": "IDFM:9728",
        "name": "Lotissement",
        "code": "",
        "territories": [
          "TàD Nangis / La-Chapelle-Rablais"
        ],
        "routes": [
          "TàD"
        ]
      }
    },
    {
      "type": "Feature",
      "geometry": {
        "type": "Point",
        "coordinates": [
          3.3182657947683873,
          48.56714759461682
        ]
      },
      "properties": {
        "id": "IDFM:10020",
        "name": "Lotissement",
        "code": "",
        "territories": [
          "TàD 3209"
        ],
        "routes": [
          "TàD 3209"
        ]
      }
    },
    {
      "type": "Feature",
      "geometry": {
        "type": "Point",
        "coordinates": [
          2.3233286545167116,
          48.54308733177421
        ]
      },
      "properties": {
        "id": "IDFM:35973",
        "name": "Lotissement",
        "code": "",
        "territories": [
          "TàD 4305"
        ],
        "routes": [
          "TàD 4305"
        ]
      }
    },
    {
      "type": "Feature",
      "geometry": {
        "type": "Point",
        "coordinates": [
          2.6560883848372705,
          48.99494191747471
        ]
      },
      "properties": {
        "id": "IDFM:39062",
        "name": "Louis Blériot",
        "code": "",
        "territories": [
          "TàD Roissy Juilly"
        ],
        "routes": [
          "TàD"
        ]
      }
    },
    {
      "type": "Feature",
      "geometry": {
        "type": "Point",
        "coordinates": [
          2.405991223648121,
          49.00152701991279
        ]
      },
      "properties": {
        "id": "IDFM:37935",
        "name": "Louis Perrein",
        "code": "",
        "territories": [
          "TàD Roissy Villiers-le-Bel"
        ],
        "routes": [
          "TàD"
        ]
      }
    },
    {
      "type": "Feature",
      "geometry": {
        "type": "Point",
        "coordinates": [
          2.467266450935152,
          48.50911296755078
        ]
      },
      "properties": {
        "id": "IDFM:9474",
        "name": "Louteville Pavillons",
        "code": "",
        "territories": [
          "TàD 4308"
        ],
        "routes": [
          "TàD 4308"
        ]
      }
    },
    {
      "type": "Feature",
      "geometry": {
        "type": "Point",
        "coordinates": [
          2.4666694869014303,
          48.509236234675015
        ]
      },
      "properties": {
        "id": "IDFM:9475",
        "name": "Louteville Pavillons",
        "code": "",
        "territories": [
          "TàD 4308"
        ],
        "routes": [
          "TàD 4308"
        ]
      }
    },
    {
      "type": "Feature",
      "geometry": {
        "type": "Point",
        "coordinates": [
          2.195521300989109,
          48.7803222538409
        ]
      },
      "properties": {
        "id": "IDFM:38967",
        "name": "Louvois",
        "code": "",
        "territories": [
          "TàD 6131"
        ],
        "routes": [
          "TàD 6131"
        ]
      }
    },
    {
      "type": "Feature",
      "geometry": {
        "type": "Point",
        "coordinates": [
          2.673204930911351,
          49.061079887788445
        ]
      },
      "properties": {
        "id": "IDFM:481051",
        "name": "Lucie Aubrac",
        "code": "",
        "territories": [
          "TàD Goêle"
        ],
        "routes": [
          "TàD"
        ]
      }
    },
    {
      "type": "Feature",
      "geometry": {
        "type": "Point",
        "coordinates": [
          2.3002588089665665,
          48.605860985009336
        ]
      },
      "properties": {
        "id": "IDFM:9891",
        "name": "Lucien Clause",
        "code": "",
        "territories": [
          "TàD 4591"
        ],
        "routes": [
          "TàD 4591"
        ]
      }
    },
    {
      "type": "Feature",
      "geometry": {
        "type": "Point",
        "coordinates": [
          2.313937141255278,
          48.60853128607405
        ]
      },
      "properties": {
        "id": "IDFM:2742",
        "name": "Lycée",
        "code": "",
        "territories": [
          "TàD 4301/4530"
        ],
        "routes": [
          "TàD 4301"
        ]
      }
    },
    {
      "type": "Feature",
      "geometry": {
        "type": "Point",
        "coordinates": [
          2.3135689149463605,
          48.608682086815854
        ]
      },
      "properties": {
        "id": "IDFM:2743",
        "name": "Lycée",
        "code": "",
        "territories": [
          "TàD 4301/4530"
        ],
        "routes": [
          "TàD 4301"
        ]
      }
    },
    {
      "type": "Feature",
      "geometry": {
        "type": "Point",
        "coordinates": [
          2.3337238957747486,
          48.484131356204735
        ]
      },
      "properties": {
        "id": "IDFM:11874",
        "name": "Lycée A. Denis",
        "code": "",
        "territories": [
          "TàD 4306"
        ],
        "routes": [
          "TàD 4306"
        ]
      }
    },
    {
      "type": "Feature",
      "geometry": {
        "type": "Point",
        "coordinates": [
          2.331553318829844,
          48.48348941567504
        ]
      },
      "properties": {
        "id": "IDFM:11875",
        "name": "Lycée A. Denis",
        "code": "",
        "territories": [
          "TàD 4306"
        ],
        "routes": [
          "TàD 4306"
        ]
      }
    },
    {
      "type": "Feature",
      "geometry": {
        "type": "Point",
        "coordinates": [
          2.6669182614709253,
          49.04714357633433
        ]
      },
      "properties": {
        "id": "IDFM:38280",
        "name": "Lycée Charles de Gaulle",
        "code": "",
        "territories": [
          "TàD Roissy Othis"
        ],
        "routes": [
          "TàD"
        ]
      }
    },
    {
      "type": "Feature",
      "geometry": {
        "type": "Point",
        "coordinates": [
          2.6670002186541515,
          49.04716178694571
        ]
      },
      "properties": {
        "id": "IDFM:487088",
        "name": "Lycée Charles de Gaulle",
        "code": "",
        "territories": [
          "TàD Goêle"
        ],
        "routes": [
          "TàD"
        ]
      }
    },
    {
      "type": "Feature",
      "geometry": {
        "type": "Point",
        "coordinates": [
          2.5088621556366295,
          48.93957557456266
        ]
      },
      "properties": {
        "id": "IDFM:18932",
        "name": "Lycée Jean Zay",
        "code": "",
        "territories": [
          "TàD Roissy Sud"
        ],
        "routes": [
          "TàD"
        ]
      }
    },
    {
      "type": "Feature",
      "geometry": {
        "type": "Point",
        "coordinates": [
          2.509585453541287,
          48.939596521491524
        ]
      },
      "properties": {
        "id": "IDFM:18999",
        "name": "Lycée Jean Zay",
        "code": "",
        "territories": [
          "TàD Roissy Sud"
        ],
        "routes": [
          "TàD"
        ]
      }
    },
    {
      "type": "Feature",
      "geometry": {
        "type": "Point",
        "coordinates": [
          2.0907165564424743,
          49.05811965314721
        ]
      },
      "properties": {
        "id": "IDFM:8626",
        "name": "Lycée Pissarro",
        "code": "",
        "territories": [
          "TàD Vexin Est"
        ],
        "routes": [
          "TàD"
        ]
      }
    },
    {
      "type": "Feature",
      "geometry": {
        "type": "Point",
        "coordinates": [
          2.091337092560399,
          49.05706327780653
        ]
      },
      "properties": {
        "id": "IDFM:8685",
        "name": "Lycée Pissarro",
        "code": "",
        "territories": [
          "TàD Vexin Est"
        ],
        "routes": [
          "TàD"
        ]
      }
    },
    {
      "type": "Feature",
      "geometry": {
        "type": "Point",
        "coordinates": [
          2.4333525529368254,
          48.982775464065924
        ]
      },
      "properties": {
        "id": "IDFM:28311",
        "name": "Lycée René Cassin",
        "code": "",
        "territories": [
          "TàD Roissy Sarcelles"
        ],
        "routes": [
          "TàD"
        ]
      }
    },
    {
      "type": "Feature",
      "geometry": {
        "type": "Point",
        "coordinates": [
          2.4339682057944714,
          48.98269743887762
        ]
      },
      "properties": {
        "id": "IDFM:38005",
        "name": "Lycée René Cassin",
        "code": "",
        "territories": [
          "TàD Roissy Sarcelles"
        ],
        "routes": [
          "TàD"
        ]
      }
    },
    {
      "type": "Feature",
      "geometry": {
        "type": "Point",
        "coordinates": [
          2.1498823997909295,
          48.43559903487928
        ]
      },
      "properties": {
        "id": "IDFM:11903",
        "name": "Lycée Saint Hilaire",
        "code": "",
        "territories": [
          "TàD 4342",
          "TàD 4344"
        ],
        "routes": [
          "TàD 4342",
          "TàD 4344"
        ]
      }
    },
    {
      "type": "Feature",
      "geometry": {
        "type": "Point",
        "coordinates": [
          2.428474265069424,
          48.9816102874996
        ]
      },
      "properties": {
        "id": "IDFM:38611",
        "name": "Léon Blum",
        "code": "",
        "territories": [
          "TàD Roissy Sarcelles"
        ],
        "routes": [
          "TàD"
        ]
      }
    },
    {
      "type": "Feature",
      "geometry": {
        "type": "Point",
        "coordinates": [
          2.42929423784359,
          48.98158721393673
        ]
      },
      "properties": {
        "id": "IDFM:38017",
        "name": "Léon Blum",
        "code": "",
        "territories": [
          "TàD Roissy Sarcelles"
        ],
        "routes": [
          "TàD"
        ]
      }
    },
    {
      "type": "Feature",
      "geometry": {
        "type": "Point",
        "coordinates": [
          2.6070954432694307,
          48.888696582529704
        ]
      },
      "properties": {
        "id": "IDFM:21244",
        "name": "Madeleine",
        "code": "",
        "territories": [
          "TàD Bassin Chellois",
          "TàD Desserte Hôpital",
          "TàD Dimanche"
        ],
        "routes": [
          "TàD",
          "TàD",
          "TàD"
        ]
      }
    },
    {
      "type": "Feature",
      "geometry": {
        "type": "Point",
        "coordinates": [
          2.6067979399850163,
          48.88836286272697
        ]
      },
      "properties": {
        "id": "IDFM:21243",
        "name": "Madeleine",
        "code": "",
        "territories": [
          "TàD Bassin Chellois",
          "TàD Desserte Hôpital",
          "TàD Dimanche"
        ],
        "routes": [
          "TàD",
          "TàD",
          "TàD"
        ]
      }
    },
    {
      "type": "Feature",
      "geometry": {
        "type": "Point",
        "coordinates": [
          2.664845469683524,
          48.914798740908296
        ]
      },
      "properties": {
        "id": "IDFM:493049",
        "name": "Mairie",
        "code": "",
        "territories": [
          "TàD Bassin Chellois",
          "TàD Desserte Hôpital",
          "TàD Dimanche"
        ],
        "routes": [
          "TàD",
          "TàD",
          "TàD"
        ]
      }
    },
    {
      "type": "Feature",
      "geometry": {
        "type": "Point",
        "coordinates": [
          2.6884578792549916,
          48.94538361168966
        ]
      },
      "properties": {
        "id": "IDFM:16765",
        "name": "Mairie",
        "code": "",
        "territories": [
          "TàD Desserte Hôpital",
          "TàD Dimanche"
        ],
        "routes": [
          "TàD",
          "TàD"
        ]
      }
    },
    {
      "type": "Feature",
      "geometry": {
        "type": "Point",
        "coordinates": [
          2.6646955018787484,
          48.91478033564773
        ]
      },
      "properties": {
        "id": "IDFM:16769",
        "name": "Mairie",
        "code": "",
        "territories": [
          "TàD Bassin Chellois",
          "TàD Desserte Hôpital",
          "TàD Dimanche"
        ],
        "routes": [
          "TàD",
          "TàD",
          "TàD"
        ]
      }
    },
    {
      "type": "Feature",
      "geometry": {
        "type": "Point",
        "coordinates": [
          2.629710073486858,
          48.915010045525115
        ]
      },
      "properties": {
        "id": "IDFM:16768",
        "name": "Mairie",
        "code": "",
        "territories": [
          "TàD Bassin Chellois",
          "TàD Desserte Hôpital",
          "TàD Dimanche"
        ],
        "routes": [
          "TàD",
          "TàD",
          "TàD"
        ]
      }
    },
    {
      "type": "Feature",
      "geometry": {
        "type": "Point",
        "coordinates": [
          2.6307312574593986,
          48.88262054549841
        ]
      },
      "properties": {
        "id": "IDFM:16762",
        "name": "Mairie",
        "code": "",
        "territories": [
          "TàD Bassin Chellois",
          "TàD Desserte Hôpital",
          "TàD Dimanche"
        ],
        "routes": [
          "TàD",
          "TàD",
          "TàD"
        ]
      }
    },
    {
      "type": "Feature",
      "geometry": {
        "type": "Point",
        "coordinates": [
          2.6310312387760213,
          48.882621470347694
        ]
      },
      "properties": {
        "id": "IDFM:16761",
        "name": "Mairie",
        "code": "",
        "territories": [
          "TàD Bassin Chellois",
          "TàD Desserte Hôpital",
          "TàD Dimanche"
        ],
        "routes": [
          "TàD",
          "TàD",
          "TàD"
        ]
      }
    },
    {
      "type": "Feature",
      "geometry": {
        "type": "Point",
        "coordinates": [
          2.9156843892539235,
          48.55799921664967
        ]
      },
      "properties": {
        "id": "IDFM:425302",
        "name": "Mairie",
        "code": "",
        "territories": [
          "TàD Nangis / La-Chapelle-Rablais"
        ],
        "routes": [
          "TàD"
        ]
      }
    },
    {
      "type": "Feature",
      "geometry": {
        "type": "Point",
        "coordinates": [
          3.11660822818706,
          48.61285233183144
        ]
      },
      "properties": {
        "id": "IDFM:425318",
        "name": "Mairie",
        "code": "",
        "territories": [
          "TàD Nangis / Saint-Just"
        ],
        "routes": [
          "TàD"
        ]
      }
    },
    {
      "type": "Feature",
      "geometry": {
        "type": "Point",
        "coordinates": [
          2.8014463975319126,
          49.06975827623527
        ]
      },
      "properties": {
        "id": "IDFM:415841",
        "name": "Mairie",
        "code": "",
        "territories": [
          "TàD Roissy Saint-Pathus"
        ],
        "routes": [
          "TàD"
        ]
      }
    },
    {
      "type": "Feature",
      "geometry": {
        "type": "Point",
        "coordinates": [
          2.3270799681203056,
          49.02740806452239
        ]
      },
      "properties": {
        "id": "IDFM:14234",
        "name": "Mairie",
        "code": "",
        "territories": [
          "TàD Eaubonne Domont"
        ],
        "routes": [
          "TàD"
        ]
      }
    },
    {
      "type": "Feature",
      "geometry": {
        "type": "Point",
        "coordinates": [
          2.678120276744317,
          49.05393584278329
        ]
      },
      "properties": {
        "id": "IDFM:37984",
        "name": "Mairie",
        "code": "",
        "territories": [
          "TàD Goêle",
          "TàD Roissy Othis"
        ],
        "routes": [
          "TàD",
          "TàD"
        ]
      }
    },
    {
      "type": "Feature",
      "geometry": {
        "type": "Point",
        "coordinates": [
          1.8734134088447647,
          49.086699517653706
        ]
      },
      "properties": {
        "id": "IDFM:413571",
        "name": "Mairie",
        "code": "",
        "territories": [
          "TàD Vexin Est"
        ],
        "routes": [
          "TàD"
        ]
      }
    },
    {
      "type": "Feature",
      "geometry": {
        "type": "Point",
        "coordinates": [
          1.9502995929424185,
          49.125943694388404
        ]
      },
      "properties": {
        "id": "IDFM:29648",
        "name": "Mairie",
        "code": "",
        "territories": [
          "TàD Vexin Est"
        ],
        "routes": [
          "TàD"
        ]
      }
    },
    {
      "type": "Feature",
      "geometry": {
        "type": "Point",
        "coordinates": [
          2.095130340689991,
          49.095325685980725
        ]
      },
      "properties": {
        "id": "IDFM:29600",
        "name": "Mairie",
        "code": "",
        "territories": [
          "TàD Vexin Est"
        ],
        "routes": [
          "TàD"
        ]
      }
    },
    {
      "type": "Feature",
      "geometry": {
        "type": "Point",
        "coordinates": [
          2.3301519493884415,
          48.662226328928746
        ]
      },
      "properties": {
        "id": "IDFM:11918",
        "name": "Mairie",
        "code": "",
        "territories": [
          "TàD 4592"
        ],
        "routes": [
          "TàD 4592"
        ]
      }
    },
    {
      "type": "Feature",
      "geometry": {
        "type": "Point",
        "coordinates": [
          2.329661192051808,
          48.66237648592101
        ]
      },
      "properties": {
        "id": "IDFM:11919",
        "name": "Mairie",
        "code": "",
        "territories": [
          "TàD 4592"
        ],
        "routes": [
          "TàD 4592"
        ]
      }
    },
    {
      "type": "Feature",
      "geometry": {
        "type": "Point",
        "coordinates": [
          2.4300363002261354,
          49.120712046220696
        ]
      },
      "properties": {
        "id": "IDFM:38635",
        "name": "Mairie",
        "code": "",
        "territories": [
          "TàD Luzarches - Goussainville"
        ],
        "routes": [
          "TàD"
        ]
      }
    },
    {
      "type": "Feature",
      "geometry": {
        "type": "Point",
        "coordinates": [
          3.1165940418607327,
          48.61257349732718
        ]
      },
      "properties": {
        "id": "IDFM:9713",
        "name": "Mairie",
        "code": "",
        "territories": [
          "TàD Nangis / Saint-Just"
        ],
        "routes": [
          "TàD"
        ]
      }
    },
    {
      "type": "Feature",
      "geometry": {
        "type": "Point",
        "coordinates": [
          2.5434317844610783,
          49.09754893045887
        ]
      },
      "properties": {
        "id": "IDFM:38784",
        "name": "Mairie",
        "code": "",
        "territories": [
          "TàD Roissy Fosses"
        ],
        "routes": [
          "TàD"
        ]
      }
    },
    {
      "type": "Feature",
      "geometry": {
        "type": "Point",
        "coordinates": [
          2.366623255612802,
          48.55128715634199
        ]
      },
      "properties": {
        "id": "IDFM:477381",
        "name": "Mairie",
        "code": "",
        "territories": [
          "TàD 4301/4530"
        ],
        "routes": [
          "TàD 4301"
        ]
      }
    },
    {
      "type": "Feature",
      "geometry": {
        "type": "Point",
        "coordinates": [
          2.9154945419766394,
          48.558080041480785
        ]
      },
      "properties": {
        "id": "IDFM:9729",
        "name": "Mairie",
        "code": "",
        "territories": [
          "TàD Nangis / La-Chapelle-Rablais"
        ],
        "routes": [
          "TàD"
        ]
      }
    },
    {
      "type": "Feature",
      "geometry": {
        "type": "Point",
        "coordinates": [
          1.9089647204816358,
          49.13761587518784
        ]
      },
      "properties": {
        "id": "IDFM:2250",
        "name": "Mairie",
        "code": "",
        "territories": [
          "TàD Vexin Est"
        ],
        "routes": [
          "TàD"
        ]
      }
    },
    {
      "type": "Feature",
      "geometry": {
        "type": "Point",
        "coordinates": [
          2.8014186149426545,
          49.06986612768112
        ]
      },
      "properties": {
        "id": "IDFM:38377",
        "name": "Mairie",
        "code": "",
        "territories": [
          "TàD Roissy Saint-Pathus"
        ],
        "routes": [
          "TàD"
        ]
      }
    },
    {
      "type": "Feature",
      "geometry": {
        "type": "Point",
        "coordinates": [
          2.7704678576648694,
          49.05028137482701
        ]
      },
      "properties": {
        "id": "IDFM:38302",
        "name": "Mairie",
        "code": "",
        "territories": [
          "TàD Roissy Saint-Pathus"
        ],
        "routes": [
          "TàD"
        ]
      }
    },
    {
      "type": "Feature",
      "geometry": {
        "type": "Point",
        "coordinates": [
          3.32293874408028,
          48.56664924462588
        ]
      },
      "properties": {
        "id": "IDFM:10021",
        "name": "Mairie",
        "code": "",
        "territories": [
          "TàD 3209"
        ],
        "routes": [
          "TàD 3209"
        ]
      }
    },
    {
      "type": "Feature",
      "geometry": {
        "type": "Point",
        "coordinates": [
          2.3264104844491085,
          48.5657833758686
        ]
      },
      "properties": {
        "id": "IDFM:411647",
        "name": "Mairie",
        "code": "",
        "territories": [
          "TàD 4301/4530"
        ],
        "routes": [
          "TàD 4301"
        ]
      }
    },
    {
      "type": "Feature",
      "geometry": {
        "type": "Point",
        "coordinates": [
          2.4444111919863576,
          48.51565639232455
        ]
      },
      "properties": {
        "id": "IDFM:9512",
        "name": "Mairie",
        "code": "",
        "territories": [
          "TàD 4308",
          "TàD 4318"
        ],
        "routes": [
          "TàD 4308",
          "TàD 4318"
        ]
      }
    },
    {
      "type": "Feature",
      "geometry": {
        "type": "Point",
        "coordinates": [
          2.348247927652961,
          48.481665976245466
        ]
      },
      "properties": {
        "id": "IDFM:485645",
        "name": "Mairie",
        "code": "",
        "territories": [
          "TàD 4306"
        ],
        "routes": [
          "TàD 4306"
        ]
      }
    },
    {
      "type": "Feature",
      "geometry": {
        "type": "Point",
        "coordinates": [
          2.4451628335765503,
          48.5150031934806
        ]
      },
      "properties": {
        "id": "IDFM:9498",
        "name": "Mairie",
        "code": "",
        "territories": [
          "TàD 4308",
          "TàD 4318"
        ],
        "routes": [
          "TàD 4308",
          "TàD 4318"
        ]
      }
    },
    {
      "type": "Feature",
      "geometry": {
        "type": "Point",
        "coordinates": [
          2.675283313060493,
          49.074419933673994
        ]
      },
      "properties": {
        "id": "IDFM:38052",
        "name": "Mairie",
        "code": "",
        "territories": [
          "TàD Goêle",
          "TàD Roissy Othis"
        ],
        "routes": [
          "TàD",
          "TàD"
        ]
      }
    },
    {
      "type": "Feature",
      "geometry": {
        "type": "Point",
        "coordinates": [
          1.9338232423803439,
          48.96716323871631
        ]
      },
      "properties": {
        "id": "IDFM:32480",
        "name": "Mairie",
        "code": "",
        "territories": [
          "TàD Sud Meulan - Les Mureaux"
        ],
        "routes": [
          "TàD"
        ]
      }
    },
    {
      "type": "Feature",
      "geometry": {
        "type": "Point",
        "coordinates": [
          1.8920991707102588,
          49.02398913832853
        ]
      },
      "properties": {
        "id": "IDFM:32588",
        "name": "Mairie",
        "code": "",
        "territories": [
          "TàD Nord Meulan - Les Mureaux"
        ],
        "routes": [
          "TàD"
        ]
      }
    },
    {
      "type": "Feature",
      "geometry": {
        "type": "Point",
        "coordinates": [
          1.870102365777541,
          48.96469121893203
        ]
      },
      "properties": {
        "id": "IDFM:32573",
        "name": "Mairie",
        "code": "",
        "territories": [
          "TàD Sud Meulan - Les Mureaux"
        ],
        "routes": [
          "TàD"
        ]
      }
    },
    {
      "type": "Feature",
      "geometry": {
        "type": "Point",
        "coordinates": [
          1.8701318268984575,
          48.96459257090291
        ]
      },
      "properties": {
        "id": "IDFM:32574",
        "name": "Mairie",
        "code": "",
        "territories": [
          "TàD Sud Meulan - Les Mureaux"
        ],
        "routes": [
          "TàD"
        ]
      }
    },
    {
      "type": "Feature",
      "geometry": {
        "type": "Point",
        "coordinates": [
          2.3601955357913136,
          48.49285936320734
        ]
      },
      "properties": {
        "id": "IDFM:480260",
        "name": "Mairie",
        "code": "",
        "territories": [
          "TàD 4305"
        ],
        "routes": [
          "TàD 4305"
        ]
      }
    },
    {
      "type": "Feature",
      "geometry": {
        "type": "Point",
        "coordinates": [
          2.389849182714729,
          49.07225490274034
        ]
      },
      "properties": {
        "id": "IDFM:419485",
        "name": "Mairie",
        "code": "",
        "territories": [
          "TàD Luzarches - Goussainville"
        ],
        "routes": [
          "TàD"
        ]
      }
    },
    {
      "type": "Feature",
      "geometry": {
        "type": "Point",
        "coordinates": [
          2.543293281112435,
          49.097728230977516
        ]
      },
      "properties": {
        "id": "IDFM:419495",
        "name": "Mairie",
        "code": "",
        "territories": [
          "TàD Roissy Fosses"
        ],
        "routes": [
          "TàD"
        ]
      }
    },
    {
      "type": "Feature",
      "geometry": {
        "type": "Point",
        "coordinates": [
          1.9668101037121775,
          49.101363655648825
        ]
      },
      "properties": {
        "id": "IDFM:29559",
        "name": "Mairie",
        "code": "",
        "territories": [
          "TàD Vexin Est"
        ],
        "routes": [
          "TàD"
        ]
      }
    },
    {
      "type": "Feature",
      "geometry": {
        "type": "Point",
        "coordinates": [
          2.065280546588087,
          49.124194473994486
        ]
      },
      "properties": {
        "id": "IDFM:29555",
        "name": "Mairie",
        "code": "",
        "territories": [
          "TàD Vexin Est"
        ],
        "routes": [
          "TàD"
        ]
      }
    },
    {
      "type": "Feature",
      "geometry": {
        "type": "Point",
        "coordinates": [
          2.36056018500943,
          48.49292430038563
        ]
      },
      "properties": {
        "id": "IDFM:485653",
        "name": "Mairie",
        "code": "",
        "territories": [
          "TàD 4305"
        ],
        "routes": [
          "TàD 4305"
        ]
      }
    },
    {
      "type": "Feature",
      "geometry": {
        "type": "Point",
        "coordinates": [
          2.2924642103062336,
          48.64265098158697
        ]
      },
      "properties": {
        "id": "IDFM:3176",
        "name": "Mairie",
        "code": "",
        "territories": [
          "TàD 4595"
        ],
        "routes": [
          "TàD 4595"
        ]
      }
    },
    {
      "type": "Feature",
      "geometry": {
        "type": "Point",
        "coordinates": [
          1.93387270559205,
          48.96741548566981
        ]
      },
      "properties": {
        "id": "IDFM:13616",
        "name": "Mairie",
        "code": "",
        "territories": [
          "TàD Sud Meulan - Les Mureaux"
        ],
        "routes": [
          "TàD"
        ]
      }
    },
    {
      "type": "Feature",
      "geometry": {
        "type": "Point",
        "coordinates": [
          1.9199382779289547,
          49.02405395820583
        ]
      },
      "properties": {
        "id": "IDFM:32904",
        "name": "Mairie",
        "code": "",
        "territories": [
          "TàD Nord Meulan - Les Mureaux"
        ],
        "routes": [
          "TàD"
        ]
      }
    },
    {
      "type": "Feature",
      "geometry": {
        "type": "Point",
        "coordinates": [
          2.499277563932171,
          49.078715936683025
        ]
      },
      "properties": {
        "id": "IDFM:414483",
        "name": "Mairie",
        "code": "",
        "territories": [
          "TàD Roissy Fosses"
        ],
        "routes": [
          "TàD"
        ]
      }
    },
    {
      "type": "Feature",
      "geometry": {
        "type": "Point",
        "coordinates": [
          2.150174792471337,
          49.14790489728478
        ]
      },
      "properties": {
        "id": "IDFM:29594",
        "name": "Mairie",
        "code": "",
        "territories": [
          "TàD Vexin Est"
        ],
        "routes": [
          "TàD"
        ]
      }
    },
    {
      "type": "Feature",
      "geometry": {
        "type": "Point",
        "coordinates": [
          2.14392196416238,
          49.135632403384335
        ]
      },
      "properties": {
        "id": "IDFM:29597",
        "name": "Mairie",
        "code": "",
        "territories": [
          "TàD Vexin Est"
        ],
        "routes": [
          "TàD"
        ]
      }
    },
    {
      "type": "Feature",
      "geometry": {
        "type": "Point",
        "coordinates": [
          2.934686264466788,
          48.968719199040926
        ]
      },
      "properties": {
        "id": "IDFM:4950",
        "name": "Mairie",
        "code": "",
        "territories": [
          "TàD ZI Poincy"
        ],
        "routes": [
          "TàD"
        ]
      }
    },
    {
      "type": "Feature",
      "geometry": {
        "type": "Point",
        "coordinates": [
          2.9345771796038256,
          48.96857526299838
        ]
      },
      "properties": {
        "id": "IDFM:4951",
        "name": "Mairie",
        "code": "",
        "territories": [
          "TàD ZI Poincy"
        ],
        "routes": [
          "TàD"
        ]
      }
    },
    {
      "type": "Feature",
      "geometry": {
        "type": "Point",
        "coordinates": [
          2.3252503628600576,
          48.45692323064382
        ]
      },
      "properties": {
        "id": "IDFM:7409",
        "name": "Mairie",
        "code": "",
        "territories": [
          "TàD 4306",
          "TàD 4344"
        ],
        "routes": [
          "TàD 4306",
          "TàD 4344"
        ]
      }
    },
    {
      "type": "Feature",
      "geometry": {
        "type": "Point",
        "coordinates": [
          2.7715769778318005,
          49.050040714969235
        ]
      },
      "properties": {
        "id": "IDFM:423783",
        "name": "Mairie",
        "code": "",
        "territories": [
          "TàD Roissy Saint-Pathus"
        ],
        "routes": [
          "TàD"
        ]
      }
    },
    {
      "type": "Feature",
      "geometry": {
        "type": "Point",
        "coordinates": [
          2.325344457491436,
          48.45696874817357
        ]
      },
      "properties": {
        "id": "IDFM:7391",
        "name": "Mairie",
        "code": "",
        "territories": [
          "TàD 4306",
          "TàD 4344"
        ],
        "routes": [
          "TàD 4306",
          "TàD 4344"
        ]
      }
    },
    {
      "type": "Feature",
      "geometry": {
        "type": "Point",
        "coordinates": [
          2.3538097670340337,
          48.43767648801004
        ]
      },
      "properties": {
        "id": "IDFM:7387",
        "name": "Mairie",
        "code": "",
        "territories": [
          "TàD 4305",
          "TàD 4344"
        ],
        "routes": [
          "TàD 4305",
          "TàD 4344"
        ]
      }
    },
    {
      "type": "Feature",
      "geometry": {
        "type": "Point",
        "coordinates": [
          2.353929342699609,
          48.4378480755035
        ]
      },
      "properties": {
        "id": "IDFM:7386",
        "name": "Mairie",
        "code": "",
        "territories": [
          "TàD 4305",
          "TàD 4344"
        ],
        "routes": [
          "TàD 4305",
          "TàD 4344"
        ]
      }
    },
    {
      "type": "Feature",
      "geometry": {
        "type": "Point",
        "coordinates": [
          2.3775109411909563,
          48.35668705712025
        ]
      },
      "properties": {
        "id": "IDFM:7365",
        "name": "Mairie",
        "code": "",
        "territories": [
          "TàD 4342",
          "TàD 4343"
        ],
        "routes": [
          "TàD 4342",
          "TàD 4343"
        ]
      }
    },
    {
      "type": "Feature",
      "geometry": {
        "type": "Point",
        "coordinates": [
          2.3774710829173142,
          48.356632864596406
        ]
      },
      "properties": {
        "id": "IDFM:7364",
        "name": "Mairie",
        "code": "",
        "territories": [
          "TàD 4342",
          "TàD 4343"
        ],
        "routes": [
          "TàD 4342",
          "TàD 4343"
        ]
      }
    },
    {
      "type": "Feature",
      "geometry": {
        "type": "Point",
        "coordinates": [
          2.2640933544746065,
          48.40629481659434
        ]
      },
      "properties": {
        "id": "IDFM:7369",
        "name": "Mairie",
        "code": "",
        "territories": [
          "TàD 4342"
        ],
        "routes": [
          "TàD 4342"
        ]
      }
    },
    {
      "type": "Feature",
      "geometry": {
        "type": "Point",
        "coordinates": [
          2.2639581133943323,
          48.40630297425342
        ]
      },
      "properties": {
        "id": "IDFM:7368",
        "name": "Mairie",
        "code": "",
        "territories": [
          "TàD 4342"
        ],
        "routes": [
          "TàD 4342"
        ]
      }
    },
    {
      "type": "Feature",
      "geometry": {
        "type": "Point",
        "coordinates": [
          2.327408265868608,
          49.02802605212393
        ]
      },
      "properties": {
        "id": "IDFM:427867",
        "name": "Mairie",
        "code": "",
        "territories": [
          "TàD Eaubonne Domont"
        ],
        "routes": [
          "TàD"
        ]
      }
    },
    {
      "type": "Feature",
      "geometry": {
        "type": "Point",
        "coordinates": [
          2.6752531831225292,
          49.074860433384735
        ]
      },
      "properties": {
        "id": "IDFM:423581",
        "name": "Mairie",
        "code": "",
        "territories": [
          "TàD Goêle",
          "TàD Roissy Othis"
        ],
        "routes": [
          "TàD",
          "TàD"
        ]
      }
    },
    {
      "type": "Feature",
      "geometry": {
        "type": "Point",
        "coordinates": [
          2.2847725205138554,
          49.008698146786756
        ]
      },
      "properties": {
        "id": "IDFM:13255",
        "name": "Mairie",
        "code": "",
        "territories": [
          "TàD Eaubonne Domont"
        ],
        "routes": [
          "TàD"
        ]
      }
    },
    {
      "type": "Feature",
      "geometry": {
        "type": "Point",
        "coordinates": [
          2.3781279120133876,
          48.41757283983783
        ]
      },
      "properties": {
        "id": "IDFM:7296",
        "name": "Mairie",
        "code": "",
        "territories": [
          "TàD 4342",
          "TàD 4343"
        ],
        "routes": [
          "TàD 4342",
          "TàD 4343"
        ]
      }
    },
    {
      "type": "Feature",
      "geometry": {
        "type": "Point",
        "coordinates": [
          2.3779225315167296,
          48.41779668216854
        ]
      },
      "properties": {
        "id": "IDFM:7297",
        "name": "Mairie",
        "code": "",
        "territories": [
          "TàD 4342"
        ],
        "routes": [
          "TàD 4342"
        ]
      }
    },
    {
      "type": "Feature",
      "geometry": {
        "type": "Point",
        "coordinates": [
          2.388364238481163,
          48.36021648858592
        ]
      },
      "properties": {
        "id": "IDFM:7284",
        "name": "Mairie",
        "code": "",
        "territories": [
          "TàD 4342",
          "TàD 4343"
        ],
        "routes": [
          "TàD 4342",
          "TàD 4343"
        ]
      }
    },
    {
      "type": "Feature",
      "geometry": {
        "type": "Point",
        "coordinates": [
          2.388091835028489,
          48.360422016511336
        ]
      },
      "properties": {
        "id": "IDFM:7285",
        "name": "Mairie",
        "code": "",
        "territories": [
          "TàD 4342",
          "TàD 4343"
        ],
        "routes": [
          "TàD 4342",
          "TàD 4343"
        ]
      }
    },
    {
      "type": "Feature",
      "geometry": {
        "type": "Point",
        "coordinates": [
          2.3196484393715155,
          48.342243170009354
        ]
      },
      "properties": {
        "id": "IDFM:7286",
        "name": "Mairie",
        "code": "",
        "territories": [
          "TàD 4342"
        ],
        "routes": [
          "TàD 4342"
        ]
      }
    },
    {
      "type": "Feature",
      "geometry": {
        "type": "Point",
        "coordinates": [
          2.319717077833401,
          48.342153590925506
        ]
      },
      "properties": {
        "id": "IDFM:7287",
        "name": "Mairie",
        "code": "",
        "territories": [
          "TàD 4342"
        ],
        "routes": [
          "TàD 4342"
        ]
      }
    },
    {
      "type": "Feature",
      "geometry": {
        "type": "Point",
        "coordinates": [
          2.2924245871971842,
          48.64256978914698
        ]
      },
      "properties": {
        "id": "IDFM:10174",
        "name": "Mairie",
        "code": "",
        "territories": [
          "TàD 4595"
        ],
        "routes": [
          "TàD 4595"
        ]
      }
    },
    {
      "type": "Feature",
      "geometry": {
        "type": "Point",
        "coordinates": [
          2.4990712180102346,
          49.078822975165664
        ]
      },
      "properties": {
        "id": "IDFM:423611",
        "name": "Mairie",
        "code": "",
        "territories": [
          "TàD Roissy Fosses"
        ],
        "routes": [
          "TàD"
        ]
      }
    },
    {
      "type": "Feature",
      "geometry": {
        "type": "Point",
        "coordinates": [
          2.171125132969125,
          49.154308861886626
        ]
      },
      "properties": {
        "id": "IDFM:29711",
        "name": "Mairie",
        "code": "",
        "territories": [
          "TàD Vexin Est"
        ],
        "routes": [
          "TàD"
        ]
      }
    },
    {
      "type": "Feature",
      "geometry": {
        "type": "Point",
        "coordinates": [
          2.171256936997458,
          49.12808219497855
        ]
      },
      "properties": {
        "id": "IDFM:29714",
        "name": "Mairie",
        "code": "",
        "territories": [
          "TàD Vexin Est"
        ],
        "routes": [
          "TàD"
        ]
      }
    },
    {
      "type": "Feature",
      "geometry": {
        "type": "Point",
        "coordinates": [
          2.591018507331081,
          48.878075843580696
        ]
      },
      "properties": {
        "id": "IDFM:19061",
        "name": "Mairie",
        "code": "",
        "territories": [
          "TàD Bassin Chellois",
          "TàD Desserte Hôpital",
          "TàD Dimanche"
        ],
        "routes": [
          "TàD",
          "TàD",
          "TàD"
        ]
      }
    },
    {
      "type": "Feature",
      "geometry": {
        "type": "Point",
        "coordinates": [
          2.1900973330681293,
          49.096425476987356
        ]
      },
      "properties": {
        "id": "IDFM:29721",
        "name": "Mairie",
        "code": "",
        "territories": [
          "TàD Vexin Est"
        ],
        "routes": [
          "TàD"
        ]
      }
    },
    {
      "type": "Feature",
      "geometry": {
        "type": "Point",
        "coordinates": [
          2.1903989318690633,
          48.78196958476922
        ]
      },
      "properties": {
        "id": "IDFM:20380",
        "name": "Mairie - Tarron",
        "code": "",
        "territories": [
          "TàD 6131"
        ],
        "routes": [
          "TàD 6131"
        ]
      }
    },
    {
      "type": "Feature",
      "geometry": {
        "type": "Point",
        "coordinates": [
          2.111274067427276,
          49.1400442622945
        ]
      },
      "properties": {
        "id": "IDFM:29513",
        "name": "Mairie - Église",
        "code": "",
        "territories": [
          "TàD Vexin Est"
        ],
        "routes": [
          "TàD"
        ]
      }
    },
    {
      "type": "Feature",
      "geometry": {
        "type": "Point",
        "coordinates": [
          2.0465204937910872,
          49.17358074465976
        ]
      },
      "properties": {
        "id": "IDFM:422961",
        "name": "Mairie / Le Christ",
        "code": "",
        "territories": [
          "TàD Vexin Est"
        ],
        "routes": [
          "TàD"
        ]
      }
    },
    {
      "type": "Feature",
      "geometry": {
        "type": "Point",
        "coordinates": [
          2.4739069645028193,
          49.03223715986987
        ]
      },
      "properties": {
        "id": "IDFM:477082",
        "name": "Mairie / Les Noues",
        "code": "",
        "territories": [
          "TàD Roissy Goussainville"
        ],
        "routes": [
          "TàD"
        ]
      }
    },
    {
      "type": "Feature",
      "geometry": {
        "type": "Point",
        "coordinates": [
          2.4742097190164385,
          49.03204965503787
        ]
      },
      "properties": {
        "id": "IDFM:38013",
        "name": "Mairie / Les Noues",
        "code": "",
        "territories": [
          "TàD Roissy Goussainville"
        ],
        "routes": [
          "TàD"
        ]
      }
    },
    {
      "type": "Feature",
      "geometry": {
        "type": "Point",
        "coordinates": [
          2.4229388890623884,
          48.97935366729131
        ]
      },
      "properties": {
        "id": "IDFM:22523",
        "name": "Mairie Annexe",
        "code": "",
        "territories": [
          "TàD Roissy Sarcelles"
        ],
        "routes": [
          "TàD"
        ]
      }
    },
    {
      "type": "Feature",
      "geometry": {
        "type": "Point",
        "coordinates": [
          2.4250293040178597,
          48.98056869018957
        ]
      },
      "properties": {
        "id": "IDFM:20533",
        "name": "Mairie Annexe",
        "code": "",
        "territories": [
          "TàD Roissy Sarcelles"
        ],
        "routes": [
          "TàD"
        ]
      }
    },
    {
      "type": "Feature",
      "geometry": {
        "type": "Point",
        "coordinates": [
          2.194290590623773,
          48.79744794820538
        ]
      },
      "properties": {
        "id": "IDFM:12754",
        "name": "Mairie Annexe",
        "code": "",
        "territories": [
          "TàD 6131"
        ],
        "routes": [
          "TàD 6131"
        ]
      }
    },
    {
      "type": "Feature",
      "geometry": {
        "type": "Point",
        "coordinates": [
          2.5008765989258674,
          49.057628267320894
        ]
      },
      "properties": {
        "id": "IDFM:495742",
        "name": "Mairie Annexe de Puiseux-en-France",
        "code": "",
        "territories": [
          "TàD Luzarches - Goussainville"
        ],
        "routes": [
          "TàD"
        ]
      }
    },
    {
      "type": "Feature",
      "geometry": {
        "type": "Point",
        "coordinates": [
          1.894315043534865,
          49.007903525644636
        ]
      },
      "properties": {
        "id": "IDFM:32982",
        "name": "Mairie d'Hardricourt",
        "code": "",
        "territories": [
          "TàD Nord Meulan - Les Mureaux"
        ],
        "routes": [
          "TàD"
        ]
      }
    },
    {
      "type": "Feature",
      "geometry": {
        "type": "Point",
        "coordinates": [
          2.6631774478374495,
          48.9938559910671
        ]
      },
      "properties": {
        "id": "IDFM:40641",
        "name": "Mairie de Compans",
        "code": "",
        "territories": [
          "TàD Roissy Juilly"
        ],
        "routes": [
          "TàD"
        ]
      }
    },
    {
      "type": "Feature",
      "geometry": {
        "type": "Point",
        "coordinates": [
          2.663747659302729,
          48.99390255103826
        ]
      },
      "properties": {
        "id": "IDFM:40564",
        "name": "Mairie de Compans",
        "code": "",
        "territories": [
          "TàD Roissy Juilly"
        ],
        "routes": [
          "TàD"
        ]
      }
    },
    {
      "type": "Feature",
      "geometry": {
        "type": "Point",
        "coordinates": [
          2.449872348802311,
          48.98644930231309
        ]
      },
      "properties": {
        "id": "IDFM:14612",
        "name": "Mairie de Gonesse",
        "code": "",
        "territories": [
          "TàD Roissy Sarcelles"
        ],
        "routes": [
          "TàD"
        ]
      }
    },
    {
      "type": "Feature",
      "geometry": {
        "type": "Point",
        "coordinates": [
          2.450144553723976,
          48.98654946601064
        ]
      },
      "properties": {
        "id": "IDFM:14611",
        "name": "Mairie de Gonesse",
        "code": "",
        "territories": [
          "TàD Roissy Sarcelles"
        ],
        "routes": [
          "TàD"
        ]
      }
    },
    {
      "type": "Feature",
      "geometry": {
        "type": "Point",
        "coordinates": [
          2.705578157598302,
          49.0152516794303
        ]
      },
      "properties": {
        "id": "IDFM:38262",
        "name": "Mairie de Juilly",
        "code": "",
        "territories": [
          "TàD Goêle"
        ],
        "routes": [
          "TàD"
        ]
      }
    },
    {
      "type": "Feature",
      "geometry": {
        "type": "Point",
        "coordinates": [
          2.705714963360699,
          49.01523403097427
        ]
      },
      "properties": {
        "id": "IDFM:39066",
        "name": "Mairie de Juilly",
        "code": "",
        "territories": [
          "TàD Goêle",
          "TàD Roissy Juilly"
        ],
        "routes": [
          "TàD",
          "TàD"
        ]
      }
    },
    {
      "type": "Feature",
      "geometry": {
        "type": "Point",
        "coordinates": [
          2.6191891103075364,
          48.98416572768874
        ]
      },
      "properties": {
        "id": "IDFM:39115",
        "name": "Mairie de Mitry-Mory",
        "code": "",
        "territories": [
          "TàD Roissy Sud"
        ],
        "routes": [
          "TàD"
        ]
      }
    },
    {
      "type": "Feature",
      "geometry": {
        "type": "Point",
        "coordinates": [
          2.1911890089415604,
          48.780607804720525
        ]
      },
      "properties": {
        "id": "IDFM:2160",
        "name": "Mairie de Vélizy",
        "code": "",
        "territories": [
          "TàD 6131"
        ],
        "routes": [
          "TàD 6131"
        ]
      }
    },
    {
      "type": "Feature",
      "geometry": {
        "type": "Point",
        "coordinates": [
          2.4715417812223848,
          49.00261588532638
        ]
      },
      "properties": {
        "id": "IDFM:497121",
        "name": "Mairie Le Thillay",
        "code": "",
        "territories": [
          "TàD Roissy Sarcelles"
        ],
        "routes": [
          "TàD"
        ]
      }
    },
    {
      "type": "Feature",
      "geometry": {
        "type": "Point",
        "coordinates": [
          2.4708870545633492,
          49.002487109829666
        ]
      },
      "properties": {
        "id": "IDFM:38796",
        "name": "Mairie Le Thillay",
        "code": "",
        "territories": [
          "TàD Roissy Sarcelles"
        ],
        "routes": [
          "TàD"
        ]
      }
    },
    {
      "type": "Feature",
      "geometry": {
        "type": "Point",
        "coordinates": [
          2.5663569692284014,
          48.95297153693368
        ]
      },
      "properties": {
        "id": "IDFM:38127",
        "name": "Maison de Retraite",
        "code": "",
        "territories": [
          "TàD Roissy Sud"
        ],
        "routes": [
          "TàD"
        ]
      }
    },
    {
      "type": "Feature",
      "geometry": {
        "type": "Point",
        "coordinates": [
          2.5661382066902148,
          48.95300671570898
        ]
      },
      "properties": {
        "id": "IDFM:39231",
        "name": "Maison de Retraite",
        "code": "",
        "territories": [
          "TàD Roissy Sud"
        ],
        "routes": [
          "TàD"
        ]
      }
    },
    {
      "type": "Feature",
      "geometry": {
        "type": "Point",
        "coordinates": [
          2.570271857938225,
          48.87412710691659
        ]
      },
      "properties": {
        "id": "IDFM:462609",
        "name": "Maison petite enfance",
        "code": "",
        "territories": [
          "TàD Bassin Chellois",
          "TàD Desserte Hôpital",
          "TàD Dimanche"
        ],
        "routes": [
          "TàD",
          "TàD",
          "TàD"
        ]
      }
    },
    {
      "type": "Feature",
      "geometry": {
        "type": "Point",
        "coordinates": [
          2.5704217493867545,
          48.874136638114486
        ]
      },
      "properties": {
        "id": "IDFM:462612",
        "name": "Maison petite enfance",
        "code": "",
        "territories": [
          "TàD Bassin Chellois",
          "TàD Desserte Hôpital",
          "TàD Dimanche"
        ],
        "routes": [
          "TàD",
          "TàD",
          "TàD"
        ]
      }
    },
    {
      "type": "Feature",
      "geometry": {
        "type": "Point",
        "coordinates": [
          2.296151820747136,
          48.653071267587336
        ]
      },
      "properties": {
        "id": "IDFM:23080",
        "name": "Maison Rouge",
        "code": "",
        "territories": [
          "TàD 4592"
        ],
        "routes": [
          "TàD 4592"
        ]
      }
    },
    {
      "type": "Feature",
      "geometry": {
        "type": "Point",
        "coordinates": [
          2.3006735275972603,
          48.40212566413158
        ]
      },
      "properties": {
        "id": "IDFM:37105",
        "name": "Maison Rouge",
        "code": "",
        "territories": [
          "TàD 4342"
        ],
        "routes": [
          "TàD 4342"
        ]
      }
    },
    {
      "type": "Feature",
      "geometry": {
        "type": "Point",
        "coordinates": [
          2.300608129150714,
          48.40196333333297
        ]
      },
      "properties": {
        "id": "IDFM:7384",
        "name": "Maison Rouge",
        "code": "",
        "territories": [
          "TàD 4342"
        ],
        "routes": [
          "TàD 4342"
        ]
      }
    },
    {
      "type": "Feature",
      "geometry": {
        "type": "Point",
        "coordinates": [
          2.7972380661157437,
          49.07156752061648
        ]
      },
      "properties": {
        "id": "IDFM:424499",
        "name": "Maisonneuve",
        "code": "",
        "territories": [
          "TàD Roissy Saint-Pathus"
        ],
        "routes": [
          "TàD"
        ]
      }
    },
    {
      "type": "Feature",
      "geometry": {
        "type": "Point",
        "coordinates": [
          2.7970458742875617,
          49.07172005054639
        ]
      },
      "properties": {
        "id": "IDFM:423852",
        "name": "Maisonneuve",
        "code": "",
        "territories": [
          "TàD Roissy Saint-Pathus"
        ],
        "routes": [
          "TàD"
        ]
      }
    },
    {
      "type": "Feature",
      "geometry": {
        "type": "Point",
        "coordinates": [
          2.461120773903502,
          49.038807511638026
        ]
      },
      "properties": {
        "id": "IDFM:37988",
        "name": "Malcolm X",
        "code": "",
        "territories": [
          "TàD Roissy Goussainville"
        ],
        "routes": [
          "TàD"
        ]
      }
    },
    {
      "type": "Feature",
      "geometry": {
        "type": "Point",
        "coordinates": [
          3.2975360040994306,
          48.55888937508206
        ]
      },
      "properties": {
        "id": "IDFM:10032",
        "name": "Marais",
        "code": "",
        "territories": [
          "TàD 3209"
        ],
        "routes": [
          "TàD 3209"
        ]
      }
    },
    {
      "type": "Feature",
      "geometry": {
        "type": "Point",
        "coordinates": [
          2.4595750345295784,
          49.02306462867048
        ]
      },
      "properties": {
        "id": "IDFM:37968",
        "name": "Marcel Cerdan",
        "code": "",
        "territories": [
          "TàD Roissy Goussainville"
        ],
        "routes": [
          "TàD"
        ]
      }
    },
    {
      "type": "Feature",
      "geometry": {
        "type": "Point",
        "coordinates": [
          2.3675603694958913,
          48.55447666569901
        ]
      },
      "properties": {
        "id": "IDFM:411539",
        "name": "Marcel Charon",
        "code": "",
        "territories": [
          "TàD 4301/4530"
        ],
        "routes": [
          "TàD 4301"
        ]
      }
    },
    {
      "type": "Feature",
      "geometry": {
        "type": "Point",
        "coordinates": [
          2.1791045103683815,
          48.78746896772075
        ]
      },
      "properties": {
        "id": "IDFM:12737",
        "name": "Marcel Sembat",
        "code": "",
        "territories": [
          "TàD 6131"
        ],
        "routes": [
          "TàD 6131"
        ]
      }
    },
    {
      "type": "Feature",
      "geometry": {
        "type": "Point",
        "coordinates": [
          2.1792713311746708,
          48.78742064525605
        ]
      },
      "properties": {
        "id": "IDFM:12738",
        "name": "Marcel Sembat",
        "code": "",
        "territories": [
          "TàD 6131"
        ],
        "routes": [
          "TàD 6131"
        ]
      }
    },
    {
      "type": "Feature",
      "geometry": {
        "type": "Point",
        "coordinates": [
          2.3908362382002473,
          48.44756165915946
        ]
      },
      "properties": {
        "id": "IDFM:7390",
        "name": "Marchais",
        "code": "",
        "territories": [
          "TàD 4344"
        ],
        "routes": [
          "TàD 4344"
        ]
      }
    },
    {
      "type": "Feature",
      "geometry": {
        "type": "Point",
        "coordinates": [
          3.1251492642600196,
          48.94548930124395
        ]
      },
      "properties": {
        "id": "IDFM:477703",
        "name": "Marché",
        "code": "",
        "territories": [
          "TàD 2429"
        ],
        "routes": [
          "TàD 2429"
        ]
      }
    },
    {
      "type": "Feature",
      "geometry": {
        "type": "Point",
        "coordinates": [
          3.125285893842618,
          48.945534120974315
        ]
      },
      "properties": {
        "id": "IDFM:11161",
        "name": "Marché",
        "code": "",
        "territories": [
          "TàD 2429"
        ],
        "routes": [
          "TàD 2429"
        ]
      }
    },
    {
      "type": "Feature",
      "geometry": {
        "type": "Point",
        "coordinates": [
          2.377669457737365,
          48.39122762826226
        ]
      },
      "properties": {
        "id": "IDFM:9252",
        "name": "Marché",
        "code": "",
        "territories": [
          "TàD 4343"
        ],
        "routes": [
          "TàD 4343"
        ]
      }
    },
    {
      "type": "Feature",
      "geometry": {
        "type": "Point",
        "coordinates": [
          2.3776145747301953,
          48.39129931575638
        ]
      },
      "properties": {
        "id": "IDFM:9251",
        "name": "Marché",
        "code": "",
        "territories": [
          "TàD 4343"
        ],
        "routes": [
          "TàD 4343"
        ]
      }
    },
    {
      "type": "Feature",
      "geometry": {
        "type": "Point",
        "coordinates": [
          2.4614203590682298,
          49.028387197000214
        ]
      },
      "properties": {
        "id": "IDFM:38567",
        "name": "Marché de Goussainville / Stade Maurice Baquet",
        "code": "",
        "territories": [
          "TàD Roissy Goussainville"
        ],
        "routes": [
          "TàD"
        ]
      }
    },
    {
      "type": "Feature",
      "geometry": {
        "type": "Point",
        "coordinates": [
          2.4616047357135926,
          49.02774959273148
        ]
      },
      "properties": {
        "id": "IDFM:490640",
        "name": "Marché de Goussainville / Stade Maurice Baquet",
        "code": "",
        "territories": [
          "TàD Roissy Goussainville"
        ],
        "routes": [
          "TàD"
        ]
      }
    },
    {
      "type": "Feature",
      "geometry": {
        "type": "Point",
        "coordinates": [
          2.108253803995219,
          49.1785671946134
        ]
      },
      "properties": {
        "id": "IDFM:29609",
        "name": "Margicourt",
        "code": "",
        "territories": [
          "TàD Vexin Est"
        ],
        "routes": [
          "TàD"
        ]
      }
    },
    {
      "type": "Feature",
      "geometry": {
        "type": "Point",
        "coordinates": [
          2.523934598756391,
          48.99455333807
        ]
      },
      "properties": {
        "id": "IDFM:419500",
        "name": "Marguilliers",
        "code": "",
        "territories": [
          "TàD Roissy Sarcelles",
          "TàD Roissy Sud",
          "TàD Roissy Villiers-le-Bel"
        ],
        "routes": [
          "TàD",
          "TàD",
          "TàD"
        ]
      }
    },
    {
      "type": "Feature",
      "geometry": {
        "type": "Point",
        "coordinates": [
          2.5235921546253826,
          48.99464190126679
        ]
      },
      "properties": {
        "id": "IDFM:419499",
        "name": "Marguilliers",
        "code": "",
        "territories": [
          "TàD Roissy Goussainville",
          "TàD Roissy Sarcelles",
          "TàD Roissy Sud"
        ],
        "routes": [
          "TàD",
          "TàD",
          "TàD"
        ]
      }
    },
    {
      "type": "Feature",
      "geometry": {
        "type": "Point",
        "coordinates": [
          2.1588921043633893,
          48.431056832365364
        ]
      },
      "properties": {
        "id": "IDFM:3041",
        "name": "Marie Curie",
        "code": "",
        "territories": [
          "TàD 4344"
        ],
        "routes": [
          "TàD 4344"
        ]
      }
    },
    {
      "type": "Feature",
      "geometry": {
        "type": "Point",
        "coordinates": [
          2.509456461743679,
          49.045911389670486
        ]
      },
      "properties": {
        "id": "IDFM:423528",
        "name": "Marie Feuchère",
        "code": "",
        "territories": [
          "TàD Roissy Fosses"
        ],
        "routes": [
          "TàD"
        ]
      }
    },
    {
      "type": "Feature",
      "geometry": {
        "type": "Point",
        "coordinates": [
          2.5092240157953243,
          49.045901448393415
        ]
      },
      "properties": {
        "id": "IDFM:423837",
        "name": "Marie Feuchère",
        "code": "",
        "territories": [
          "TàD Roissy Fosses"
        ],
        "routes": [
          "TàD"
        ]
      }
    },
    {
      "type": "Feature",
      "geometry": {
        "type": "Point",
        "coordinates": [
          2.203667142553897,
          48.37578205850834
        ]
      },
      "properties": {
        "id": "IDFM:7327",
        "name": "Marolles en Beauce",
        "code": "",
        "territories": [
          "TàD 4342"
        ],
        "routes": [
          "TàD 4342"
        ]
      }
    },
    {
      "type": "Feature",
      "geometry": {
        "type": "Point",
        "coordinates": [
          2.203869423891736,
          48.375801411928336
        ]
      },
      "properties": {
        "id": "IDFM:7326",
        "name": "Marolles en Beauce",
        "code": "",
        "territories": [
          "TàD 4342"
        ],
        "routes": [
          "TàD 4342"
        ]
      }
    },
    {
      "type": "Feature",
      "geometry": {
        "type": "Point",
        "coordinates": [
          2.3587470444083434,
          48.572636889033774
        ]
      },
      "properties": {
        "id": "IDFM:411530",
        "name": "Marquants / Croix boissée",
        "code": "",
        "territories": [
          "TàD 4301/4530"
        ],
        "routes": [
          "TàD 4301"
        ]
      }
    },
    {
      "type": "Feature",
      "geometry": {
        "type": "Point",
        "coordinates": [
          2.5788280859980093,
          48.95913090599747
        ]
      },
      "properties": {
        "id": "IDFM:38130",
        "name": "Marronniers",
        "code": "",
        "territories": [
          "TàD Roissy Sud"
        ],
        "routes": [
          "TàD"
        ]
      }
    },
    {
      "type": "Feature",
      "geometry": {
        "type": "Point",
        "coordinates": [
          2.601874872861535,
          48.959704226379266
        ]
      },
      "properties": {
        "id": "IDFM:21217",
        "name": "Martyrs de Châteaubriant",
        "code": "",
        "territories": [
          "TàD Roissy Sud"
        ],
        "routes": [
          "TàD"
        ]
      }
    },
    {
      "type": "Feature",
      "geometry": {
        "type": "Point",
        "coordinates": [
          2.419475737745508,
          49.00075672551219
        ]
      },
      "properties": {
        "id": "IDFM:423565",
        "name": "Maréchal Foch",
        "code": "",
        "territories": [
          "TàD Roissy Villiers-le-Bel"
        ],
        "routes": [
          "TàD"
        ]
      }
    },
    {
      "type": "Feature",
      "geometry": {
        "type": "Point",
        "coordinates": [
          2.2910978221451006,
          48.65133222953893
        ]
      },
      "properties": {
        "id": "IDFM:41667",
        "name": "Mascadées",
        "code": "",
        "territories": [
          "TàD 4592"
        ],
        "routes": [
          "TàD 4592"
        ]
      }
    },
    {
      "type": "Feature",
      "geometry": {
        "type": "Point",
        "coordinates": [
          3.233426962854767,
          48.84864450366119
        ]
      },
      "properties": {
        "id": "IDFM:6595",
        "name": "Maternelle - Primaire",
        "code": "",
        "territories": [
          "TàD 2429"
        ],
        "routes": [
          "TàD 2429"
        ]
      }
    },
    {
      "type": "Feature",
      "geometry": {
        "type": "Point",
        "coordinates": [
          2.4991024724255113,
          48.95368062445734
        ]
      },
      "properties": {
        "id": "IDFM:19435",
        "name": "Matisse Delacroix",
        "code": "",
        "territories": [
          "TàD Roissy Sud"
        ],
        "routes": [
          "TàD"
        ]
      }
    },
    {
      "type": "Feature",
      "geometry": {
        "type": "Point",
        "coordinates": [
          2.4988879074578425,
          48.953275061224595
        ]
      },
      "properties": {
        "id": "IDFM:39015",
        "name": "Matisse Delacroix",
        "code": "",
        "territories": [
          "TàD Roissy Sud"
        ],
        "routes": [
          "TàD"
        ]
      }
    },
    {
      "type": "Feature",
      "geometry": {
        "type": "Point",
        "coordinates": [
          3.2932933269401894,
          48.558702009249565
        ]
      },
      "properties": {
        "id": "IDFM:18214",
        "name": "Maximilien Michelin",
        "code": "",
        "territories": [
          "TàD 3209"
        ],
        "routes": [
          "TàD 3209"
        ]
      }
    },
    {
      "type": "Feature",
      "geometry": {
        "type": "Point",
        "coordinates": [
          2.6481572477719317,
          48.98966749577037
        ]
      },
      "properties": {
        "id": "IDFM:39057",
        "name": "Mercier",
        "code": "",
        "territories": [
          "TàD Roissy Juilly"
        ],
        "routes": [
          "TàD"
        ]
      }
    },
    {
      "type": "Feature",
      "geometry": {
        "type": "Point",
        "coordinates": [
          2.6479242352336527,
          48.98977471859961
        ]
      },
      "properties": {
        "id": "IDFM:39058",
        "name": "Mercier",
        "code": "",
        "territories": [
          "TàD Roissy Juilly"
        ],
        "routes": [
          "TàD"
        ]
      }
    },
    {
      "type": "Feature",
      "geometry": {
        "type": "Point",
        "coordinates": [
          2.562722234206935,
          48.953291060008844
        ]
      },
      "properties": {
        "id": "IDFM:41651",
        "name": "Merisiers",
        "code": "",
        "territories": [
          "TàD Roissy Sud"
        ],
        "routes": [
          "TàD"
        ]
      }
    },
    {
      "type": "Feature",
      "geometry": {
        "type": "Point",
        "coordinates": [
          2.5624983234980054,
          48.95393770661838
        ]
      },
      "properties": {
        "id": "IDFM:41650",
        "name": "Merisiers",
        "code": "",
        "territories": [
          "TàD Roissy Sud"
        ],
        "routes": [
          "TàD"
        ]
      }
    },
    {
      "type": "Feature",
      "geometry": {
        "type": "Point",
        "coordinates": [
          2.2010299022066304,
          48.38936806042819
        ]
      },
      "properties": {
        "id": "IDFM:480273",
        "name": "Mesnil-Girault",
        "code": "",
        "territories": [
          "TàD 4342"
        ],
        "routes": [
          "TàD 4342"
        ]
      }
    },
    {
      "type": "Feature",
      "geometry": {
        "type": "Point",
        "coordinates": [
          2.201125271570817,
          48.38931472026334
        ]
      },
      "properties": {
        "id": "IDFM:480276",
        "name": "Mesnil-Girault",
        "code": "",
        "territories": [
          "TàD 4342"
        ],
        "routes": [
          "TàD 4342"
        ]
      }
    },
    {
      "type": "Feature",
      "geometry": {
        "type": "Point",
        "coordinates": [
          2.271698264520399,
          48.35576894253516
        ]
      },
      "properties": {
        "id": "IDFM:7330",
        "name": "Mespuits",
        "code": "",
        "territories": [
          "TàD 4342"
        ],
        "routes": [
          "TàD 4342"
        ]
      }
    },
    {
      "type": "Feature",
      "geometry": {
        "type": "Point",
        "coordinates": [
          2.2719081423388907,
          48.356211099768814
        ]
      },
      "properties": {
        "id": "IDFM:7331",
        "name": "Mespuits",
        "code": "",
        "territories": [
          "TàD 4342"
        ],
        "routes": [
          "TàD 4342"
        ]
      }
    },
    {
      "type": "Feature",
      "geometry": {
        "type": "Point",
        "coordinates": [
          2.1396101825150926,
          49.160930028689705
        ]
      },
      "properties": {
        "id": "IDFM:29592",
        "name": "Messelan",
        "code": "",
        "territories": [
          "TàD Vexin Est"
        ],
        "routes": [
          "TàD"
        ]
      }
    },
    {
      "type": "Feature",
      "geometry": {
        "type": "Point",
        "coordinates": [
          2.5948494716751993,
          48.90967236802761
        ]
      },
      "properties": {
        "id": "IDFM:16775",
        "name": "Michel Lefèvre",
        "code": "",
        "territories": [
          "TàD Bassin Chellois",
          "TàD Desserte Hôpital",
          "TàD Dimanche"
        ],
        "routes": [
          "TàD",
          "TàD",
          "TàD"
        ]
      }
    },
    {
      "type": "Feature",
      "geometry": {
        "type": "Point",
        "coordinates": [
          2.292520973780435,
          48.65953526097337
        ]
      },
      "properties": {
        "id": "IDFM:23083",
        "name": "Mollières",
        "code": "",
        "territories": [
          "TàD 4592"
        ],
        "routes": [
          "TàD 4592"
        ]
      }
    },
    {
      "type": "Feature",
      "geometry": {
        "type": "Point",
        "coordinates": [
          2.547522907457124,
          48.9645022819864
        ]
      },
      "properties": {
        "id": "IDFM:38173",
        "name": "Monnet",
        "code": "",
        "territories": [
          "TàD Roissy Sud"
        ],
        "routes": [
          "TàD"
        ]
      }
    },
    {
      "type": "Feature",
      "geometry": {
        "type": "Point",
        "coordinates": [
          2.3254356357610955,
          48.471984415938486
        ]
      },
      "properties": {
        "id": "IDFM:415583",
        "name": "Montaquoy",
        "code": "",
        "territories": [
          "TàD 4306"
        ],
        "routes": [
          "TàD 4306"
        ]
      }
    },
    {
      "type": "Feature",
      "geometry": {
        "type": "Point",
        "coordinates": [
          2.3256629631239454,
          48.472192625248915
        ]
      },
      "properties": {
        "id": "IDFM:415586",
        "name": "Montaquoy",
        "code": "",
        "territories": [
          "TàD 4306"
        ],
        "routes": [
          "TàD 4306"
        ]
      }
    },
    {
      "type": "Feature",
      "geometry": {
        "type": "Point",
        "coordinates": [
          2.604244686769965,
          48.94080073653941
        ]
      },
      "properties": {
        "id": "IDFM:490568",
        "name": "Montesquieu",
        "code": "",
        "territories": [
          "TàD Roissy Sud"
        ],
        "routes": [
          "TàD"
        ]
      }
    },
    {
      "type": "Feature",
      "geometry": {
        "type": "Point",
        "coordinates": [
          2.0047342845260636,
          49.08093460834664
        ]
      },
      "properties": {
        "id": "IDFM:29758",
        "name": "Montgeroult",
        "code": "",
        "territories": [
          "TàD Vexin Est"
        ],
        "routes": [
          "TàD"
        ]
      }
    },
    {
      "type": "Feature",
      "geometry": {
        "type": "Point",
        "coordinates": [
          2.459404018663725,
          49.03949217243285
        ]
      },
      "properties": {
        "id": "IDFM:38044",
        "name": "Montgolfier",
        "code": "",
        "territories": [
          "TàD Roissy Goussainville"
        ],
        "routes": [
          "TàD"
        ]
      }
    },
    {
      "type": "Feature",
      "geometry": {
        "type": "Point",
        "coordinates": [
          2.4583288257192573,
          49.03898378207396
        ]
      },
      "properties": {
        "id": "IDFM:38045",
        "name": "Montgolfier",
        "code": "",
        "territories": [
          "TàD Roissy Goussainville"
        ],
        "routes": [
          "TàD"
        ]
      }
    },
    {
      "type": "Feature",
      "geometry": {
        "type": "Point",
        "coordinates": [
          2.3297444148957944,
          49.029313322226365
        ]
      },
      "properties": {
        "id": "IDFM:14236",
        "name": "Monument",
        "code": "",
        "territories": [
          "TàD Eaubonne Domont"
        ],
        "routes": [
          "TàD"
        ]
      }
    },
    {
      "type": "Feature",
      "geometry": {
        "type": "Point",
        "coordinates": [
          2.329621418701269,
          49.029340277313565
        ]
      },
      "properties": {
        "id": "IDFM:14237",
        "name": "Monument",
        "code": "",
        "territories": [
          "TàD Eaubonne Domont"
        ],
        "routes": [
          "TàD"
        ]
      }
    },
    {
      "type": "Feature",
      "geometry": {
        "type": "Point",
        "coordinates": [
          2.5387839772921597,
          49.09823251655164
        ]
      },
      "properties": {
        "id": "IDFM:38664",
        "name": "Monument",
        "code": "",
        "territories": [
          "TàD Roissy Fosses"
        ],
        "routes": [
          "TàD"
        ]
      }
    },
    {
      "type": "Feature",
      "geometry": {
        "type": "Point",
        "coordinates": [
          2.538686932527241,
          49.098367014117436
        ]
      },
      "properties": {
        "id": "IDFM:419581",
        "name": "Monument",
        "code": "",
        "territories": [
          "TàD Roissy Fosses"
        ],
        "routes": [
          "TàD"
        ]
      }
    },
    {
      "type": "Feature",
      "geometry": {
        "type": "Point",
        "coordinates": [
          2.734774964614304,
          48.74284775890987
        ]
      },
      "properties": {
        "id": "IDFM:16307",
        "name": "Monument 1",
        "code": "",
        "territories": [
          "TàD Gretz-Tournan"
        ],
        "routes": [
          "TàD"
        ]
      }
    },
    {
      "type": "Feature",
      "geometry": {
        "type": "Point",
        "coordinates": [
          2.734707928643948,
          48.74265873254091
        ]
      },
      "properties": {
        "id": "IDFM:16306",
        "name": "Monument 2",
        "code": "",
        "territories": [
          "TàD Gretz-Tournan"
        ],
        "routes": [
          "TàD"
        ]
      }
    },
    {
      "type": "Feature",
      "geometry": {
        "type": "Point",
        "coordinates": [
          2.072207518522307,
          49.153569144692526
        ]
      },
      "properties": {
        "id": "IDFM:29515",
        "name": "Monument aux Morts",
        "code": "",
        "territories": [
          "TàD Vexin Est"
        ],
        "routes": [
          "TàD"
        ]
      }
    },
    {
      "type": "Feature",
      "geometry": {
        "type": "Point",
        "coordinates": [
          2.289988643498393,
          48.65303470835598
        ]
      },
      "properties": {
        "id": "IDFM:41666",
        "name": "Mort Rû",
        "code": "",
        "territories": [
          "TàD 4592"
        ],
        "routes": [
          "TàD 4592"
        ]
      }
    },
    {
      "type": "Feature",
      "geometry": {
        "type": "Point",
        "coordinates": [
          2.3403326603822605,
          48.53004876101246
        ]
      },
      "properties": {
        "id": "IDFM:11935",
        "name": "Moulin de la Brière",
        "code": "",
        "territories": [
          "TàD 4301/4530",
          "TàD 4305"
        ],
        "routes": [
          "TàD 4305",
          "TàD 4301"
        ]
      }
    },
    {
      "type": "Feature",
      "geometry": {
        "type": "Point",
        "coordinates": [
          2.340211108300799,
          48.53002109842677
        ]
      },
      "properties": {
        "id": "IDFM:11934",
        "name": "Moulin de la Brière",
        "code": "",
        "territories": [
          "TàD 4301/4530",
          "TàD 4305"
        ],
        "routes": [
          "TàD 4305",
          "TàD 4301"
        ]
      }
    },
    {
      "type": "Feature",
      "geometry": {
        "type": "Point",
        "coordinates": [
          2.345417335106274,
          48.4883706691538
        ]
      },
      "properties": {
        "id": "IDFM:11936",
        "name": "Moulin du Gué",
        "code": "",
        "territories": [
          "TàD 4306"
        ],
        "routes": [
          "TàD 4306"
        ]
      }
    },
    {
      "type": "Feature",
      "geometry": {
        "type": "Point",
        "coordinates": [
          2.3502010882673705,
          48.49004325674599
        ]
      },
      "properties": {
        "id": "IDFM:11938",
        "name": "Moulin du Gué 2",
        "code": "",
        "territories": [
          "TàD 4306"
        ],
        "routes": [
          "TàD 4306"
        ]
      }
    },
    {
      "type": "Feature",
      "geometry": {
        "type": "Point",
        "coordinates": [
          2.623865479344617,
          48.97986418923534
        ]
      },
      "properties": {
        "id": "IDFM:415831",
        "name": "Moulin à Vent",
        "code": "",
        "territories": [
          "TàD Roissy Sud"
        ],
        "routes": [
          "TàD"
        ]
      }
    },
    {
      "type": "Feature",
      "geometry": {
        "type": "Point",
        "coordinates": [
          2.8053141353575,
          49.07111331992097
        ]
      },
      "properties": {
        "id": "IDFM:423540",
        "name": "Moulin à Vent",
        "code": "",
        "territories": [
          "TàD Roissy Saint-Pathus"
        ],
        "routes": [
          "TàD"
        ]
      }
    },
    {
      "type": "Feature",
      "geometry": {
        "type": "Point",
        "coordinates": [
          2.8051636323739184,
          49.0711040845919
        ]
      },
      "properties": {
        "id": "IDFM:423541",
        "name": "Moulin à Vent",
        "code": "",
        "territories": [
          "TàD Roissy Saint-Pathus"
        ],
        "routes": [
          "TàD"
        ]
      }
    },
    {
      "type": "Feature",
      "geometry": {
        "type": "Point",
        "coordinates": [
          2.3281895601781324,
          48.48197704069883
        ]
      },
      "properties": {
        "id": "IDFM:11931",
        "name": "Moulin à Vent",
        "code": "",
        "territories": [
          "TàD 4306"
        ],
        "routes": [
          "TàD 4306"
        ]
      }
    },
    {
      "type": "Feature",
      "geometry": {
        "type": "Point",
        "coordinates": [
          2.327905752819365,
          48.4819484459246
        ]
      },
      "properties": {
        "id": "IDFM:11932",
        "name": "Moulin à Vent",
        "code": "",
        "territories": [
          "TàD 4306"
        ],
        "routes": [
          "TàD 4306"
        ]
      }
    },
    {
      "type": "Feature",
      "geometry": {
        "type": "Point",
        "coordinates": [
          2.1043721948152245,
          49.179383549104834
        ]
      },
      "properties": {
        "id": "IDFM:41561",
        "name": "Myosotis",
        "code": "",
        "territories": [
          "TàD Vexin Est"
        ],
        "routes": [
          "TàD"
        ]
      }
    },
    {
      "type": "Feature",
      "geometry": {
        "type": "Point",
        "coordinates": [
          2.5313174331182102,
          48.93810075314027
        ]
      },
      "properties": {
        "id": "IDFM:38092",
        "name": "Mère Thérèsa",
        "code": "",
        "territories": [
          "TàD Roissy Sud"
        ],
        "routes": [
          "TàD"
        ]
      }
    },
    {
      "type": "Feature",
      "geometry": {
        "type": "Point",
        "coordinates": [
          2.600678110183559,
          48.95550075347152
        ]
      },
      "properties": {
        "id": "IDFM:39078",
        "name": "Médiathèque Georges Brassens",
        "code": "",
        "territories": [
          "TàD Roissy Sud"
        ],
        "routes": [
          "TàD"
        ]
      }
    },
    {
      "type": "Feature",
      "geometry": {
        "type": "Point",
        "coordinates": [
          2.6005969423341213,
          48.95540156551741
        ]
      },
      "properties": {
        "id": "IDFM:419331",
        "name": "Médiathèque Georges Brassens",
        "code": "",
        "territories": [
          "TàD Roissy Sud"
        ],
        "routes": [
          "TàD"
        ]
      }
    },
    {
      "type": "Feature",
      "geometry": {
        "type": "Point",
        "coordinates": [
          2.602278364022428,
          48.91766493374933
        ]
      },
      "properties": {
        "id": "IDFM:16767",
        "name": "Médiathèque Simone Veil",
        "code": "",
        "territories": [
          "TàD Bassin Chellois",
          "TàD Desserte Hôpital",
          "TàD Dimanche"
        ],
        "routes": [
          "TàD",
          "TàD",
          "TàD"
        ]
      }
    },
    {
      "type": "Feature",
      "geometry": {
        "type": "Point",
        "coordinates": [
          1.9688264956889763,
          49.14918531744049
        ]
      },
      "properties": {
        "id": "IDFM:29627",
        "name": "Métairie",
        "code": "",
        "territories": [
          "TàD Vexin Est"
        ],
        "routes": [
          "TàD"
        ]
      }
    },
    {
      "type": "Feature",
      "geometry": {
        "type": "Point",
        "coordinates": [
          1.968704943774276,
          49.149094361208356
        ]
      },
      "properties": {
        "id": "IDFM:474271",
        "name": "Métairie",
        "code": "",
        "territories": [
          "TàD Vexin Est"
        ],
        "routes": [
          "TàD"
        ]
      }
    },
    {
      "type": "Feature",
      "geometry": {
        "type": "Point",
        "coordinates": [
          2.5867008317492783,
          48.96169417785664
        ]
      },
      "properties": {
        "id": "IDFM:39125",
        "name": "Nantes",
        "code": "",
        "territories": [
          "TàD Roissy Sud"
        ],
        "routes": [
          "TàD"
        ]
      }
    },
    {
      "type": "Feature",
      "geometry": {
        "type": "Point",
        "coordinates": [
          2.586562982574066,
          48.961855567038256
        ]
      },
      "properties": {
        "id": "IDFM:40767",
        "name": "Nelson Mandela",
        "code": "",
        "territories": [
          "TàD Roissy Sud"
        ],
        "routes": [
          "TàD"
        ]
      }
    },
    {
      "type": "Feature",
      "geometry": {
        "type": "Point",
        "coordinates": [
          2.9082906998832607,
          48.96541073709123
        ]
      },
      "properties": {
        "id": "IDFM:485752",
        "name": "Newton",
        "code": "",
        "territories": [
          "TàD ZI Poincy"
        ],
        "routes": [
          "TàD"
        ]
      }
    },
    {
      "type": "Feature",
      "geometry": {
        "type": "Point",
        "coordinates": [
          2.9083728818016086,
          48.96527591514581
        ]
      },
      "properties": {
        "id": "IDFM:485749",
        "name": "Newton",
        "code": "",
        "territories": [
          "TàD ZI Poincy"
        ],
        "routes": [
          "TàD"
        ]
      }
    },
    {
      "type": "Feature",
      "geometry": {
        "type": "Point",
        "coordinates": [
          2.9164942056509284,
          48.9597605481898
        ]
      },
      "properties": {
        "id": "IDFM:485748",
        "name": "Niepce",
        "code": "",
        "territories": [
          "TàD ZI Poincy"
        ],
        "routes": [
          "TàD"
        ]
      }
    },
    {
      "type": "Feature",
      "geometry": {
        "type": "Point",
        "coordinates": [
          2.916644290636829,
          48.95984158388009
        ]
      },
      "properties": {
        "id": "IDFM:485746",
        "name": "Niepce",
        "code": "",
        "territories": [
          "TàD ZI Poincy"
        ],
        "routes": [
          "TàD"
        ]
      }
    },
    {
      "type": "Feature",
      "geometry": {
        "type": "Point",
        "coordinates": [
          2.282185954373603,
          48.64781573209227
        ]
      },
      "properties": {
        "id": "IDFM:3177",
        "name": "Nord France",
        "code": "",
        "territories": [
          "TàD 4595"
        ],
        "routes": [
          "TàD 4595"
        ]
      }
    },
    {
      "type": "Feature",
      "geometry": {
        "type": "Point",
        "coordinates": [
          2.281494055845957,
          48.64778457656202
        ]
      },
      "properties": {
        "id": "IDFM:10175",
        "name": "Nord France",
        "code": "",
        "territories": [
          "TàD 4595"
        ],
        "routes": [
          "TàD 4595"
        ]
      }
    },
    {
      "type": "Feature",
      "geometry": {
        "type": "Point",
        "coordinates": [
          2.6146733021840536,
          48.95012405465269
        ]
      },
      "properties": {
        "id": "IDFM:38162",
        "name": "Normandie Niémen",
        "code": "",
        "territories": [
          "TàD Roissy Sud"
        ],
        "routes": [
          "TàD"
        ]
      }
    },
    {
      "type": "Feature",
      "geometry": {
        "type": "Point",
        "coordinates": [
          2.5780600089686554,
          48.88549517236999
        ]
      },
      "properties": {
        "id": "IDFM:16668",
        "name": "Noue Brossard",
        "code": "",
        "territories": [
          "TàD Bassin Chellois",
          "TàD Desserte Hôpital",
          "TàD Dimanche"
        ],
        "routes": [
          "TàD",
          "TàD",
          "TàD"
        ]
      }
    },
    {
      "type": "Feature",
      "geometry": {
        "type": "Point",
        "coordinates": [
          2.356938038755007,
          48.576450289287266
        ]
      },
      "properties": {
        "id": "IDFM:411528",
        "name": "Noues",
        "code": "",
        "territories": [
          "TàD 4301/4530"
        ],
        "routes": [
          "TàD 4301"
        ]
      }
    },
    {
      "type": "Feature",
      "geometry": {
        "type": "Point",
        "coordinates": [
          2.2213784858885512,
          48.68461982054178
        ]
      },
      "properties": {
        "id": "IDFM:485333",
        "name": "Océane",
        "code": "",
        "territories": [
          "TàD Courtaboeuf"
        ],
        "routes": [
          "TàD"
        ]
      }
    },
    {
      "type": "Feature",
      "geometry": {
        "type": "Point",
        "coordinates": [
          2.713915506885961,
          48.73755598412765
        ]
      },
      "properties": {
        "id": "IDFM:16308",
        "name": "Ombrages Parc",
        "code": "",
        "territories": [
          "TàD Gretz-Tournan"
        ],
        "routes": [
          "TàD"
        ]
      }
    },
    {
      "type": "Feature",
      "geometry": {
        "type": "Point",
        "coordinates": [
          2.7141051854172535,
          48.73768235749176
        ]
      },
      "properties": {
        "id": "IDFM:16309",
        "name": "Ombrages Parc",
        "code": "",
        "territories": [
          "TàD Gretz-Tournan"
        ],
        "routes": [
          "TàD"
        ]
      }
    },
    {
      "type": "Feature",
      "geometry": {
        "type": "Point",
        "coordinates": [
          2.5198373811534305,
          49.003169519580005
        ]
      },
      "properties": {
        "id": "IDFM:38733",
        "name": "Orangerie",
        "code": "",
        "territories": [
          "TàD Roissy Villiers-le-Bel"
        ],
        "routes": [
          "TàD"
        ]
      }
    },
    {
      "type": "Feature",
      "geometry": {
        "type": "Point",
        "coordinates": [
          2.519908043109118,
          49.00291802182229
        ]
      },
      "properties": {
        "id": "IDFM:419672",
        "name": "Orangerie",
        "code": "",
        "territories": [
          "TàD Roissy Villiers-le-Bel"
        ],
        "routes": [
          "TàD"
        ]
      }
    },
    {
      "type": "Feature",
      "geometry": {
        "type": "Point",
        "coordinates": [
          2.613329352378454,
          48.95275454065501
        ]
      },
      "properties": {
        "id": "IDFM:39311",
        "name": "Ormes",
        "code": "",
        "territories": [
          "TàD Roissy Sud"
        ],
        "routes": [
          "TàD"
        ]
      }
    },
    {
      "type": "Feature",
      "geometry": {
        "type": "Point",
        "coordinates": [
          2.2956462567974594,
          48.44758372447555
        ]
      },
      "properties": {
        "id": "IDFM:7363",
        "name": "Orveau",
        "code": "",
        "territories": [
          "TàD 4306",
          "TàD 4344"
        ],
        "routes": [
          "TàD 4306",
          "TàD 4344"
        ]
      }
    },
    {
      "type": "Feature",
      "geometry": {
        "type": "Point",
        "coordinates": [
          2.4491039048585286,
          49.033160012926395
        ]
      },
      "properties": {
        "id": "IDFM:38698",
        "name": "Pablo Picasso",
        "code": "",
        "territories": [
          "TàD Roissy Goussainville"
        ],
        "routes": [
          "TàD"
        ]
      }
    },
    {
      "type": "Feature",
      "geometry": {
        "type": "Point",
        "coordinates": [
          2.282830055371165,
          48.64440142603535
        ]
      },
      "properties": {
        "id": "IDFM:3178",
        "name": "Paradis",
        "code": "",
        "territories": [
          "TàD 4595"
        ],
        "routes": [
          "TàD 4595"
        ]
      }
    },
    {
      "type": "Feature",
      "geometry": {
        "type": "Point",
        "coordinates": [
          2.283116074638371,
          48.644331185322436
        ]
      },
      "properties": {
        "id": "IDFM:10176",
        "name": "Paradis",
        "code": "",
        "territories": [
          "TàD 4595"
        ],
        "routes": [
          "TàD 4595"
        ]
      }
    },
    {
      "type": "Feature",
      "geometry": {
        "type": "Point",
        "coordinates": [
          2.544597134468472,
          48.95861910938076
        ]
      },
      "properties": {
        "id": "IDFM:18865",
        "name": "Parc de la Noue",
        "code": "",
        "territories": [
          "TàD Roissy Sud"
        ],
        "routes": [
          "TàD"
        ]
      }
    },
    {
      "type": "Feature",
      "geometry": {
        "type": "Point",
        "coordinates": [
          2.5443518106930374,
          48.958564222307594
        ]
      },
      "properties": {
        "id": "IDFM:19084",
        "name": "Parc de la Noue",
        "code": "",
        "territories": [
          "TàD Roissy Sud"
        ],
        "routes": [
          "TàD"
        ]
      }
    },
    {
      "type": "Feature",
      "geometry": {
        "type": "Point",
        "coordinates": [
          2.506607449239,
          49.047752030410734
        ]
      },
      "properties": {
        "id": "IDFM:423527",
        "name": "Parc de Louvres",
        "code": "",
        "territories": [
          "TàD Roissy Fosses"
        ],
        "routes": [
          "TàD"
        ]
      }
    },
    {
      "type": "Feature",
      "geometry": {
        "type": "Point",
        "coordinates": [
          2.5063301963915667,
          49.04813753798484
        ]
      },
      "properties": {
        "id": "IDFM:423622",
        "name": "Parc de Louvres",
        "code": "",
        "territories": [
          "TàD Roissy Fosses"
        ],
        "routes": [
          "TàD"
        ]
      }
    },
    {
      "type": "Feature",
      "geometry": {
        "type": "Point",
        "coordinates": [
          2.369019210257716,
          48.5953877000909
        ]
      },
      "properties": {
        "id": "IDFM:3843",
        "name": "Parc de Tréville",
        "code": "",
        "territories": [
          "TàD 4301/4530"
        ],
        "routes": [
          "TàD 4301"
        ]
      }
    },
    {
      "type": "Feature",
      "geometry": {
        "type": "Point",
        "coordinates": [
          2.6989540488630617,
          49.03542199254118
        ]
      },
      "properties": {
        "id": "IDFM:38364",
        "name": "Parc du Carrouge",
        "code": "",
        "territories": [
          "TàD Goêle"
        ],
        "routes": [
          "TàD"
        ]
      }
    },
    {
      "type": "Feature",
      "geometry": {
        "type": "Point",
        "coordinates": [
          2.699539397724805,
          49.035891030881935
        ]
      },
      "properties": {
        "id": "IDFM:38365",
        "name": "Parc du Carrouge",
        "code": "",
        "territories": [
          "TàD Goêle"
        ],
        "routes": [
          "TàD"
        ]
      }
    },
    {
      "type": "Feature",
      "geometry": {
        "type": "Point",
        "coordinates": [
          2.4413005198044977,
          49.07587086173681
        ]
      },
      "properties": {
        "id": "IDFM:40474",
        "name": "Parc du Château",
        "code": "",
        "territories": [
          "TàD Luzarches - Goussainville"
        ],
        "routes": [
          "TàD"
        ]
      }
    },
    {
      "type": "Feature",
      "geometry": {
        "type": "Point",
        "coordinates": [
          2.501665272717421,
          49.00399465762059
        ]
      },
      "properties": {
        "id": "IDFM:38062",
        "name": "Parc du Moulin",
        "code": "",
        "territories": [
          "TàD Roissy Goussainville",
          "TàD Roissy Sarcelles"
        ],
        "routes": [
          "TàD",
          "TàD"
        ]
      }
    },
    {
      "type": "Feature",
      "geometry": {
        "type": "Point",
        "coordinates": [
          2.493716100447808,
          49.007639179153436
        ]
      },
      "properties": {
        "id": "IDFM:41631",
        "name": "Parc Mail 1",
        "code": "",
        "territories": [
          "TàD Roissy Goussainville"
        ],
        "routes": [
          "TàD"
        ]
      }
    },
    {
      "type": "Feature",
      "geometry": {
        "type": "Point",
        "coordinates": [
          2.490735896454537,
          49.00489295724936
        ]
      },
      "properties": {
        "id": "IDFM:497093",
        "name": "Parc Mail 2",
        "code": "",
        "territories": [
          "TàD Roissy Goussainville"
        ],
        "routes": [
          "TàD"
        ]
      }
    },
    {
      "type": "Feature",
      "geometry": {
        "type": "Point",
        "coordinates": [
          2.490898936785953,
          49.00499256273416
        ]
      },
      "properties": {
        "id": "IDFM:38187",
        "name": "Parc Mail 2",
        "code": "",
        "territories": [
          "TàD Roissy Goussainville"
        ],
        "routes": [
          "TàD"
        ]
      }
    },
    {
      "type": "Feature",
      "geometry": {
        "type": "Point",
        "coordinates": [
          2.5618964846753856,
          48.94757776047113
        ]
      },
      "properties": {
        "id": "IDFM:40739",
        "name": "Parmentier",
        "code": "",
        "territories": [
          "TàD Roissy Sud"
        ],
        "routes": [
          "TàD"
        ]
      }
    },
    {
      "type": "Feature",
      "geometry": {
        "type": "Point",
        "coordinates": [
          2.561581492140883,
          48.947693512717194
        ]
      },
      "properties": {
        "id": "IDFM:38175",
        "name": "Parmentier",
        "code": "",
        "territories": [
          "TàD Roissy Sud"
        ],
        "routes": [
          "TàD"
        ]
      }
    },
    {
      "type": "Feature",
      "geometry": {
        "type": "Point",
        "coordinates": [
          2.3650082152551697,
          48.446346699097994
        ]
      },
      "properties": {
        "id": "IDFM:463463",
        "name": "Pasloup",
        "code": "",
        "territories": [
          "TàD 4305",
          "TàD 4344"
        ],
        "routes": [
          "TàD 4305",
          "TàD 4344"
        ]
      }
    },
    {
      "type": "Feature",
      "geometry": {
        "type": "Point",
        "coordinates": [
          2.3649830200103215,
          48.44619362236756
        ]
      },
      "properties": {
        "id": "IDFM:463472",
        "name": "Pasloup",
        "code": "",
        "territories": [
          "TàD 4305",
          "TàD 4344"
        ],
        "routes": [
          "TàD 4305",
          "TàD 4344"
        ]
      }
    },
    {
      "type": "Feature",
      "geometry": {
        "type": "Point",
        "coordinates": [
          2.5113314916920118,
          49.003665725373324
        ]
      },
      "properties": {
        "id": "IDFM:38702",
        "name": "Passerelle",
        "code": "",
        "territories": [
          "TàD Roissy Goussainville",
          "TàD Roissy Sarcelles"
        ],
        "routes": [
          "TàD",
          "TàD"
        ]
      }
    },
    {
      "type": "Feature",
      "geometry": {
        "type": "Point",
        "coordinates": [
          2.5117013504988677,
          49.003577309136226
        ]
      },
      "properties": {
        "id": "IDFM:38056",
        "name": "Passerelle",
        "code": "",
        "territories": [
          "TàD Roissy Goussainville",
          "TàD Roissy Sarcelles"
        ],
        "routes": [
          "TàD",
          "TàD"
        ]
      }
    },
    {
      "type": "Feature",
      "geometry": {
        "type": "Point",
        "coordinates": [
          2.3662536936218794,
          48.54711111137461
        ]
      },
      "properties": {
        "id": "IDFM:411535",
        "name": "Pasteur",
        "code": "",
        "territories": [
          "TàD 4301/4530"
        ],
        "routes": [
          "TàD 4301"
        ]
      }
    },
    {
      "type": "Feature",
      "geometry": {
        "type": "Point",
        "coordinates": [
          2.3661731671556225,
          48.54704771113554
        ]
      },
      "properties": {
        "id": "IDFM:35337",
        "name": "Pasteur",
        "code": "",
        "territories": [
          "TàD 4301/4530"
        ],
        "routes": [
          "TàD 4301"
        ]
      }
    },
    {
      "type": "Feature",
      "geometry": {
        "type": "Point",
        "coordinates": [
          2.5979644475008947,
          48.95855812693884
        ]
      },
      "properties": {
        "id": "IDFM:39132",
        "name": "Pasteur",
        "code": "",
        "territories": [
          "TàD Roissy Sud"
        ],
        "routes": [
          "TàD"
        ]
      }
    },
    {
      "type": "Feature",
      "geometry": {
        "type": "Point",
        "coordinates": [
          2.598483352683556,
          48.95855986561701
        ]
      },
      "properties": {
        "id": "IDFM:39131",
        "name": "Pasteur",
        "code": "",
        "territories": [
          "TàD Roissy Sud"
        ],
        "routes": [
          "TàD"
        ]
      }
    },
    {
      "type": "Feature",
      "geometry": {
        "type": "Point",
        "coordinates": [
          3.126203962119781,
          48.94129768735102
        ]
      },
      "properties": {
        "id": "IDFM:477987",
        "name": "Pasteur",
        "code": "",
        "territories": [
          "TàD 2429"
        ],
        "routes": [
          "TàD 2429"
        ]
      }
    },
    {
      "type": "Feature",
      "geometry": {
        "type": "Point",
        "coordinates": [
          3.126511503915422,
          48.94145922858673
        ]
      },
      "properties": {
        "id": "IDFM:477986",
        "name": "Pasteur",
        "code": "",
        "territories": [
          "TàD 2429"
        ],
        "routes": [
          "TàD 2429"
        ]
      }
    },
    {
      "type": "Feature",
      "geometry": {
        "type": "Point",
        "coordinates": [
          2.6263232336431708,
          48.869827602242346
        ]
      },
      "properties": {
        "id": "IDFM:16864",
        "name": "Paul Algis",
        "code": "",
        "territories": [
          "TàD Bassin Chellois",
          "TàD Desserte Hôpital",
          "TàD Dimanche"
        ],
        "routes": [
          "TàD",
          "TàD",
          "TàD"
        ]
      }
    },
    {
      "type": "Feature",
      "geometry": {
        "type": "Point",
        "coordinates": [
          2.265488567705678,
          48.61687794313693
        ]
      },
      "properties": {
        "id": "IDFM:3134",
        "name": "Paul Fort",
        "code": "",
        "territories": [
          "TàD 4591"
        ],
        "routes": [
          "TàD 4591"
        ]
      }
    },
    {
      "type": "Feature",
      "geometry": {
        "type": "Point",
        "coordinates": [
          2.2658012131274785,
          48.616834893765336
        ]
      },
      "properties": {
        "id": "IDFM:3133",
        "name": "Paul Fort",
        "code": "",
        "territories": [
          "TàD 4591"
        ],
        "routes": [
          "TàD 4591"
        ]
      }
    },
    {
      "type": "Feature",
      "geometry": {
        "type": "Point",
        "coordinates": [
          2.5800007058112926,
          48.891725203920174
        ]
      },
      "properties": {
        "id": "IDFM:19268",
        "name": "Paul Gauguin",
        "code": "",
        "territories": [
          "TàD Bassin Chellois",
          "TàD Desserte Hôpital",
          "TàD Dimanche"
        ],
        "routes": [
          "TàD",
          "TàD",
          "TàD"
        ]
      }
    },
    {
      "type": "Feature",
      "geometry": {
        "type": "Point",
        "coordinates": [
          2.5797793792727464,
          48.89211112853121
        ]
      },
      "properties": {
        "id": "IDFM:19018",
        "name": "Paul Gauguin",
        "code": "",
        "territories": [
          "TàD Bassin Chellois",
          "TàD Desserte Hôpital",
          "TàD Dimanche"
        ],
        "routes": [
          "TàD",
          "TàD",
          "TàD"
        ]
      }
    },
    {
      "type": "Feature",
      "geometry": {
        "type": "Point",
        "coordinates": [
          2.6147517804141573,
          48.983764893492896
        ]
      },
      "properties": {
        "id": "IDFM:41812",
        "name": "Paul Vaillant Couturier",
        "code": "",
        "territories": [
          "TàD Roissy Sud"
        ],
        "routes": [
          "TàD"
        ]
      }
    },
    {
      "type": "Feature",
      "geometry": {
        "type": "Point",
        "coordinates": [
          2.6154096875416317,
          48.98347925191121
        ]
      },
      "properties": {
        "id": "IDFM:21206",
        "name": "Paul Vaillant Couturier",
        "code": "",
        "territories": [
          "TàD Roissy Sud"
        ],
        "routes": [
          "TàD"
        ]
      }
    },
    {
      "type": "Feature",
      "geometry": {
        "type": "Point",
        "coordinates": [
          2.3803725053545968,
          48.97913235607124
        ]
      },
      "properties": {
        "id": "IDFM:37326",
        "name": "Paul Valéry",
        "code": "",
        "territories": [
          "TàD Roissy Sarcelles"
        ],
        "routes": [
          "TàD"
        ]
      }
    },
    {
      "type": "Feature",
      "geometry": {
        "type": "Point",
        "coordinates": [
          2.3803699325875822,
          48.97934816209029
        ]
      },
      "properties": {
        "id": "IDFM:461024",
        "name": "Paul Valéry",
        "code": "",
        "territories": [
          "TàD Roissy Sarcelles"
        ],
        "routes": [
          "TàD"
        ]
      }
    },
    {
      "type": "Feature",
      "geometry": {
        "type": "Point",
        "coordinates": [
          2.5326955200369237,
          49.09922502926458
        ]
      },
      "properties": {
        "id": "IDFM:38681",
        "name": "Petit Argenteuil",
        "code": "",
        "territories": [
          "TàD Roissy Fosses"
        ],
        "routes": [
          "TàD"
        ]
      }
    },
    {
      "type": "Feature",
      "geometry": {
        "type": "Point",
        "coordinates": [
          2.532488999362515,
          49.09935010496719
        ]
      },
      "properties": {
        "id": "IDFM:419592",
        "name": "Petit Argenteuil",
        "code": "",
        "territories": [
          "TàD Roissy Fosses"
        ],
        "routes": [
          "TàD"
        ]
      }
    },
    {
      "type": "Feature",
      "geometry": {
        "type": "Point",
        "coordinates": [
          2.14598573698078,
          49.140115765429236
        ]
      },
      "properties": {
        "id": "IDFM:481244",
        "name": "Petit Biard",
        "code": "",
        "territories": [
          "TàD Vexin Est"
        ],
        "routes": [
          "TàD"
        ]
      }
    },
    {
      "type": "Feature",
      "geometry": {
        "type": "Point",
        "coordinates": [
          2.3791659574683544,
          48.36058251782634
        ]
      },
      "properties": {
        "id": "IDFM:9253",
        "name": "Petit Gironville",
        "code": "",
        "territories": [
          "TàD 4342",
          "TàD 4343"
        ],
        "routes": [
          "TàD 4342",
          "TàD 4343"
        ]
      }
    },
    {
      "type": "Feature",
      "geometry": {
        "type": "Point",
        "coordinates": [
          2.380814327202183,
          48.36047418039433
        ]
      },
      "properties": {
        "id": "IDFM:9254",
        "name": "Petit Gironville",
        "code": "",
        "territories": [
          "TàD 4342",
          "TàD 4343"
        ],
        "routes": [
          "TàD 4342",
          "TàD 4343"
        ]
      }
    },
    {
      "type": "Feature",
      "geometry": {
        "type": "Point",
        "coordinates": [
          2.2719133876734814,
          48.41047267872344
        ]
      },
      "properties": {
        "id": "IDFM:7370",
        "name": "Petit Marais",
        "code": "",
        "territories": [
          "TàD 4342"
        ],
        "routes": [
          "TàD 4342"
        ]
      }
    },
    {
      "type": "Feature",
      "geometry": {
        "type": "Point",
        "coordinates": [
          2.27201059209416,
          48.41028434004049
        ]
      },
      "properties": {
        "id": "IDFM:7371",
        "name": "Petit Marais",
        "code": "",
        "territories": [
          "TàD 4342"
        ],
        "routes": [
          "TàD 4342"
        ]
      }
    },
    {
      "type": "Feature",
      "geometry": {
        "type": "Point",
        "coordinates": [
          2.2778753255811224,
          48.61392222907943
        ]
      },
      "properties": {
        "id": "IDFM:3135",
        "name": "Petit Paris",
        "code": "",
        "territories": [
          "TàD 4591"
        ],
        "routes": [
          "TàD 4591"
        ]
      }
    },
    {
      "type": "Feature",
      "geometry": {
        "type": "Point",
        "coordinates": [
          2.2777249926051,
          48.61400227654866
        ]
      },
      "properties": {
        "id": "IDFM:3136",
        "name": "Petit Paris",
        "code": "",
        "territories": [
          "TàD 4591"
        ],
        "routes": [
          "TàD 4591"
        ]
      }
    },
    {
      "type": "Feature",
      "geometry": {
        "type": "Point",
        "coordinates": [
          2.32349201140133,
          48.53987670700591
        ]
      },
      "properties": {
        "id": "IDFM:11953",
        "name": "Petit Saint Vrain",
        "code": "",
        "territories": [
          "TàD 4305"
        ],
        "routes": [
          "TàD 4305"
        ]
      }
    },
    {
      "type": "Feature",
      "geometry": {
        "type": "Point",
        "coordinates": [
          2.3235908950017623,
          48.53956241085522
        ]
      },
      "properties": {
        "id": "IDFM:11954",
        "name": "Petit Saint Vrain",
        "code": "",
        "territories": [
          "TàD 4305"
        ],
        "routes": [
          "TàD 4305"
        ]
      }
    },
    {
      "type": "Feature",
      "geometry": {
        "type": "Point",
        "coordinates": [
          2.550233767755907,
          48.98425075620412
        ]
      },
      "properties": {
        "id": "IDFM:19154",
        "name": "Petit Tremblay",
        "code": "",
        "territories": [
          "TàD Roissy Sud"
        ],
        "routes": [
          "TàD"
        ]
      }
    },
    {
      "type": "Feature",
      "geometry": {
        "type": "Point",
        "coordinates": [
          2.039377324541739,
          49.171285174617054
        ]
      },
      "properties": {
        "id": "IDFM:422959",
        "name": "Petite Saussette",
        "code": "",
        "territories": [
          "TàD Vexin Est"
        ],
        "routes": [
          "TàD"
        ]
      }
    },
    {
      "type": "Feature",
      "geometry": {
        "type": "Point",
        "coordinates": [
          1.9665056160606738,
          48.95360892986718
        ]
      },
      "properties": {
        "id": "IDFM:13528",
        "name": "Philippe de Beaumanoir",
        "code": "",
        "territories": [
          "TàD Sud Meulan - Les Mureaux"
        ],
        "routes": [
          "TàD"
        ]
      }
    },
    {
      "type": "Feature",
      "geometry": {
        "type": "Point",
        "coordinates": [
          1.9664481441483548,
          48.953752325306745
        ]
      },
      "properties": {
        "id": "IDFM:13529",
        "name": "Philippe de Beaumanoir",
        "code": "",
        "territories": [
          "TàD Sud Meulan - Les Mureaux"
        ],
        "routes": [
          "TàD"
        ]
      }
    },
    {
      "type": "Feature",
      "geometry": {
        "type": "Point",
        "coordinates": [
          2.258913518919905,
          48.615568846876435
        ]
      },
      "properties": {
        "id": "IDFM:3132",
        "name": "Pierre Curie",
        "code": "",
        "territories": [
          "TàD 4591"
        ],
        "routes": [
          "TàD 4591"
        ]
      }
    },
    {
      "type": "Feature",
      "geometry": {
        "type": "Point",
        "coordinates": [
          2.2592488387393432,
          48.615840797352476
        ]
      },
      "properties": {
        "id": "IDFM:3131",
        "name": "Pierre Curie",
        "code": "",
        "territories": [
          "TàD 4591"
        ],
        "routes": [
          "TàD 4591"
        ]
      }
    },
    {
      "type": "Feature",
      "geometry": {
        "type": "Point",
        "coordinates": [
          2.726860476886266,
          48.737595298378935
        ]
      },
      "properties": {
        "id": "IDFM:495840",
        "name": "Pierre et Marie Curie",
        "code": "",
        "territories": [
          "TàD Gretz-Tournan"
        ],
        "routes": [
          "TàD"
        ]
      }
    },
    {
      "type": "Feature",
      "geometry": {
        "type": "Point",
        "coordinates": [
          2.7269426744750946,
          48.73747856172913
        ]
      },
      "properties": {
        "id": "IDFM:16311",
        "name": "Pierre et Marie Curie",
        "code": "",
        "territories": [
          "TàD Gretz-Tournan"
        ],
        "routes": [
          "TàD"
        ]
      }
    },
    {
      "type": "Feature",
      "geometry": {
        "type": "Point",
        "coordinates": [
          2.432967847928689,
          48.99173902761554
        ]
      },
      "properties": {
        "id": "IDFM:14556",
        "name": "Pierre Salvi",
        "code": "",
        "territories": [
          "TàD Roissy Villiers-le-Bel"
        ],
        "routes": [
          "TàD"
        ]
      }
    },
    {
      "type": "Feature",
      "geometry": {
        "type": "Point",
        "coordinates": [
          2.432941697571402,
          48.99163099618355
        ]
      },
      "properties": {
        "id": "IDFM:14555",
        "name": "Pierre Salvi",
        "code": "",
        "territories": [
          "TàD Roissy Villiers-le-Bel"
        ],
        "routes": [
          "TàD"
        ]
      }
    },
    {
      "type": "Feature",
      "geometry": {
        "type": "Point",
        "coordinates": [
          2.402012006113873,
          49.00289206615129
        ]
      },
      "properties": {
        "id": "IDFM:10112",
        "name": "Pierre Sémard",
        "code": "",
        "territories": [
          "TàD Roissy Villiers-le-Bel"
        ],
        "routes": [
          "TàD"
        ]
      }
    },
    {
      "type": "Feature",
      "geometry": {
        "type": "Point",
        "coordinates": [
          2.4016563576670986,
          49.002917270327444
        ]
      },
      "properties": {
        "id": "IDFM:40593",
        "name": "Pierre Sémard",
        "code": "",
        "territories": [
          "TàD Roissy Villiers-le-Bel"
        ],
        "routes": [
          "TàD"
        ]
      }
    },
    {
      "type": "Feature",
      "geometry": {
        "type": "Point",
        "coordinates": [
          2.650772674477256,
          49.08438564139028
        ]
      },
      "properties": {
        "id": "IDFM:38346",
        "name": "Pierre-Augustin Caron",
        "code": "",
        "territories": [
          "TàD Goêle"
        ],
        "routes": [
          "TàD"
        ]
      }
    },
    {
      "type": "Feature",
      "geometry": {
        "type": "Point",
        "coordinates": [
          2.650335549530114,
          49.08424950005208
        ]
      },
      "properties": {
        "id": "IDFM:40303",
        "name": "Pierre-Augustin Caron",
        "code": "",
        "territories": [
          "TàD Goêle"
        ],
        "routes": [
          "TàD"
        ]
      }
    },
    {
      "type": "Feature",
      "geometry": {
        "type": "Point",
        "coordinates": [
          2.6152765897094086,
          48.94055338451215
        ]
      },
      "properties": {
        "id": "IDFM:39305",
        "name": "Piétrasanta",
        "code": "",
        "territories": [
          "TàD Roissy Sud"
        ],
        "routes": [
          "TàD"
        ]
      }
    },
    {
      "type": "Feature",
      "geometry": {
        "type": "Point",
        "coordinates": [
          1.9434665314006958,
          49.13718642292218
        ]
      },
      "properties": {
        "id": "IDFM:41577",
        "name": "Place",
        "code": "",
        "territories": [
          "TàD Vexin Est"
        ],
        "routes": [
          "TàD"
        ]
      }
    },
    {
      "type": "Feature",
      "geometry": {
        "type": "Point",
        "coordinates": [
          2.4671479251683457,
          48.496787778653605
        ]
      },
      "properties": {
        "id": "IDFM:426724",
        "name": "Place Adeline",
        "code": "",
        "territories": [
          "TàD 4308"
        ],
        "routes": [
          "TàD 4308"
        ]
      }
    },
    {
      "type": "Feature",
      "geometry": {
        "type": "Point",
        "coordinates": [
          2.5852871548410348,
          48.9420315860844
        ]
      },
      "properties": {
        "id": "IDFM:490596",
        "name": "Place Albert Thomas",
        "code": "",
        "territories": [
          "TàD Roissy Sud"
        ],
        "routes": [
          "TàD"
        ]
      }
    },
    {
      "type": "Feature",
      "geometry": {
        "type": "Point",
        "coordinates": [
          2.5887405154508714,
          48.95590103537985
        ]
      },
      "properties": {
        "id": "IDFM:39133",
        "name": "Place centrale",
        "code": "",
        "territories": [
          "TàD Roissy Sud"
        ],
        "routes": [
          "TàD"
        ]
      }
    },
    {
      "type": "Feature",
      "geometry": {
        "type": "Point",
        "coordinates": [
          2.5885907406929953,
          48.95584656648985
        ]
      },
      "properties": {
        "id": "IDFM:39134",
        "name": "Place centrale",
        "code": "",
        "territories": [
          "TàD Roissy Sud"
        ],
        "routes": [
          "TàD"
        ]
      }
    },
    {
      "type": "Feature",
      "geometry": {
        "type": "Point",
        "coordinates": [
          2.717215414210702,
          48.73836433103428
        ]
      },
      "properties": {
        "id": "IDFM:16298",
        "name": "Place Clément Ader",
        "code": "",
        "territories": [
          "TàD Gretz-Tournan"
        ],
        "routes": [
          "TàD"
        ]
      }
    },
    {
      "type": "Feature",
      "geometry": {
        "type": "Point",
        "coordinates": [
          2.716971285423661,
          48.738246827836505
        ]
      },
      "properties": {
        "id": "IDFM:16297",
        "name": "Place Clément Ader",
        "code": "",
        "territories": [
          "TàD Gretz-Tournan"
        ],
        "routes": [
          "TàD"
        ]
      }
    },
    {
      "type": "Feature",
      "geometry": {
        "type": "Point",
        "coordinates": [
          2.335478631957033,
          48.65658025546522
        ]
      },
      "properties": {
        "id": "IDFM:11961",
        "name": "Place d'Orgeval",
        "code": "",
        "territories": [
          "TàD 4592"
        ],
        "routes": [
          "TàD 4592"
        ]
      }
    },
    {
      "type": "Feature",
      "geometry": {
        "type": "Point",
        "coordinates": [
          2.1855025397189687,
          48.78394203025975
        ]
      },
      "properties": {
        "id": "IDFM:21606",
        "name": "Place de l'Aviation",
        "code": "",
        "territories": [
          "TàD 6131"
        ],
        "routes": [
          "TàD 6131"
        ]
      }
    },
    {
      "type": "Feature",
      "geometry": {
        "type": "Point",
        "coordinates": [
          2.1847353895938437,
          48.78338814781263
        ]
      },
      "properties": {
        "id": "IDFM:21607",
        "name": "Place de l'Aviation",
        "code": "",
        "territories": [
          "TàD 6131"
        ],
        "routes": [
          "TàD 6131"
        ]
      }
    },
    {
      "type": "Feature",
      "geometry": {
        "type": "Point",
        "coordinates": [
          1.931374806115335,
          49.06234731935817
        ]
      },
      "properties": {
        "id": "IDFM:413514",
        "name": "Place de l'Église",
        "code": "",
        "territories": [
          "TàD Vexin Est"
        ],
        "routes": [
          "TàD"
        ]
      }
    },
    {
      "type": "Feature",
      "geometry": {
        "type": "Point",
        "coordinates": [
          2.970768653946573,
          48.511904720904376
        ]
      },
      "properties": {
        "id": "IDFM:9718",
        "name": "Place de l'Église",
        "code": "",
        "territories": [
          "TàD Nangis / La-Chapelle-Rablais"
        ],
        "routes": [
          "TàD"
        ]
      }
    },
    {
      "type": "Feature",
      "geometry": {
        "type": "Point",
        "coordinates": [
          2.2842205155894213,
          48.431600190270224
        ]
      },
      "properties": {
        "id": "IDFM:7277",
        "name": "Place de l'Église",
        "code": "",
        "territories": [
          "TàD 4344"
        ],
        "routes": [
          "TàD 4344"
        ]
      }
    },
    {
      "type": "Feature",
      "geometry": {
        "type": "Point",
        "coordinates": [
          2.2840300371272884,
          48.43168900867153
        ]
      },
      "properties": {
        "id": "IDFM:7276",
        "name": "Place de l'Église",
        "code": "",
        "territories": [
          "TàD 4344"
        ],
        "routes": [
          "TàD 4344"
        ]
      }
    },
    {
      "type": "Feature",
      "geometry": {
        "type": "Point",
        "coordinates": [
          1.8667149123685343,
          49.0354966672294
        ]
      },
      "properties": {
        "id": "IDFM:413509",
        "name": "Place de la Fontaine",
        "code": "",
        "territories": [
          "TàD Nord Meulan - Les Mureaux"
        ],
        "routes": [
          "TàD"
        ]
      }
    },
    {
      "type": "Feature",
      "geometry": {
        "type": "Point",
        "coordinates": [
          1.8668349175401155,
          49.03554485815433
        ]
      },
      "properties": {
        "id": "IDFM:32832",
        "name": "Place de la Fontaine",
        "code": "",
        "territories": [
          "TàD Nord Meulan - Les Mureaux",
          "TàD Vexin Est"
        ],
        "routes": [
          "TàD",
          "TàD"
        ]
      }
    },
    {
      "type": "Feature",
      "geometry": {
        "type": "Point",
        "coordinates": [
          2.3015645541206595,
          48.65847320492955
        ]
      },
      "properties": {
        "id": "IDFM:23078",
        "name": "Place de la Libération",
        "code": "",
        "territories": [
          "TàD 4592"
        ],
        "routes": [
          "TàD 4592"
        ]
      }
    },
    {
      "type": "Feature",
      "geometry": {
        "type": "Point",
        "coordinates": [
          2.4662770444952904,
          48.94301758260275
        ]
      },
      "properties": {
        "id": "IDFM:29096",
        "name": "Place de la Libération",
        "code": "",
        "territories": [
          "TàD Roissy Sud"
        ],
        "routes": [
          "TàD"
        ]
      }
    },
    {
      "type": "Feature",
      "geometry": {
        "type": "Point",
        "coordinates": [
          2.3243914295168704,
          49.02510466080752
        ]
      },
      "properties": {
        "id": "IDFM:13244",
        "name": "Place de la République",
        "code": "",
        "territories": [
          "TàD Eaubonne Domont"
        ],
        "routes": [
          "TàD"
        ]
      }
    },
    {
      "type": "Feature",
      "geometry": {
        "type": "Point",
        "coordinates": [
          2.3242834529800143,
          49.02499614758844
        ]
      },
      "properties": {
        "id": "IDFM:13243",
        "name": "Place de la République",
        "code": "",
        "territories": [
          "TàD Eaubonne Domont"
        ],
        "routes": [
          "TàD"
        ]
      }
    },
    {
      "type": "Feature",
      "geometry": {
        "type": "Point",
        "coordinates": [
          2.3922374833051476,
          49.00424575728728
        ]
      },
      "properties": {
        "id": "IDFM:10107",
        "name": "Place de la Tolinette",
        "code": "",
        "territories": [
          "TàD Roissy Villiers-le-Bel"
        ],
        "routes": [
          "TàD"
        ]
      }
    },
    {
      "type": "Feature",
      "geometry": {
        "type": "Point",
        "coordinates": [
          2.392239061246428,
          49.00411088154151
        ]
      },
      "properties": {
        "id": "IDFM:8286",
        "name": "Place de la Tolinette",
        "code": "",
        "territories": [
          "TàD Roissy Villiers-le-Bel"
        ],
        "routes": [
          "TàD"
        ]
      }
    },
    {
      "type": "Feature",
      "geometry": {
        "type": "Point",
        "coordinates": [
          2.4196123002767234,
          49.000766378281185
        ]
      },
      "properties": {
        "id": "IDFM:14644",
        "name": "Place de Lattre de Tassigny / Maréchal Foch",
        "code": "",
        "territories": [
          "TàD Roissy Villiers-le-Bel"
        ],
        "routes": [
          "TàD"
        ]
      }
    },
    {
      "type": "Feature",
      "geometry": {
        "type": "Point",
        "coordinates": [
          1.975933492322494,
          49.1682537863184
        ]
      },
      "properties": {
        "id": "IDFM:29535",
        "name": "Place de Neuilly",
        "code": "",
        "territories": [
          "TàD Vexin Est"
        ],
        "routes": [
          "TàD"
        ]
      }
    },
    {
      "type": "Feature",
      "geometry": {
        "type": "Point",
        "coordinates": [
          1.8767393507854717,
          49.047550970846814
        ]
      },
      "properties": {
        "id": "IDFM:488508",
        "name": "Place de Rueil",
        "code": "",
        "territories": [
          "TàD Nord Meulan - Les Mureaux"
        ],
        "routes": [
          "TàD"
        ]
      }
    },
    {
      "type": "Feature",
      "geometry": {
        "type": "Point",
        "coordinates": [
          1.8768347048893728,
          49.04756984753533
        ]
      },
      "properties": {
        "id": "IDFM:32822",
        "name": "Place de Rueil",
        "code": "",
        "territories": [
          "TàD Nord Meulan - Les Mureaux",
          "TàD Vexin Est"
        ],
        "routes": [
          "TàD",
          "TàD"
        ]
      }
    },
    {
      "type": "Feature",
      "geometry": {
        "type": "Point",
        "coordinates": [
          2.3280357034055963,
          48.47496797930635
        ]
      },
      "properties": {
        "id": "IDFM:11761",
        "name": "Place de Selves",
        "code": "",
        "territories": [
          "TàD 4306"
        ],
        "routes": [
          "TàD 4306"
        ]
      }
    },
    {
      "type": "Feature",
      "geometry": {
        "type": "Point",
        "coordinates": [
          2.2619726060605867,
          48.61510208920912
        ]
      },
      "properties": {
        "id": "IDFM:3127",
        "name": "Place des FFI",
        "code": "",
        "territories": [
          "TàD 4591"
        ],
        "routes": [
          "TàD 4591"
        ]
      }
    },
    {
      "type": "Feature",
      "geometry": {
        "type": "Point",
        "coordinates": [
          2.4274496454011887,
          48.99896960474392
        ]
      },
      "properties": {
        "id": "IDFM:14629",
        "name": "Place des Marronniers",
        "code": "",
        "territories": [
          "TàD Roissy Villiers-le-Bel"
        ],
        "routes": [
          "TàD"
        ]
      }
    },
    {
      "type": "Feature",
      "geometry": {
        "type": "Point",
        "coordinates": [
          2.427336651584724,
          48.999301779295116
        ]
      },
      "properties": {
        "id": "IDFM:14631",
        "name": "Place des Marronniers",
        "code": "",
        "territories": [
          "TàD Roissy Villiers-le-Bel"
        ],
        "routes": [
          "TàD"
        ]
      }
    },
    {
      "type": "Feature",
      "geometry": {
        "type": "Point",
        "coordinates": [
          2.502129363894223,
          49.092475722340446
        ]
      },
      "properties": {
        "id": "IDFM:38213",
        "name": "Place du 19 Mars 1962",
        "code": "",
        "territories": [
          "TàD Roissy Fosses"
        ],
        "routes": [
          "TàD"
        ]
      }
    },
    {
      "type": "Feature",
      "geometry": {
        "type": "Point",
        "coordinates": [
          2.114321212727848,
          49.18064393324645
        ]
      },
      "properties": {
        "id": "IDFM:29511",
        "name": "Place du Carrouge",
        "code": "",
        "territories": [
          "TàD Vexin Est"
        ],
        "routes": [
          "TàD"
        ]
      }
    },
    {
      "type": "Feature",
      "geometry": {
        "type": "Point",
        "coordinates": [
          3.288257789019724,
          48.562186597884825
        ]
      },
      "properties": {
        "id": "IDFM:10017",
        "name": "Place du Châtel",
        "code": "",
        "territories": [
          "TàD 3209"
        ],
        "routes": [
          "TàD 3209"
        ]
      }
    },
    {
      "type": "Feature",
      "geometry": {
        "type": "Point",
        "coordinates": [
          2.0962857380887,
          49.04710132110879
        ]
      },
      "properties": {
        "id": "IDFM:422954",
        "name": "Place du Général de Gaulle - Gare",
        "code": "",
        "territories": [
          "TàD Vexin Est"
        ],
        "routes": [
          "TàD"
        ]
      }
    },
    {
      "type": "Feature",
      "geometry": {
        "type": "Point",
        "coordinates": [
          2.371825760720469,
          49.08833187014218
        ]
      },
      "properties": {
        "id": "IDFM:40490",
        "name": "Place du Souvenir",
        "code": "",
        "territories": [
          "TàD Luzarches - Goussainville"
        ],
        "routes": [
          "TàD"
        ]
      }
    },
    {
      "type": "Feature",
      "geometry": {
        "type": "Point",
        "coordinates": [
          2.283178267148275,
          49.00635063189429
        ]
      },
      "properties": {
        "id": "IDFM:13256",
        "name": "Place du Souvenir",
        "code": "",
        "territories": [
          "TàD Eaubonne Domont"
        ],
        "routes": [
          "TàD"
        ]
      }
    },
    {
      "type": "Feature",
      "geometry": {
        "type": "Point",
        "coordinates": [
          2.2830197168684165,
          49.005954022056166
        ]
      },
      "properties": {
        "id": "IDFM:13257",
        "name": "Place du Souvenir",
        "code": "",
        "territories": [
          "TàD Eaubonne Domont"
        ],
        "routes": [
          "TàD"
        ]
      }
    },
    {
      "type": "Feature",
      "geometry": {
        "type": "Point",
        "coordinates": [
          1.8854222575886053,
          49.0012384876572
        ]
      },
      "properties": {
        "id": "IDFM:490501",
        "name": "Place du Tilleul",
        "code": "",
        "territories": [
          "TàD Nord Meulan - Les Mureaux"
        ],
        "routes": [
          "TàD"
        ]
      }
    },
    {
      "type": "Feature",
      "geometry": {
        "type": "Point",
        "coordinates": [
          1.885503092844154,
          49.001293195823756
        ]
      },
      "properties": {
        "id": "IDFM:32779",
        "name": "Place du Tilleul",
        "code": "",
        "territories": [
          "TàD Nord Meulan - Les Mureaux"
        ],
        "routes": [
          "TàD"
        ]
      }
    },
    {
      "type": "Feature",
      "geometry": {
        "type": "Point",
        "coordinates": [
          2.5030667689732184,
          49.08037710819658
        ]
      },
      "properties": {
        "id": "IDFM:38214",
        "name": "Place du Vert Clos",
        "code": "",
        "territories": [
          "TàD Roissy Fosses"
        ],
        "routes": [
          "TàD"
        ]
      }
    },
    {
      "type": "Feature",
      "geometry": {
        "type": "Point",
        "coordinates": [
          2.5026866259152145,
          49.0800518418774
        ]
      },
      "properties": {
        "id": "IDFM:419501",
        "name": "Place du Vert Clos",
        "code": "",
        "territories": [
          "TàD Roissy Fosses"
        ],
        "routes": [
          "TàD"
        ]
      }
    },
    {
      "type": "Feature",
      "geometry": {
        "type": "Point",
        "coordinates": [
          1.9068334184628275,
          49.00484822538386
        ]
      },
      "properties": {
        "id": "IDFM:13666",
        "name": "Place du Vexin",
        "code": "",
        "territories": [
          "TàD Nord Meulan - Les Mureaux"
        ],
        "routes": [
          "TàD"
        ]
      }
    },
    {
      "type": "Feature",
      "geometry": {
        "type": "Point",
        "coordinates": [
          1.9066565434014828,
          49.00477017503386
        ]
      },
      "properties": {
        "id": "IDFM:13667",
        "name": "Place du Vexin",
        "code": "",
        "territories": [
          "TàD Nord Meulan - Les Mureaux"
        ],
        "routes": [
          "TàD"
        ]
      }
    },
    {
      "type": "Feature",
      "geometry": {
        "type": "Point",
        "coordinates": [
          2.1104081621275794,
          49.150566703310794
        ]
      },
      "properties": {
        "id": "IDFM:29512",
        "name": "Place du Village",
        "code": "",
        "territories": [
          "TàD Vexin Est"
        ],
        "routes": [
          "TàD"
        ]
      }
    },
    {
      "type": "Feature",
      "geometry": {
        "type": "Point",
        "coordinates": [
          2.4236725918149586,
          49.00435586342219
        ]
      },
      "properties": {
        "id": "IDFM:14645",
        "name": "Place Gaston Tessier",
        "code": "",
        "territories": [
          "TàD Roissy Villiers-le-Bel"
        ],
        "routes": [
          "TàD"
        ]
      }
    },
    {
      "type": "Feature",
      "geometry": {
        "type": "Point",
        "coordinates": [
          2.4243308119833236,
          49.00416119350495
        ]
      },
      "properties": {
        "id": "IDFM:423570",
        "name": "Place Gaston Tessier",
        "code": "",
        "territories": [
          "TàD Roissy Villiers-le-Bel"
        ],
        "routes": [
          "TàD"
        ]
      }
    },
    {
      "type": "Feature",
      "geometry": {
        "type": "Point",
        "coordinates": [
          2.5707745358767244,
          48.961525823510584
        ]
      },
      "properties": {
        "id": "IDFM:38132",
        "name": "Place Henri Barbusse",
        "code": "",
        "territories": [
          "TàD Roissy Sud"
        ],
        "routes": [
          "TàD"
        ]
      }
    },
    {
      "type": "Feature",
      "geometry": {
        "type": "Point",
        "coordinates": [
          2.5705446584285037,
          48.96174531612533
        ]
      },
      "properties": {
        "id": "IDFM:423598",
        "name": "Place Henri Barbusse",
        "code": "",
        "territories": [
          "TàD Roissy Sud"
        ],
        "routes": [
          "TàD"
        ]
      }
    },
    {
      "type": "Feature",
      "geometry": {
        "type": "Point",
        "coordinates": [
          2.0032719407919415,
          49.07867447955211
        ]
      },
      "properties": {
        "id": "IDFM:32936",
        "name": "Place Hubeaut",
        "code": "",
        "territories": [
          "TàD Vexin Est"
        ],
        "routes": [
          "TàD"
        ]
      }
    },
    {
      "type": "Feature",
      "geometry": {
        "type": "Point",
        "coordinates": [
          2.601922832285636,
          48.95165609197668
        ]
      },
      "properties": {
        "id": "IDFM:490567",
        "name": "Place Jacques Chirac - Gare",
        "code": "",
        "territories": [
          "TàD Roissy Sud"
        ],
        "routes": [
          "TàD"
        ]
      }
    },
    {
      "type": "Feature",
      "geometry": {
        "type": "Point",
        "coordinates": [
          2.6802258639787384,
          49.0541392814075
        ]
      },
      "properties": {
        "id": "IDFM:42062",
        "name": "Place Jean-Baptiste Delambre",
        "code": "",
        "territories": [
          "TàD Goêle",
          "TàD Roissy Othis"
        ],
        "routes": [
          "TàD",
          "TàD"
        ]
      }
    },
    {
      "type": "Feature",
      "geometry": {
        "type": "Point",
        "coordinates": [
          2.590769538321473,
          48.960080494825256
        ]
      },
      "properties": {
        "id": "IDFM:424992",
        "name": "Place Melun",
        "code": "",
        "territories": [
          "TàD Roissy Sud"
        ],
        "routes": [
          "TàD"
        ]
      }
    },
    {
      "type": "Feature",
      "geometry": {
        "type": "Point",
        "coordinates": [
          2.590244662760953,
          48.960487860032636
        ]
      },
      "properties": {
        "id": "IDFM:419332",
        "name": "Place Melun",
        "code": "",
        "territories": [
          "TàD Roissy Sud"
        ],
        "routes": [
          "TàD"
        ]
      }
    },
    {
      "type": "Feature",
      "geometry": {
        "type": "Point",
        "coordinates": [
          1.9807354794915764,
          49.143037663636164
        ]
      },
      "properties": {
        "id": "IDFM:29547",
        "name": "Place Peyron",
        "code": "",
        "territories": [
          "TàD Vexin Est"
        ],
        "routes": [
          "TàD"
        ]
      }
    },
    {
      "type": "Feature",
      "geometry": {
        "type": "Point",
        "coordinates": [
          1.9807801263507867,
          49.142858211305274
        ]
      },
      "properties": {
        "id": "IDFM:29550",
        "name": "Place Peyron",
        "code": "",
        "territories": [
          "TàD Vexin Est"
        ],
        "routes": [
          "TàD"
        ]
      }
    },
    {
      "type": "Feature",
      "geometry": {
        "type": "Point",
        "coordinates": [
          2.5780631170686483,
          48.94064848654038
        ]
      },
      "properties": {
        "id": "IDFM:39242",
        "name": "Place Pierre Curie",
        "code": "",
        "territories": [
          "TàD Roissy Sud"
        ],
        "routes": [
          "TàD"
        ]
      }
    },
    {
      "type": "Feature",
      "geometry": {
        "type": "Point",
        "coordinates": [
          2.5559706431037212,
          48.95403061286831
        ]
      },
      "properties": {
        "id": "IDFM:40749",
        "name": "Place René Droulot",
        "code": "",
        "territories": [
          "TàD Roissy Sud"
        ],
        "routes": [
          "TàD"
        ]
      }
    },
    {
      "type": "Feature",
      "geometry": {
        "type": "Point",
        "coordinates": [
          2.5561071080593467,
          48.954040110721834
        ]
      },
      "properties": {
        "id": "IDFM:38178",
        "name": "Place René Droulot",
        "code": "",
        "territories": [
          "TàD Roissy Sud"
        ],
        "routes": [
          "TàD"
        ]
      }
    },
    {
      "type": "Feature",
      "geometry": {
        "type": "Point",
        "coordinates": [
          2.33101480196917,
          48.65527797905384
        ]
      },
      "properties": {
        "id": "IDFM:11962",
        "name": "Place Stalingrad",
        "code": "",
        "territories": [
          "TàD 4592"
        ],
        "routes": [
          "TàD 4592"
        ]
      }
    },
    {
      "type": "Feature",
      "geometry": {
        "type": "Point",
        "coordinates": [
          2.3630146839334145,
          48.480270690955415
        ]
      },
      "properties": {
        "id": "IDFM:427798",
        "name": "Plateau",
        "code": "",
        "territories": [
          "TàD 4306"
        ],
        "routes": [
          "TàD 4306"
        ]
      }
    },
    {
      "type": "Feature",
      "geometry": {
        "type": "Point",
        "coordinates": [
          2.3629484495814697,
          48.48015338316311
        ]
      },
      "properties": {
        "id": "IDFM:427795",
        "name": "Plateau",
        "code": "",
        "territories": [
          "TàD 4306"
        ],
        "routes": [
          "TàD 4306"
        ]
      }
    },
    {
      "type": "Feature",
      "geometry": {
        "type": "Point",
        "coordinates": [
          2.6508001053573595,
          48.917523914288
        ]
      },
      "properties": {
        "id": "IDFM:16801",
        "name": "Poitou",
        "code": "",
        "territories": [
          "TàD Bassin Chellois",
          "TàD Desserte Hôpital",
          "TàD Dimanche"
        ],
        "routes": [
          "TàD",
          "TàD",
          "TàD"
        ]
      }
    },
    {
      "type": "Feature",
      "geometry": {
        "type": "Point",
        "coordinates": [
          2.658897932010637,
          49.04989950075555
        ]
      },
      "properties": {
        "id": "IDFM:38281",
        "name": "Ponceau",
        "code": "",
        "territories": [
          "TàD Goêle"
        ],
        "routes": [
          "TàD"
        ]
      }
    },
    {
      "type": "Feature",
      "geometry": {
        "type": "Point",
        "coordinates": [
          2.6412007578472023,
          48.974063299658376
        ]
      },
      "properties": {
        "id": "IDFM:39142",
        "name": "Pont",
        "code": "",
        "territories": [
          "TàD Roissy Sud"
        ],
        "routes": [
          "TàD"
        ]
      }
    },
    {
      "type": "Feature",
      "geometry": {
        "type": "Point",
        "coordinates": [
          1.8984448401810416,
          49.08582546050227
        ]
      },
      "properties": {
        "id": "IDFM:32865",
        "name": "Pont au Bois",
        "code": "",
        "territories": [
          "TàD Vexin Est"
        ],
        "routes": [
          "TàD"
        ]
      }
    },
    {
      "type": "Feature",
      "geometry": {
        "type": "Point",
        "coordinates": [
          2.471719804533289,
          49.007958020742954
        ]
      },
      "properties": {
        "id": "IDFM:419706",
        "name": "Pont Chinois",
        "code": "",
        "territories": [
          "TàD Roissy Goussainville"
        ],
        "routes": [
          "TàD"
        ]
      }
    },
    {
      "type": "Feature",
      "geometry": {
        "type": "Point",
        "coordinates": [
          2.471803642694169,
          49.00777854666172
        ]
      },
      "properties": {
        "id": "IDFM:420197",
        "name": "Pont Chinois",
        "code": "",
        "territories": [
          "TàD Roissy Goussainville"
        ],
        "routes": [
          "TàD"
        ]
      }
    },
    {
      "type": "Feature",
      "geometry": {
        "type": "Point",
        "coordinates": [
          2.3448844388581436,
          48.48552489476252
        ]
      },
      "properties": {
        "id": "IDFM:11972",
        "name": "Pont de Villiers",
        "code": "",
        "territories": [
          "TàD 4306"
        ],
        "routes": [
          "TàD 4306"
        ]
      }
    },
    {
      "type": "Feature",
      "geometry": {
        "type": "Point",
        "coordinates": [
          2.344758495754,
          48.485857064175754
        ]
      },
      "properties": {
        "id": "IDFM:11973",
        "name": "Pont de Villiers",
        "code": "",
        "territories": [
          "TàD 4306"
        ],
        "routes": [
          "TàD 4306"
        ]
      }
    },
    {
      "type": "Feature",
      "geometry": {
        "type": "Point",
        "coordinates": [
          2.465882428865474,
          49.001385876528374
        ]
      },
      "properties": {
        "id": "IDFM:38690",
        "name": "Pont à l'Huile",
        "code": "",
        "territories": [
          "TàD Roissy Sarcelles"
        ],
        "routes": [
          "TàD"
        ]
      }
    },
    {
      "type": "Feature",
      "geometry": {
        "type": "Point",
        "coordinates": [
          2.4671732429107047,
          48.999458287215795
        ]
      },
      "properties": {
        "id": "IDFM:419671",
        "name": "Pont à l'Huile",
        "code": "",
        "territories": [
          "TàD Roissy Sarcelles"
        ],
        "routes": [
          "TàD"
        ]
      }
    },
    {
      "type": "Feature",
      "geometry": {
        "type": "Point",
        "coordinates": [
          2.2461724044005473,
          48.58649606887274
        ]
      },
      "properties": {
        "id": "IDFM:491789",
        "name": "Porte d'Étampes",
        "code": "",
        "territories": [
          "TàD 4596"
        ],
        "routes": [
          "TàD 4596"
        ]
      }
    },
    {
      "type": "Feature",
      "geometry": {
        "type": "Point",
        "coordinates": [
          3.283881834113608,
          48.56495874495262
        ]
      },
      "properties": {
        "id": "IDFM:41618",
        "name": "Porte de Jouy",
        "code": "",
        "territories": [
          "TàD 3209"
        ],
        "routes": [
          "TàD 3209"
        ]
      }
    },
    {
      "type": "Feature",
      "geometry": {
        "type": "Point",
        "coordinates": [
          3.2837326546329146,
          48.56494110981399
        ]
      },
      "properties": {
        "id": "IDFM:492227",
        "name": "Porte de Jouy",
        "code": "",
        "territories": [
          "TàD 3209"
        ],
        "routes": [
          "TàD 3209"
        ]
      }
    },
    {
      "type": "Feature",
      "geometry": {
        "type": "Point",
        "coordinates": [
          2.4570369434058836,
          48.39864422040422
        ]
      },
      "properties": {
        "id": "IDFM:7339",
        "name": "Porte du Roy",
        "code": "",
        "territories": [
          "TàD 4342"
        ],
        "routes": [
          "TàD 4342"
        ]
      }
    },
    {
      "type": "Feature",
      "geometry": {
        "type": "Point",
        "coordinates": [
          2.2997720450906334,
          48.405899058031046
        ]
      },
      "properties": {
        "id": "IDFM:37106",
        "name": "Porte Frenneville",
        "code": "",
        "territories": [
          "TàD 4342"
        ],
        "routes": [
          "TàD 4342"
        ]
      }
    },
    {
      "type": "Feature",
      "geometry": {
        "type": "Point",
        "coordinates": [
          2.299651999827745,
          48.405781389129636
        ]
      },
      "properties": {
        "id": "IDFM:7385",
        "name": "Porte Frenneville",
        "code": "",
        "territories": [
          "TàD 4342"
        ],
        "routes": [
          "TàD 4342"
        ]
      }
    },
    {
      "type": "Feature",
      "geometry": {
        "type": "Point",
        "coordinates": [
          2.335102540965614,
          49.03114419696601
        ]
      },
      "properties": {
        "id": "IDFM:14239",
        "name": "Poste",
        "code": "",
        "territories": [
          "TàD Eaubonne Domont"
        ],
        "routes": [
          "TàD"
        ]
      }
    },
    {
      "type": "Feature",
      "geometry": {
        "type": "Point",
        "coordinates": [
          2.5581355133189403,
          48.951547672234106
        ]
      },
      "properties": {
        "id": "IDFM:40748",
        "name": "Poste",
        "code": "",
        "territories": [
          "TàD Roissy Sud"
        ],
        "routes": [
          "TàD"
        ]
      }
    },
    {
      "type": "Feature",
      "geometry": {
        "type": "Point",
        "coordinates": [
          1.874247444816905,
          48.963758934234725
        ]
      },
      "properties": {
        "id": "IDFM:32576",
        "name": "Poste",
        "code": "",
        "territories": [
          "TàD Sud Meulan - Les Mureaux"
        ],
        "routes": [
          "TàD"
        ]
      }
    },
    {
      "type": "Feature",
      "geometry": {
        "type": "Point",
        "coordinates": [
          2.554067645453785,
          48.98327591502763
        ]
      },
      "properties": {
        "id": "IDFM:39248",
        "name": "Poste",
        "code": "",
        "territories": [
          "TàD Roissy Sud"
        ],
        "routes": [
          "TàD"
        ]
      }
    },
    {
      "type": "Feature",
      "geometry": {
        "type": "Point",
        "coordinates": [
          2.5539135831880837,
          48.98371596505874
        ]
      },
      "properties": {
        "id": "IDFM:490594",
        "name": "Poste",
        "code": "",
        "territories": [
          "TàD Roissy Sud"
        ],
        "routes": [
          "TàD"
        ]
      }
    },
    {
      "type": "Feature",
      "geometry": {
        "type": "Point",
        "coordinates": [
          2.334477447294518,
          49.030835003745906
        ]
      },
      "properties": {
        "id": "IDFM:427869",
        "name": "Poste",
        "code": "",
        "territories": [
          "TàD Eaubonne Domont"
        ],
        "routes": [
          "TàD"
        ]
      }
    },
    {
      "type": "Feature",
      "geometry": {
        "type": "Point",
        "coordinates": [
          2.271710673016697,
          48.430957266270575
        ]
      },
      "properties": {
        "id": "IDFM:7279",
        "name": "Poste",
        "code": "",
        "territories": [
          "TàD 4344"
        ],
        "routes": [
          "TàD 4344"
        ]
      }
    },
    {
      "type": "Feature",
      "geometry": {
        "type": "Point",
        "coordinates": [
          2.2714121573650656,
          48.43103640459613
        ]
      },
      "properties": {
        "id": "IDFM:7278",
        "name": "Poste",
        "code": "",
        "territories": [
          "TàD 4344"
        ],
        "routes": [
          "TàD 4344"
        ]
      }
    },
    {
      "type": "Feature",
      "geometry": {
        "type": "Point",
        "coordinates": [
          2.5032249493432266,
          49.09387391962808
        ]
      },
      "properties": {
        "id": "IDFM:38697",
        "name": "Poteau de Marly",
        "code": "",
        "territories": [
          "TàD Roissy Fosses"
        ],
        "routes": [
          "TàD"
        ]
      }
    },
    {
      "type": "Feature",
      "geometry": {
        "type": "Point",
        "coordinates": [
          2.5028449649521995,
          49.09352168498907
        ]
      },
      "properties": {
        "id": "IDFM:419502",
        "name": "Poteau de Marly",
        "code": "",
        "territories": [
          "TàD Roissy Fosses"
        ],
        "routes": [
          "TàD"
        ]
      }
    },
    {
      "type": "Feature",
      "geometry": {
        "type": "Point",
        "coordinates": [
          2.5191778226578143,
          48.94004904824825
        ]
      },
      "properties": {
        "id": "IDFM:425007",
        "name": "Primevères",
        "code": "",
        "territories": [
          "TàD Roissy Sud"
        ],
        "routes": [
          "TàD"
        ]
      }
    },
    {
      "type": "Feature",
      "geometry": {
        "type": "Point",
        "coordinates": [
          2.5194380953264157,
          48.939951172429666
        ]
      },
      "properties": {
        "id": "IDFM:40568",
        "name": "Primevères",
        "code": "",
        "territories": [
          "TàD Roissy Sud"
        ],
        "routes": [
          "TàD"
        ]
      }
    },
    {
      "type": "Feature",
      "geometry": {
        "type": "Point",
        "coordinates": [
          3.233615277592536,
          48.84809554389993
        ]
      },
      "properties": {
        "id": "IDFM:6588",
        "name": "Promenade du Nord",
        "code": "",
        "territories": [
          "TàD 2429"
        ],
        "routes": [
          "TàD 2429"
        ]
      }
    },
    {
      "type": "Feature",
      "geometry": {
        "type": "Point",
        "coordinates": [
          3.2335602876448277,
          48.847987731449244
        ]
      },
      "properties": {
        "id": "IDFM:477710",
        "name": "Promenade du Nord",
        "code": "",
        "territories": [
          "TàD 2429"
        ],
        "routes": [
          "TàD 2429"
        ]
      }
    },
    {
      "type": "Feature",
      "geometry": {
        "type": "Point",
        "coordinates": [
          2.365780107356981,
          48.44065597693874
        ]
      },
      "properties": {
        "id": "IDFM:463467",
        "name": "Provenchères",
        "code": "",
        "territories": [
          "TàD 4305",
          "TàD 4344"
        ],
        "routes": [
          "TàD 4305",
          "TàD 4344"
        ]
      }
    },
    {
      "type": "Feature",
      "geometry": {
        "type": "Point",
        "coordinates": [
          2.365265132802155,
          48.4407521865121
        ]
      },
      "properties": {
        "id": "IDFM:463465",
        "name": "Provenchères",
        "code": "",
        "territories": [
          "TàD 4305",
          "TàD 4344"
        ],
        "routes": [
          "TàD 4305",
          "TàD 4344"
        ]
      }
    },
    {
      "type": "Feature",
      "geometry": {
        "type": "Point",
        "coordinates": [
          1.9047177488675289,
          48.965767805588996
        ]
      },
      "properties": {
        "id": "IDFM:32456",
        "name": "Pré Seigneur",
        "code": "",
        "territories": [
          "TàD Sud Meulan - Les Mureaux"
        ],
        "routes": [
          "TàD"
        ]
      }
    },
    {
      "type": "Feature",
      "geometry": {
        "type": "Point",
        "coordinates": [
          1.904567880231184,
          48.96445343257606
        ]
      },
      "properties": {
        "id": "IDFM:32455",
        "name": "Pré Seigneur",
        "code": "",
        "territories": [
          "TàD Sud Meulan - Les Mureaux"
        ],
        "routes": [
          "TàD"
        ]
      }
    },
    {
      "type": "Feature",
      "geometry": {
        "type": "Point",
        "coordinates": [
          2.401442826144807,
          49.00840146492465
        ]
      },
      "properties": {
        "id": "IDFM:28349",
        "name": "Puits La Marlière",
        "code": "",
        "territories": [
          "TàD Roissy Villiers-le-Bel"
        ],
        "routes": [
          "TàD"
        ]
      }
    },
    {
      "type": "Feature",
      "geometry": {
        "type": "Point",
        "coordinates": [
          2.4012361435045317,
          49.00854430933963
        ]
      },
      "properties": {
        "id": "IDFM:38211",
        "name": "Puits La Marlière",
        "code": "",
        "territories": [
          "TàD Roissy Villiers-le-Bel"
        ],
        "routes": [
          "TàD"
        ]
      }
    },
    {
      "type": "Feature",
      "geometry": {
        "type": "Point",
        "coordinates": [
          2.637113322742562,
          48.86689304264809
        ]
      },
      "properties": {
        "id": "IDFM:16795",
        "name": "Pêcheurs",
        "code": "",
        "territories": [
          "TàD Bassin Chellois",
          "TàD Desserte Hôpital",
          "TàD Dimanche"
        ],
        "routes": [
          "TàD",
          "TàD",
          "TàD"
        ]
      }
    },
    {
      "type": "Feature",
      "geometry": {
        "type": "Point",
        "coordinates": [
          2.195311387475844,
          48.78246147819969
        ]
      },
      "properties": {
        "id": "IDFM:12710",
        "name": "Rabourdin",
        "code": "",
        "territories": [
          "TàD 6131"
        ],
        "routes": [
          "TàD 6131"
        ]
      }
    },
    {
      "type": "Feature",
      "geometry": {
        "type": "Point",
        "coordinates": [
          2.041050138584292,
          49.172773060038
        ]
      },
      "properties": {
        "id": "IDFM:29532",
        "name": "Rayon",
        "code": "",
        "territories": [
          "TàD Vexin Est"
        ],
        "routes": [
          "TàD"
        ]
      }
    },
    {
      "type": "Feature",
      "geometry": {
        "type": "Point",
        "coordinates": [
          2.422039311260154,
          49.06884723361608
        ]
      },
      "properties": {
        "id": "IDFM:38638",
        "name": "Regnault",
        "code": "",
        "territories": [
          "TàD Luzarches - Goussainville"
        ],
        "routes": [
          "TàD"
        ]
      }
    },
    {
      "type": "Feature",
      "geometry": {
        "type": "Point",
        "coordinates": [
          2.0777424252263548,
          49.14296593167125
        ]
      },
      "properties": {
        "id": "IDFM:29514",
        "name": "Rhus",
        "code": "",
        "territories": [
          "TàD Vexin Est"
        ],
        "routes": [
          "TàD"
        ]
      }
    },
    {
      "type": "Feature",
      "geometry": {
        "type": "Point",
        "coordinates": [
          1.97899412485487,
          49.09301081402893
        ]
      },
      "properties": {
        "id": "IDFM:416965",
        "name": "Rives de la Viosne",
        "code": "",
        "territories": [
          "TàD Vexin Est"
        ],
        "routes": [
          "TàD"
        ]
      }
    },
    {
      "type": "Feature",
      "geometry": {
        "type": "Point",
        "coordinates": [
          2.6770184409045976,
          49.063913547533986
        ]
      },
      "properties": {
        "id": "IDFM:481046",
        "name": "Robert Badinter",
        "code": "",
        "territories": [
          "TàD Goêle"
        ],
        "routes": [
          "TàD"
        ]
      }
    },
    {
      "type": "Feature",
      "geometry": {
        "type": "Point",
        "coordinates": [
          2.1788190584637364,
          48.78484967707297
        ]
      },
      "properties": {
        "id": "IDFM:12701",
        "name": "Robert Wagner",
        "code": "",
        "territories": [
          "TàD 6131"
        ],
        "routes": [
          "TàD 6131"
        ]
      }
    },
    {
      "type": "Feature",
      "geometry": {
        "type": "Point",
        "coordinates": [
          2.1786500832770477,
          48.78520828639109
        ]
      },
      "properties": {
        "id": "IDFM:12700",
        "name": "Robert Wagner",
        "code": "",
        "territories": [
          "TàD 6131"
        ],
        "routes": [
          "TàD 6131"
        ]
      }
    },
    {
      "type": "Feature",
      "geometry": {
        "type": "Point",
        "coordinates": [
          2.916311635675021,
          48.97137849135733
        ]
      },
      "properties": {
        "id": "IDFM:485743",
        "name": "Rochelles",
        "code": "",
        "territories": [
          "TàD ZI Poincy"
        ],
        "routes": [
          "TàD"
        ]
      }
    },
    {
      "type": "Feature",
      "geometry": {
        "type": "Point",
        "coordinates": [
          2.240851589577358,
          48.356690967714144
        ]
      },
      "properties": {
        "id": "IDFM:7374",
        "name": "Roinvilliers",
        "code": "",
        "territories": [
          "TàD 4342"
        ],
        "routes": [
          "TàD 4342"
        ]
      }
    },
    {
      "type": "Feature",
      "geometry": {
        "type": "Point",
        "coordinates": [
          2.2409202512042294,
          48.35661043178298
        ]
      },
      "properties": {
        "id": "IDFM:7375",
        "name": "Roinvilliers",
        "code": "",
        "territories": [
          "TàD 4342"
        ],
        "routes": [
          "TàD 4342"
        ]
      }
    },
    {
      "type": "Feature",
      "geometry": {
        "type": "Point",
        "coordinates": [
          2.5063797026870533,
          49.005533813914916
        ]
      },
      "properties": {
        "id": "IDFM:38730",
        "name": "Roissy Parc",
        "code": "",
        "territories": [
          "TàD Roissy Goussainville"
        ],
        "routes": [
          "TàD"
        ]
      }
    },
    {
      "type": "Feature",
      "geometry": {
        "type": "Point",
        "coordinates": [
          2.5063403232456376,
          49.005362801146234
        ]
      },
      "properties": {
        "id": "IDFM:38016",
        "name": "Roissy Parc",
        "code": "",
        "territories": [
          "TàD Roissy Goussainville",
          "TàD Roissy Sarcelles"
        ],
        "routes": [
          "TàD",
          "TàD"
        ]
      }
    },
    {
      "type": "Feature",
      "geometry": {
        "type": "Point",
        "coordinates": [
          2.559796105702373,
          49.01022866683935
        ]
      },
      "properties": {
        "id": "IDFM:426791",
        "name": "Roissypôle - Aéroport CDG1 (B1)",
        "code": "",
        "territories": [
          "TàD Roissy Othis"
        ],
        "routes": [
          "TàD"
        ]
      }
    },
    {
      "type": "Feature",
      "geometry": {
        "type": "Point",
        "coordinates": [
          2.559372520906649,
          49.010209128528416
        ]
      },
      "properties": {
        "id": "IDFM:477638",
        "name": "Roissypôle - Aéroport CDG1 (B3)",
        "code": "",
        "territories": [
          "TàD Roissy Goussainville"
        ],
        "routes": [
          "TàD"
        ]
      }
    },
    {
      "type": "Feature",
      "geometry": {
        "type": "Point",
        "coordinates": [
          2.559576487657948,
          49.01033576607535
        ]
      },
      "properties": {
        "id": "IDFM:426814",
        "name": "Roissypôle - Aéroport CDG1 (C2)",
        "code": "",
        "territories": [
          "TàD Roissy Sud"
        ],
        "routes": [
          "TàD"
        ]
      }
    },
    {
      "type": "Feature",
      "geometry": {
        "type": "Point",
        "coordinates": [
          2.5595346419988583,
          49.010434525297
        ]
      },
      "properties": {
        "id": "IDFM:13071",
        "name": "Roissypôle - Aéroport CDG1 (D2)",
        "code": "",
        "territories": [
          "TàD Roissy Villiers-le-Bel"
        ],
        "routes": [
          "TàD"
        ]
      }
    },
    {
      "type": "Feature",
      "geometry": {
        "type": "Point",
        "coordinates": [
          2.559302574140099,
          49.01039770522524
        ]
      },
      "properties": {
        "id": "IDFM:13070",
        "name": "Roissypôle - Aéroport CDG1 (D3)",
        "code": "",
        "territories": [
          "TàD Roissy Juilly"
        ],
        "routes": [
          "TàD"
        ]
      }
    },
    {
      "type": "Feature",
      "geometry": {
        "type": "Point",
        "coordinates": [
          2.4642346521689076,
          49.0193628054703
        ]
      },
      "properties": {
        "id": "IDFM:35045",
        "name": "Rond-Point / Carrefour de l'Europe",
        "code": "",
        "territories": [
          "TàD Luzarches - Goussainville"
        ],
        "routes": [
          "TàD"
        ]
      }
    },
    {
      "type": "Feature",
      "geometry": {
        "type": "Point",
        "coordinates": [
          2.4430919924490686,
          48.534055958784364
        ]
      },
      "properties": {
        "id": "IDFM:426746",
        "name": "Rond-Point des Cèdres",
        "code": "",
        "territories": [
          "TàD 4308",
          "TàD 4318"
        ],
        "routes": [
          "TàD 4308",
          "TàD 4318"
        ]
      }
    },
    {
      "type": "Feature",
      "geometry": {
        "type": "Point",
        "coordinates": [
          2.588155157816066,
          48.90394802784255
        ]
      },
      "properties": {
        "id": "IDFM:16819",
        "name": "Rond-Point des Sciences",
        "code": "",
        "territories": [
          "TàD Bassin Chellois",
          "TàD Desserte Hôpital",
          "TàD Dimanche"
        ],
        "routes": [
          "TàD",
          "TàD",
          "TàD"
        ]
      }
    },
    {
      "type": "Feature",
      "geometry": {
        "type": "Point",
        "coordinates": [
          2.4220064796913396,
          48.97597701010256
        ]
      },
      "properties": {
        "id": "IDFM:22528",
        "name": "Rond-Point du Christ",
        "code": "",
        "territories": [
          "TàD Roissy Sarcelles"
        ],
        "routes": [
          "TàD"
        ]
      }
    },
    {
      "type": "Feature",
      "geometry": {
        "type": "Point",
        "coordinates": [
          2.4223212543931725,
          48.97592457168865
        ]
      },
      "properties": {
        "id": "IDFM:28306",
        "name": "Rond-Point du Christ",
        "code": "",
        "territories": [
          "TàD Roissy Sarcelles"
        ],
        "routes": [
          "TàD"
        ]
      }
    },
    {
      "type": "Feature",
      "geometry": {
        "type": "Point",
        "coordinates": [
          2.563359718984363,
          48.95705226264792
        ]
      },
      "properties": {
        "id": "IDFM:38135",
        "name": "Ronsard",
        "code": "",
        "territories": [
          "TàD Roissy Sud"
        ],
        "routes": [
          "TàD"
        ]
      }
    },
    {
      "type": "Feature",
      "geometry": {
        "type": "Point",
        "coordinates": [
          2.5632236979942755,
          48.95698881961285
        ]
      },
      "properties": {
        "id": "IDFM:40681",
        "name": "Ronsard",
        "code": "",
        "territories": [
          "TàD Roissy Sud"
        ],
        "routes": [
          "TàD"
        ]
      }
    },
    {
      "type": "Feature",
      "geometry": {
        "type": "Point",
        "coordinates": [
          2.672271909399579,
          49.063657924217516
        ]
      },
      "properties": {
        "id": "IDFM:481048",
        "name": "Rosa Parks",
        "code": "",
        "territories": [
          "TàD Goêle"
        ],
        "routes": [
          "TàD"
        ]
      }
    },
    {
      "type": "Feature",
      "geometry": {
        "type": "Point",
        "coordinates": [
          2.155270435405045,
          48.433487257876955
        ]
      },
      "properties": {
        "id": "IDFM:3055",
        "name": "Rotonde",
        "code": "",
        "territories": [
          "TàD 4344"
        ],
        "routes": [
          "TàD 4344"
        ]
      }
    },
    {
      "type": "Feature",
      "geometry": {
        "type": "Point",
        "coordinates": [
          2.155055444244686,
          48.433404755035184
        ]
      },
      "properties": {
        "id": "IDFM:2765",
        "name": "Rotonde",
        "code": "",
        "territories": [
          "TàD 4342",
          "TàD 4344"
        ],
        "routes": [
          "TàD 4342",
          "TàD 4344"
        ]
      }
    },
    {
      "type": "Feature",
      "geometry": {
        "type": "Point",
        "coordinates": [
          2.3899387597353643,
          48.42120587978477
        ]
      },
      "properties": {
        "id": "IDFM:12923",
        "name": "Rousset - Audigers",
        "code": "",
        "territories": [
          "TàD 4344"
        ],
        "routes": [
          "TàD 4344"
        ]
      }
    },
    {
      "type": "Feature",
      "geometry": {
        "type": "Point",
        "coordinates": [
          2.68549443797086,
          49.06067209639426
        ]
      },
      "properties": {
        "id": "IDFM:37985",
        "name": "Route d'Eve",
        "code": "",
        "territories": [
          "TàD Goêle",
          "TàD Roissy Othis"
        ],
        "routes": [
          "TàD",
          "TàD"
        ]
      }
    },
    {
      "type": "Feature",
      "geometry": {
        "type": "Point",
        "coordinates": [
          2.6861921828898616,
          49.060682912247465
        ]
      },
      "properties": {
        "id": "IDFM:423559",
        "name": "Route d'Eve",
        "code": "",
        "territories": [
          "TàD Goêle",
          "TàD Roissy Othis"
        ],
        "routes": [
          "TàD",
          "TàD"
        ]
      }
    },
    {
      "type": "Feature",
      "geometry": {
        "type": "Point",
        "coordinates": [
          1.9388366435910975,
          48.96513029533733
        ]
      },
      "properties": {
        "id": "IDFM:13612",
        "name": "Route de Brezolles",
        "code": "",
        "territories": [
          "TàD Sud Meulan - Les Mureaux"
        ],
        "routes": [
          "TàD"
        ]
      }
    },
    {
      "type": "Feature",
      "geometry": {
        "type": "Point",
        "coordinates": [
          1.908510131455276,
          49.11301021903042
        ]
      },
      "properties": {
        "id": "IDFM:32938",
        "name": "Route de Commeny",
        "code": "",
        "territories": [
          "TàD Vexin Est"
        ],
        "routes": [
          "TàD"
        ]
      }
    },
    {
      "type": "Feature",
      "geometry": {
        "type": "Point",
        "coordinates": [
          2.4849102972351105,
          48.95143528899703
        ]
      },
      "properties": {
        "id": "IDFM:18828",
        "name": "Route de Gonesse",
        "code": "",
        "territories": [
          "TàD Roissy Sud"
        ],
        "routes": [
          "TàD"
        ]
      }
    },
    {
      "type": "Feature",
      "geometry": {
        "type": "Point",
        "coordinates": [
          2.37862647191638,
          48.37311266905073
        ]
      },
      "properties": {
        "id": "IDFM:7315",
        "name": "Route de Maisse",
        "code": "",
        "territories": [
          "TàD 4342",
          "TàD 4343"
        ],
        "routes": [
          "TàD 4342",
          "TàD 4343"
        ]
      }
    },
    {
      "type": "Feature",
      "geometry": {
        "type": "Point",
        "coordinates": [
          2.5005162099158778,
          49.058112321507444
        ]
      },
      "properties": {
        "id": "IDFM:415667",
        "name": "Route de Marly",
        "code": "",
        "territories": [
          "TàD Roissy Fosses"
        ],
        "routes": [
          "TàD"
        ]
      }
    },
    {
      "type": "Feature",
      "geometry": {
        "type": "Point",
        "coordinates": [
          2.5377097506038098,
          48.96377243428501
        ]
      },
      "properties": {
        "id": "IDFM:38180",
        "name": "Route de Tremblay",
        "code": "",
        "territories": [
          "TàD Roissy Sud"
        ],
        "routes": [
          "TàD"
        ]
      }
    },
    {
      "type": "Feature",
      "geometry": {
        "type": "Point",
        "coordinates": [
          2.2812698416173633,
          49.016842215916256
        ]
      },
      "properties": {
        "id": "IDFM:13258",
        "name": "Route des Parquets",
        "code": "",
        "territories": [
          "TàD Eaubonne Domont"
        ],
        "routes": [
          "TàD"
        ]
      }
    },
    {
      "type": "Feature",
      "geometry": {
        "type": "Point",
        "coordinates": [
          2.531997136875668,
          48.953282975333416
        ]
      },
      "properties": {
        "id": "IDFM:40753",
        "name": "Rue / Route de Sevran",
        "code": "",
        "territories": [
          "TàD Roissy Sud"
        ],
        "routes": [
          "TàD"
        ]
      }
    },
    {
      "type": "Feature",
      "geometry": {
        "type": "Point",
        "coordinates": [
          2.5320826814024886,
          48.953184390936876
        ]
      },
      "properties": {
        "id": "IDFM:40754",
        "name": "Rue / Route de Sevran",
        "code": "",
        "territories": [
          "TàD Roissy Sud"
        ],
        "routes": [
          "TàD"
        ]
      }
    },
    {
      "type": "Feature",
      "geometry": {
        "type": "Point",
        "coordinates": [
          2.7069418760821486,
          49.01342065685364
        ]
      },
      "properties": {
        "id": "IDFM:38264",
        "name": "Rue Barre",
        "code": "",
        "territories": [
          "TàD Goêle"
        ],
        "routes": [
          "TàD"
        ]
      }
    },
    {
      "type": "Feature",
      "geometry": {
        "type": "Point",
        "coordinates": [
          2.7066030744353085,
          49.01289829511063
        ]
      },
      "properties": {
        "id": "IDFM:422943",
        "name": "Rue Barre",
        "code": "",
        "territories": [
          "TàD Goêle"
        ],
        "routes": [
          "TàD"
        ]
      }
    },
    {
      "type": "Feature",
      "geometry": {
        "type": "Point",
        "coordinates": [
          2.7003473355059593,
          49.03807804871405
        ]
      },
      "properties": {
        "id": "IDFM:495050",
        "name": "Rue Curie",
        "code": "",
        "territories": [
          "TàD Goêle"
        ],
        "routes": [
          "TàD"
        ]
      }
    },
    {
      "type": "Feature",
      "geometry": {
        "type": "Point",
        "coordinates": [
          2.70019699902849,
          49.03805969001988
        ]
      },
      "properties": {
        "id": "IDFM:38361",
        "name": "Rue Curie",
        "code": "",
        "territories": [
          "TàD Goêle"
        ],
        "routes": [
          "TàD"
        ]
      }
    },
    {
      "type": "Feature",
      "geometry": {
        "type": "Point",
        "coordinates": [
          2.820483392533613,
          49.073330841797436
        ]
      },
      "properties": {
        "id": "IDFM:415817",
        "name": "Rue de Condé",
        "code": "",
        "territories": [
          "TàD Roissy Saint-Pathus"
        ],
        "routes": [
          "TàD"
        ]
      }
    },
    {
      "type": "Feature",
      "geometry": {
        "type": "Point",
        "coordinates": [
          2.0225442430755387,
          48.90727781519693
        ]
      },
      "properties": {
        "id": "IDFM:34540",
        "name": "Rue de Feucherolles",
        "code": "",
        "territories": [
          "TàD Aigremont - Chambourcy"
        ],
        "routes": [
          "TàD"
        ]
      }
    },
    {
      "type": "Feature",
      "geometry": {
        "type": "Point",
        "coordinates": [
          2.5722620688532416,
          48.94222861661636
        ]
      },
      "properties": {
        "id": "IDFM:19165",
        "name": "Rue de Flandres",
        "code": "",
        "territories": [
          "TàD Roissy Sud"
        ],
        "routes": [
          "TàD"
        ]
      }
    },
    {
      "type": "Feature",
      "geometry": {
        "type": "Point",
        "coordinates": [
          1.9310388439292416,
          49.05968996056406
        ]
      },
      "properties": {
        "id": "IDFM:32634",
        "name": "Rue de l'Aubette",
        "code": "",
        "territories": [
          "TàD Vexin Est"
        ],
        "routes": [
          "TàD"
        ]
      }
    },
    {
      "type": "Feature",
      "geometry": {
        "type": "Point",
        "coordinates": [
          1.875085920093301,
          49.04746355752579
        ]
      },
      "properties": {
        "id": "IDFM:32830",
        "name": "Rue de l'Aulnaie",
        "code": "",
        "territories": [
          "TàD Nord Meulan - Les Mureaux"
        ],
        "routes": [
          "TàD"
        ]
      }
    },
    {
      "type": "Feature",
      "geometry": {
        "type": "Point",
        "coordinates": [
          1.8750579803250298,
          49.04749027343503
        ]
      },
      "properties": {
        "id": "IDFM:490497",
        "name": "Rue de l'Aulnaie",
        "code": "",
        "territories": [
          "TàD Nord Meulan - Les Mureaux"
        ],
        "routes": [
          "TàD"
        ]
      }
    },
    {
      "type": "Feature",
      "geometry": {
        "type": "Point",
        "coordinates": [
          2.8046408136072722,
          49.06820799018499
        ]
      },
      "properties": {
        "id": "IDFM:38386",
        "name": "Rue de l'Yonne",
        "code": "",
        "territories": [
          "TàD Roissy Saint-Pathus"
        ],
        "routes": [
          "TàD"
        ]
      }
    },
    {
      "type": "Feature",
      "geometry": {
        "type": "Point",
        "coordinates": [
          2.8043127951453206,
          49.06809955899455
        ]
      },
      "properties": {
        "id": "IDFM:38387",
        "name": "Rue de l'Yonne",
        "code": "",
        "territories": [
          "TàD Roissy Saint-Pathus"
        ],
        "routes": [
          "TàD"
        ]
      }
    },
    {
      "type": "Feature",
      "geometry": {
        "type": "Point",
        "coordinates": [
          2.504563666076841,
          49.098492012836886
        ]
      },
      "properties": {
        "id": "IDFM:38708",
        "name": "Rue de l'Épine",
        "code": "",
        "territories": [
          "TàD Roissy Fosses"
        ],
        "routes": [
          "TàD"
        ]
      }
    },
    {
      "type": "Feature",
      "geometry": {
        "type": "Point",
        "coordinates": [
          2.5051094644545517,
          49.09869206987341
        ]
      },
      "properties": {
        "id": "IDFM:419716",
        "name": "Rue de l'Épine",
        "code": "",
        "territories": [
          "TàD Roissy Fosses"
        ],
        "routes": [
          "TàD"
        ]
      }
    },
    {
      "type": "Feature",
      "geometry": {
        "type": "Point",
        "coordinates": [
          2.5295272848741326,
          48.98962966107927
        ]
      },
      "properties": {
        "id": "IDFM:413744",
        "name": "Rue de la Belle Borne",
        "code": "",
        "territories": [
          "TàD Roissy Sud"
        ],
        "routes": [
          "TàD"
        ]
      }
    },
    {
      "type": "Feature",
      "geometry": {
        "type": "Point",
        "coordinates": [
          2.584655154075165,
          49.012628214188815
        ]
      },
      "properties": {
        "id": "IDFM:474153",
        "name": "Rue de la Fossette",
        "code": "",
        "territories": [
          "TàD Roissy Juilly",
          "TàD Roissy Othis",
          "TàD Roissy Saint-Pathus"
        ],
        "routes": [
          "TàD",
          "TàD",
          "TàD"
        ]
      }
    },
    {
      "type": "Feature",
      "geometry": {
        "type": "Point",
        "coordinates": [
          2.5865288202963934,
          49.01251778609537
        ]
      },
      "properties": {
        "id": "IDFM:426877",
        "name": "Rue de la Fossette",
        "code": "",
        "territories": [
          "TàD Roissy Juilly",
          "TàD Roissy Othis",
          "TàD Roissy Saint-Pathus"
        ],
        "routes": [
          "TàD",
          "TàD",
          "TàD"
        ]
      }
    },
    {
      "type": "Feature",
      "geometry": {
        "type": "Point",
        "coordinates": [
          1.9313644226185545,
          48.9638498665514
        ]
      },
      "properties": {
        "id": "IDFM:13615",
        "name": "Rue de la Garenne",
        "code": "",
        "territories": [
          "TàD Sud Meulan - Les Mureaux"
        ],
        "routes": [
          "TàD"
        ]
      }
    },
    {
      "type": "Feature",
      "geometry": {
        "type": "Point",
        "coordinates": [
          2.527451847381977,
          48.993973753602994
        ]
      },
      "properties": {
        "id": "IDFM:39222",
        "name": "Rue de la Jeune Fille",
        "code": "",
        "territories": [
          "TàD Roissy Goussainville",
          "TàD Roissy Sarcelles",
          "TàD Roissy Villiers-le-Bel"
        ],
        "routes": [
          "TàD",
          "TàD",
          "TàD"
        ]
      }
    },
    {
      "type": "Feature",
      "geometry": {
        "type": "Point",
        "coordinates": [
          1.8714835323136343,
          48.966502870326124
        ]
      },
      "properties": {
        "id": "IDFM:32577",
        "name": "Rue de Meulan",
        "code": "",
        "territories": [
          "TàD Sud Meulan - Les Mureaux"
        ],
        "routes": [
          "TàD"
        ]
      }
    },
    {
      "type": "Feature",
      "geometry": {
        "type": "Point",
        "coordinates": [
          2.2896044446361725,
          48.64333559399182
        ]
      },
      "properties": {
        "id": "IDFM:3179",
        "name": "Rue de Paris",
        "code": "",
        "territories": [
          "TàD 4595"
        ],
        "routes": [
          "TàD 4595"
        ]
      }
    },
    {
      "type": "Feature",
      "geometry": {
        "type": "Point",
        "coordinates": [
          2.2896987213385893,
          48.64339012745536
        ]
      },
      "properties": {
        "id": "IDFM:483683",
        "name": "Rue de Paris",
        "code": "",
        "territories": [
          "TàD 4595"
        ],
        "routes": [
          "TàD 4595"
        ]
      }
    },
    {
      "type": "Feature",
      "geometry": {
        "type": "Point",
        "coordinates": [
          2.112851398012607,
          49.13756528863777
        ]
      },
      "properties": {
        "id": "IDFM:29598",
        "name": "Rue de Pontoise",
        "code": "",
        "territories": [
          "TàD Vexin Est"
        ],
        "routes": [
          "TàD"
        ]
      }
    },
    {
      "type": "Feature",
      "geometry": {
        "type": "Point",
        "coordinates": [
          2.2851766840984844,
          49.01012133888122
        ]
      },
      "properties": {
        "id": "IDFM:13259",
        "name": "Rue de Saint-Prix",
        "code": "",
        "territories": [
          "TàD Eaubonne Domont"
        ],
        "routes": [
          "TàD"
        ]
      }
    },
    {
      "type": "Feature",
      "geometry": {
        "type": "Point",
        "coordinates": [
          1.9430704788913908,
          49.04374664283534
        ]
      },
      "properties": {
        "id": "IDFM:413546",
        "name": "Rue des Aulnes",
        "code": "",
        "territories": [
          "TàD Vexin Est"
        ],
        "routes": [
          "TàD"
        ]
      }
    },
    {
      "type": "Feature",
      "geometry": {
        "type": "Point",
        "coordinates": [
          1.9433181248658173,
          49.04367688220113
        ]
      },
      "properties": {
        "id": "IDFM:32491",
        "name": "Rue des Aulnes",
        "code": "",
        "territories": [
          "TàD Vexin Est"
        ],
        "routes": [
          "TàD"
        ]
      }
    },
    {
      "type": "Feature",
      "geometry": {
        "type": "Point",
        "coordinates": [
          2.3618779905816423,
          48.43351870828225
        ]
      },
      "properties": {
        "id": "IDFM:37109",
        "name": "Rue des Barreaux",
        "code": "",
        "territories": [
          "TàD 4305",
          "TàD 4344"
        ],
        "routes": [
          "TàD 4305",
          "TàD 4344"
        ]
      }
    },
    {
      "type": "Feature",
      "geometry": {
        "type": "Point",
        "coordinates": [
          2.361620043112788,
          48.43360728753741
        ]
      },
      "properties": {
        "id": "IDFM:7393",
        "name": "Rue des Barreaux",
        "code": "",
        "territories": [
          "TàD 4305",
          "TàD 4344"
        ],
        "routes": [
          "TàD 4305",
          "TàD 4344"
        ]
      }
    },
    {
      "type": "Feature",
      "geometry": {
        "type": "Point",
        "coordinates": [
          2.792715167294788,
          49.080101631054156
        ]
      },
      "properties": {
        "id": "IDFM:38371",
        "name": "Rue des Bouleaux",
        "code": "",
        "territories": [
          "TàD Roissy Saint-Pathus"
        ],
        "routes": [
          "TàD"
        ]
      }
    },
    {
      "type": "Feature",
      "geometry": {
        "type": "Point",
        "coordinates": [
          2.0684278479388487,
          49.08782037951998
        ]
      },
      "properties": {
        "id": "IDFM:29588",
        "name": "Rue des Fossettes",
        "code": "",
        "territories": [
          "TàD Vexin Est"
        ],
        "routes": [
          "TàD"
        ]
      }
    },
    {
      "type": "Feature",
      "geometry": {
        "type": "Point",
        "coordinates": [
          2.068123466417309,
          49.08799785819349
        ]
      },
      "properties": {
        "id": "IDFM:29571",
        "name": "Rue des Fossettes",
        "code": "",
        "territories": [
          "TàD Vexin Est"
        ],
        "routes": [
          "TàD"
        ]
      }
    },
    {
      "type": "Feature",
      "geometry": {
        "type": "Point",
        "coordinates": [
          2.504546271786094,
          49.083116628489236
        ]
      },
      "properties": {
        "id": "IDFM:38669",
        "name": "Rue des Prés",
        "code": "",
        "territories": [
          "TàD Roissy Fosses"
        ],
        "routes": [
          "TàD"
        ]
      }
    },
    {
      "type": "Feature",
      "geometry": {
        "type": "Point",
        "coordinates": [
          2.504696755009466,
          49.083126240095
        ]
      },
      "properties": {
        "id": "IDFM:419586",
        "name": "Rue des Prés",
        "code": "",
        "territories": [
          "TàD Roissy Fosses"
        ],
        "routes": [
          "TàD"
        ]
      }
    },
    {
      "type": "Feature",
      "geometry": {
        "type": "Point",
        "coordinates": [
          2.526689276894614,
          48.990679586425124
        ]
      },
      "properties": {
        "id": "IDFM:424477",
        "name": "Rue des Rossignols",
        "code": "",
        "territories": [
          "TàD Roissy Goussainville",
          "TàD Roissy Sarcelles",
          "TàD Roissy Villiers-le-Bel"
        ],
        "routes": [
          "TàD",
          "TàD",
          "TàD"
        ]
      }
    },
    {
      "type": "Feature",
      "geometry": {
        "type": "Point",
        "coordinates": [
          2.376504058694332,
          48.42002043184065
        ]
      },
      "properties": {
        "id": "IDFM:9256",
        "name": "Rue des Sablons",
        "code": "",
        "territories": [
          "TàD 4342"
        ],
        "routes": [
          "TàD 4342"
        ]
      }
    },
    {
      "type": "Feature",
      "geometry": {
        "type": "Point",
        "coordinates": [
          2.3764345614895777,
          48.42018200811614
        ]
      },
      "properties": {
        "id": "IDFM:9255",
        "name": "Rue des Sablons",
        "code": "",
        "territories": [
          "TàD 4342",
          "TàD 4343"
        ],
        "routes": [
          "TàD 4342",
          "TàD 4343"
        ]
      }
    },
    {
      "type": "Feature",
      "geometry": {
        "type": "Point",
        "coordinates": [
          1.8942019119438387,
          49.003585914813485
        ]
      },
      "properties": {
        "id": "IDFM:32614",
        "name": "Rue des Saules",
        "code": "",
        "territories": [
          "TàD Nord Meulan - Les Mureaux"
        ],
        "routes": [
          "TàD"
        ]
      }
    },
    {
      "type": "Feature",
      "geometry": {
        "type": "Point",
        "coordinates": [
          1.894433278402269,
          49.003633010769214
        ]
      },
      "properties": {
        "id": "IDFM:32615",
        "name": "Rue des Saules",
        "code": "",
        "territories": [
          "TàD Nord Meulan - Les Mureaux"
        ],
        "routes": [
          "TàD"
        ]
      }
    },
    {
      "type": "Feature",
      "geometry": {
        "type": "Point",
        "coordinates": [
          2.548334321254883,
          49.00472787970376
        ]
      },
      "properties": {
        "id": "IDFM:19565",
        "name": "Rue des Vignes",
        "code": "",
        "territories": [
          "TàD Roissy Goussainville",
          "TàD Roissy Sarcelles",
          "TàD Roissy Sud",
          "TàD Roissy Villiers-le-Bel"
        ],
        "routes": [
          "TàD",
          "TàD",
          "TàD",
          "TàD"
        ]
      }
    },
    {
      "type": "Feature",
      "geometry": {
        "type": "Point",
        "coordinates": [
          2.547926018101929,
          49.00452851569328
        ]
      },
      "properties": {
        "id": "IDFM:470644",
        "name": "Rue des Vignes",
        "code": "",
        "territories": [
          "TàD Roissy Sud"
        ],
        "routes": [
          "TàD"
        ]
      }
    },
    {
      "type": "Feature",
      "geometry": {
        "type": "Point",
        "coordinates": [
          2.8101719070318207,
          49.07124697094016
        ]
      },
      "properties": {
        "id": "IDFM:423738",
        "name": "Rue du 26 Août 1944",
        "code": "",
        "territories": [
          "TàD Roissy Saint-Pathus"
        ],
        "routes": [
          "TàD"
        ]
      }
    },
    {
      "type": "Feature",
      "geometry": {
        "type": "Point",
        "coordinates": [
          2.607991728526634,
          48.87833047490673
        ]
      },
      "properties": {
        "id": "IDFM:16830",
        "name": "Rue du Chelléen",
        "code": "",
        "territories": [
          "TàD Bassin Chellois",
          "TàD Desserte Hôpital",
          "TàD Dimanche"
        ],
        "routes": [
          "TàD",
          "TàD",
          "TàD"
        ]
      }
    },
    {
      "type": "Feature",
      "geometry": {
        "type": "Point",
        "coordinates": [
          2.608638558351804,
          48.877532201197766
        ]
      },
      "properties": {
        "id": "IDFM:16829",
        "name": "Rue du Chelléen",
        "code": "",
        "territories": [
          "TàD Bassin Chellois",
          "TàD Desserte Hôpital",
          "TàD Dimanche"
        ],
        "routes": [
          "TàD",
          "TàD",
          "TàD"
        ]
      }
    },
    {
      "type": "Feature",
      "geometry": {
        "type": "Point",
        "coordinates": [
          2.535738527124495,
          49.002521703538584
        ]
      },
      "properties": {
        "id": "IDFM:423136",
        "name": "Rue du Châpitre",
        "code": "",
        "territories": [
          "TàD Roissy Sud"
        ],
        "routes": [
          "TàD"
        ]
      }
    },
    {
      "type": "Feature",
      "geometry": {
        "type": "Point",
        "coordinates": [
          2.534672106657761,
          49.00256253427742
        ]
      },
      "properties": {
        "id": "IDFM:41795",
        "name": "Rue du Châpitre",
        "code": "",
        "territories": [
          "TàD Roissy Goussainville",
          "TàD Roissy Sarcelles",
          "TàD Roissy Sud",
          "TàD Roissy Villiers-le-Bel"
        ],
        "routes": [
          "TàD",
          "TàD",
          "TàD",
          "TàD"
        ]
      }
    },
    {
      "type": "Feature",
      "geometry": {
        "type": "Point",
        "coordinates": [
          2.2801676732182274,
          49.00956085812012
        ]
      },
      "properties": {
        "id": "IDFM:13261",
        "name": "Rue du Cimetière",
        "code": "",
        "territories": [
          "TàD Eaubonne Domont"
        ],
        "routes": [
          "TàD"
        ]
      }
    },
    {
      "type": "Feature",
      "geometry": {
        "type": "Point",
        "coordinates": [
          2.3770705380840003,
          48.400734225530464
        ]
      },
      "properties": {
        "id": "IDFM:37343",
        "name": "Rue du Clos Noyer",
        "code": "",
        "territories": [
          "TàD 4343"
        ],
        "routes": [
          "TàD 4343"
        ]
      }
    },
    {
      "type": "Feature",
      "geometry": {
        "type": "Point",
        "coordinates": [
          2.379291586165563,
          48.41402520627192
        ]
      },
      "properties": {
        "id": "IDFM:9257",
        "name": "Rue du Clos Saint Gervais",
        "code": "",
        "territories": [
          "TàD 4342",
          "TàD 4343"
        ],
        "routes": [
          "TàD 4342",
          "TàD 4343"
        ]
      }
    },
    {
      "type": "Feature",
      "geometry": {
        "type": "Point",
        "coordinates": [
          2.379169644386685,
          48.41405155844901
        ]
      },
      "properties": {
        "id": "IDFM:9258",
        "name": "Rue du Clos Saint Gervais",
        "code": "",
        "territories": [
          "TàD 4342"
        ],
        "routes": [
          "TàD 4342"
        ]
      }
    },
    {
      "type": "Feature",
      "geometry": {
        "type": "Point",
        "coordinates": [
          2.59864526259109,
          49.02073263014406
        ]
      },
      "properties": {
        "id": "IDFM:38028",
        "name": "Rue du Gué",
        "code": "",
        "territories": [
          "TàD Roissy Othis",
          "TàD Roissy Saint-Pathus"
        ],
        "routes": [
          "TàD",
          "TàD"
        ]
      }
    },
    {
      "type": "Feature",
      "geometry": {
        "type": "Point",
        "coordinates": [
          2.5984799502477003,
          49.02089393262218
        ]
      },
      "properties": {
        "id": "IDFM:423578",
        "name": "Rue du Gué",
        "code": "",
        "territories": [
          "TàD Roissy Othis"
        ],
        "routes": [
          "TàD"
        ]
      }
    },
    {
      "type": "Feature",
      "geometry": {
        "type": "Point",
        "coordinates": [
          2.5043788515962375,
          49.00322357577738
        ]
      },
      "properties": {
        "id": "IDFM:38735",
        "name": "Rue du Noyer",
        "code": "",
        "territories": [
          "TàD Roissy Goussainville",
          "TàD Roissy Sarcelles"
        ],
        "routes": [
          "TàD",
          "TàD"
        ]
      }
    },
    {
      "type": "Feature",
      "geometry": {
        "type": "Point",
        "coordinates": [
          2.5336119774200356,
          48.98667815716246
        ]
      },
      "properties": {
        "id": "IDFM:38131",
        "name": "Rue du Pavé",
        "code": "",
        "territories": [
          "TàD Roissy Sud"
        ],
        "routes": [
          "TàD"
        ]
      }
    },
    {
      "type": "Feature",
      "geometry": {
        "type": "Point",
        "coordinates": [
          2.531992649681509,
          48.987463172573115
        ]
      },
      "properties": {
        "id": "IDFM:39241",
        "name": "Rue du Pavé",
        "code": "",
        "territories": [
          "TàD Roissy Sud"
        ],
        "routes": [
          "TàD"
        ]
      }
    },
    {
      "type": "Feature",
      "geometry": {
        "type": "Point",
        "coordinates": [
          2.4694256244272554,
          48.49776055928411
        ]
      },
      "properties": {
        "id": "IDFM:21586",
        "name": "Rue Ferrante",
        "code": "",
        "territories": [
          "TàD 4308"
        ],
        "routes": [
          "TàD 4308"
        ]
      }
    },
    {
      "type": "Feature",
      "geometry": {
        "type": "Point",
        "coordinates": [
          2.1808535831685774,
          49.10603784878555
        ]
      },
      "properties": {
        "id": "IDFM:29715",
        "name": "Rue Léon Bernard",
        "code": "",
        "territories": [
          "TàD Vexin Est"
        ],
        "routes": [
          "TàD"
        ]
      }
    },
    {
      "type": "Feature",
      "geometry": {
        "type": "Point",
        "coordinates": [
          2.180907647639887,
          49.10608317493707
        ]
      },
      "properties": {
        "id": "IDFM:29723",
        "name": "Rue Léon Bernard",
        "code": "",
        "territories": [
          "TàD Vexin Est"
        ],
        "routes": [
          "TàD"
        ]
      }
    },
    {
      "type": "Feature",
      "geometry": {
        "type": "Point",
        "coordinates": [
          2.4258911958682754,
          49.067031395804484
        ]
      },
      "properties": {
        "id": "IDFM:38748",
        "name": "Rue Neuve",
        "code": "",
        "territories": [
          "TàD Luzarches - Goussainville"
        ],
        "routes": [
          "TàD"
        ]
      }
    },
    {
      "type": "Feature",
      "geometry": {
        "type": "Point",
        "coordinates": [
          1.873208284956937,
          49.04321046978087
        ]
      },
      "properties": {
        "id": "IDFM:413507",
        "name": "Rue Normande",
        "code": "",
        "territories": [
          "TàD Nord Meulan - Les Mureaux"
        ],
        "routes": [
          "TàD"
        ]
      }
    },
    {
      "type": "Feature",
      "geometry": {
        "type": "Point",
        "coordinates": [
          1.8734935391980758,
          49.04330307119255
        ]
      },
      "properties": {
        "id": "IDFM:413484",
        "name": "Rue Normande",
        "code": "",
        "territories": [
          "TàD Nord Meulan - Les Mureaux"
        ],
        "routes": [
          "TàD"
        ]
      }
    },
    {
      "type": "Feature",
      "geometry": {
        "type": "Point",
        "coordinates": [
          3.2842297613047036,
          48.561638567160315
        ]
      },
      "properties": {
        "id": "IDFM:10013",
        "name": "Rue Saint Jean",
        "code": "",
        "territories": [
          "TàD 3209"
        ],
        "routes": [
          "TàD 3209"
        ]
      }
    },
    {
      "type": "Feature",
      "geometry": {
        "type": "Point",
        "coordinates": [
          2.4162473870458387,
          49.00223377935963
        ]
      },
      "properties": {
        "id": "IDFM:497022",
        "name": "Rue Scribe",
        "code": "",
        "territories": [
          "TàD Roissy Villiers-le-Bel"
        ],
        "routes": [
          "TàD"
        ]
      }
    },
    {
      "type": "Feature",
      "geometry": {
        "type": "Point",
        "coordinates": [
          2.4203773580393735,
          49.00324294273398
        ]
      },
      "properties": {
        "id": "IDFM:423572",
        "name": "Rue Scribe",
        "code": "",
        "territories": [
          "TàD Roissy Villiers-le-Bel"
        ],
        "routes": [
          "TàD"
        ]
      }
    },
    {
      "type": "Feature",
      "geometry": {
        "type": "Point",
        "coordinates": [
          1.896945178466633,
          49.00828743961825
        ]
      },
      "properties": {
        "id": "IDFM:32618",
        "name": "Rue Vincent",
        "code": "",
        "territories": [
          "TàD Nord Meulan - Les Mureaux"
        ],
        "routes": [
          "TàD"
        ]
      }
    },
    {
      "type": "Feature",
      "geometry": {
        "type": "Point",
        "coordinates": [
          2.4739554408309217,
          49.067943762104704
        ]
      },
      "properties": {
        "id": "IDFM:40266",
        "name": "Ruelle du Puits",
        "code": "",
        "territories": [
          "TàD Luzarches - Goussainville"
        ],
        "routes": [
          "TàD"
        ]
      }
    },
    {
      "type": "Feature",
      "geometry": {
        "type": "Point",
        "coordinates": [
          2.5666968584657304,
          48.94987033132078
        ]
      },
      "properties": {
        "id": "IDFM:478349",
        "name": "République",
        "code": "",
        "territories": [
          "TàD Roissy Sud"
        ],
        "routes": [
          "TàD"
        ]
      }
    },
    {
      "type": "Feature",
      "geometry": {
        "type": "Point",
        "coordinates": [
          2.566571807312476,
          48.950130663984794
        ]
      },
      "properties": {
        "id": "IDFM:427687",
        "name": "République",
        "code": "",
        "territories": [
          "TàD Roissy Sud"
        ],
        "routes": [
          "TàD"
        ]
      }
    },
    {
      "type": "Feature",
      "geometry": {
        "type": "Point",
        "coordinates": [
          2.6411999616287707,
          48.86928856354375
        ]
      },
      "properties": {
        "id": "IDFM:15505",
        "name": "République",
        "code": "",
        "territories": [
          "TàD Bassin Chellois",
          "TàD Desserte Hôpital",
          "TàD Dimanche"
        ],
        "routes": [
          "TàD",
          "TàD",
          "TàD"
        ]
      }
    },
    {
      "type": "Feature",
      "geometry": {
        "type": "Point",
        "coordinates": [
          2.6410570726829774,
          48.87024141380681
        ]
      },
      "properties": {
        "id": "IDFM:36509",
        "name": "République",
        "code": "",
        "territories": [
          "TàD Bassin Chellois",
          "TàD Desserte Hôpital",
          "TàD Dimanche"
        ],
        "routes": [
          "TàD",
          "TàD",
          "TàD"
        ]
      }
    },
    {
      "type": "Feature",
      "geometry": {
        "type": "Point",
        "coordinates": [
          2.301878163619004,
          48.660408989208236
        ]
      },
      "properties": {
        "id": "IDFM:23079",
        "name": "Résidence",
        "code": "",
        "territories": [
          "TàD 4592"
        ],
        "routes": [
          "TàD 4592"
        ]
      }
    },
    {
      "type": "Feature",
      "geometry": {
        "type": "Point",
        "coordinates": [
          2.478476396176889,
          49.036132609592556
        ]
      },
      "properties": {
        "id": "IDFM:38711",
        "name": "Résidence Ambroise Croizat",
        "code": "",
        "territories": [
          "TàD Roissy Goussainville"
        ],
        "routes": [
          "TàD"
        ]
      }
    },
    {
      "type": "Feature",
      "geometry": {
        "type": "Point",
        "coordinates": [
          2.4786410461364614,
          49.036079373046476
        ]
      },
      "properties": {
        "id": "IDFM:419510",
        "name": "Résidence Ambroise Croizat",
        "code": "",
        "territories": [
          "TàD Roissy Goussainville"
        ],
        "routes": [
          "TàD"
        ]
      }
    },
    {
      "type": "Feature",
      "geometry": {
        "type": "Point",
        "coordinates": [
          2.435088606283265,
          48.564055162600255
        ]
      },
      "properties": {
        "id": "IDFM:478730",
        "name": "Sablière",
        "code": "",
        "territories": [
          "TàD 4318"
        ],
        "routes": [
          "TàD 4318"
        ]
      }
    },
    {
      "type": "Feature",
      "geometry": {
        "type": "Point",
        "coordinates": [
          2.437558178116264,
          48.56504739313982
        ]
      },
      "properties": {
        "id": "IDFM:478731",
        "name": "Sablière",
        "code": "",
        "territories": [
          "TàD 4318"
        ],
        "routes": [
          "TàD 4318"
        ]
      }
    },
    {
      "type": "Feature",
      "geometry": {
        "type": "Point",
        "coordinates": [
          2.9045761357937065,
          48.95783628090048
        ]
      },
      "properties": {
        "id": "IDFM:495792",
        "name": "Sablons Bouillants",
        "code": "",
        "territories": [
          "TàD ZI Poincy"
        ],
        "routes": [
          "TàD"
        ]
      }
    },
    {
      "type": "Feature",
      "geometry": {
        "type": "Point",
        "coordinates": [
          2.9044123373974218,
          48.95780018091198
        ]
      },
      "properties": {
        "id": "IDFM:485741",
        "name": "Sablons Bouillants",
        "code": "",
        "territories": [
          "TàD ZI Poincy"
        ],
        "routes": [
          "TàD"
        ]
      }
    },
    {
      "type": "Feature",
      "geometry": {
        "type": "Point",
        "coordinates": [
          1.9730309795339598,
          49.041515650373206
        ]
      },
      "properties": {
        "id": "IDFM:419237",
        "name": "Saillancourt",
        "code": "",
        "territories": [
          "TàD Vexin Est"
        ],
        "routes": [
          "TàD"
        ]
      }
    },
    {
      "type": "Feature",
      "geometry": {
        "type": "Point",
        "coordinates": [
          2.3372808775795724,
          48.54110583862575
        ]
      },
      "properties": {
        "id": "IDFM:12017",
        "name": "Saint Caprais",
        "code": "",
        "territories": [
          "TàD 4305"
        ],
        "routes": [
          "TàD 4305"
        ]
      }
    },
    {
      "type": "Feature",
      "geometry": {
        "type": "Point",
        "coordinates": [
          2.337255035551343,
          48.54100673925779
        ]
      },
      "properties": {
        "id": "IDFM:12018",
        "name": "Saint Caprais",
        "code": "",
        "territories": [
          "TàD 4305"
        ],
        "routes": [
          "TàD 4305"
        ]
      }
    },
    {
      "type": "Feature",
      "geometry": {
        "type": "Point",
        "coordinates": [
          2.6024712261753993,
          48.94779111229043
        ]
      },
      "properties": {
        "id": "IDFM:424988",
        "name": "Saint Denis",
        "code": "",
        "territories": [
          "TàD Roissy Sud"
        ],
        "routes": [
          "TàD"
        ]
      }
    },
    {
      "type": "Feature",
      "geometry": {
        "type": "Point",
        "coordinates": [
          2.5092550888295206,
          48.947122033566984
        ]
      },
      "properties": {
        "id": "IDFM:490654",
        "name": "Saint Paul",
        "code": "",
        "territories": [
          "TàD Roissy Sud"
        ],
        "routes": [
          "TàD"
        ]
      }
    },
    {
      "type": "Feature",
      "geometry": {
        "type": "Point",
        "coordinates": [
          2.5519258359154873,
          48.98290824239541
        ]
      },
      "properties": {
        "id": "IDFM:18825",
        "name": "Saint Pères",
        "code": "",
        "territories": [
          "TàD Roissy Sud"
        ],
        "routes": [
          "TàD"
        ]
      }
    },
    {
      "type": "Feature",
      "geometry": {
        "type": "Point",
        "coordinates": [
          2.651405240512769,
          48.99637613926586
        ]
      },
      "properties": {
        "id": "IDFM:39060",
        "name": "Saint-Exupéry",
        "code": "",
        "territories": [
          "TàD Roissy Juilly"
        ],
        "routes": [
          "TàD"
        ]
      }
    },
    {
      "type": "Feature",
      "geometry": {
        "type": "Point",
        "coordinates": [
          2.6852976946610547,
          49.05363115940856
        ]
      },
      "properties": {
        "id": "IDFM:37986",
        "name": "Saint-Fiacre",
        "code": "",
        "territories": [
          "TàD Goêle",
          "TàD Roissy Othis"
        ],
        "routes": [
          "TàD",
          "TàD"
        ]
      }
    },
    {
      "type": "Feature",
      "geometry": {
        "type": "Point",
        "coordinates": [
          2.6859074012408173,
          49.05347989725816
        ]
      },
      "properties": {
        "id": "IDFM:423562",
        "name": "Saint-Fiacre",
        "code": "",
        "territories": [
          "TàD Goêle",
          "TàD Roissy Othis"
        ],
        "routes": [
          "TàD",
          "TàD"
        ]
      }
    },
    {
      "type": "Feature",
      "geometry": {
        "type": "Point",
        "coordinates": [
          2.335357677262973,
          48.51220880347914
        ]
      },
      "properties": {
        "id": "IDFM:12002",
        "name": "Saint-Germain",
        "code": "",
        "territories": [
          "TàD 4306"
        ],
        "routes": [
          "TàD 4306"
        ]
      }
    },
    {
      "type": "Feature",
      "geometry": {
        "type": "Point",
        "coordinates": [
          2.335694782855182,
          48.51231864209751
        ]
      },
      "properties": {
        "id": "IDFM:427803",
        "name": "Saint-Germain",
        "code": "",
        "territories": [
          "TàD 4306"
        ],
        "routes": [
          "TàD 4306"
        ]
      }
    },
    {
      "type": "Feature",
      "geometry": {
        "type": "Point",
        "coordinates": [
          2.3392619232537157,
          48.51290528520286
        ]
      },
      "properties": {
        "id": "IDFM:12061",
        "name": "Saint-Gombert",
        "code": "",
        "territories": [
          "TàD 4306"
        ],
        "routes": [
          "TàD 4306"
        ]
      }
    },
    {
      "type": "Feature",
      "geometry": {
        "type": "Point",
        "coordinates": [
          2.6464929947572933,
          49.08366281333081
        ]
      },
      "properties": {
        "id": "IDFM:38347",
        "name": "Saint-Laurent",
        "code": "",
        "territories": [
          "TàD Goêle"
        ],
        "routes": [
          "TàD"
        ]
      }
    },
    {
      "type": "Feature",
      "geometry": {
        "type": "Point",
        "coordinates": [
          2.498636973368465,
          49.0756021954793
        ]
      },
      "properties": {
        "id": "IDFM:423526",
        "name": "Salle des Fêtes",
        "code": "",
        "territories": [
          "TàD Roissy Fosses"
        ],
        "routes": [
          "TàD"
        ]
      }
    },
    {
      "type": "Feature",
      "geometry": {
        "type": "Point",
        "coordinates": [
          2.498959534631221,
          49.07621496563213
        ]
      },
      "properties": {
        "id": "IDFM:38767",
        "name": "Salle des Fêtes",
        "code": "",
        "territories": [
          "TàD Roissy Fosses"
        ],
        "routes": [
          "TàD"
        ]
      }
    },
    {
      "type": "Feature",
      "geometry": {
        "type": "Point",
        "coordinates": [
          2.1579696508508146,
          48.4295657984724
        ]
      },
      "properties": {
        "id": "IDFM:3067",
        "name": "Salle des Fêtes",
        "code": "",
        "territories": [
          "TàD 4342",
          "TàD 4344"
        ],
        "routes": [
          "TàD 4342",
          "TàD 4344"
        ]
      }
    },
    {
      "type": "Feature",
      "geometry": {
        "type": "Point",
        "coordinates": [
          2.4431011823904116,
          48.99355797089258
        ]
      },
      "properties": {
        "id": "IDFM:426031",
        "name": "Salle des Fêtes",
        "code": "",
        "territories": [
          "TàD Roissy Villiers-le-Bel"
        ],
        "routes": [
          "TàD"
        ]
      }
    },
    {
      "type": "Feature",
      "geometry": {
        "type": "Point",
        "coordinates": [
          2.4433219327026885,
          48.99336116467023
        ]
      },
      "properties": {
        "id": "IDFM:426030",
        "name": "Salle des Fêtes",
        "code": "",
        "territories": [
          "TàD Roissy Villiers-le-Bel"
        ],
        "routes": [
          "TàD"
        ]
      }
    },
    {
      "type": "Feature",
      "geometry": {
        "type": "Point",
        "coordinates": [
          1.8896103492383927,
          49.00481151476341
        ]
      },
      "properties": {
        "id": "IDFM:32620",
        "name": "Salle Polyvalente",
        "code": "",
        "territories": [
          "TàD Nord Meulan - Les Mureaux"
        ],
        "routes": [
          "TàD"
        ]
      }
    },
    {
      "type": "Feature",
      "geometry": {
        "type": "Point",
        "coordinates": [
          1.8895021714466502,
          49.00475655663768
        ]
      },
      "properties": {
        "id": "IDFM:32619",
        "name": "Salle Polyvalente",
        "code": "",
        "territories": [
          "TàD Nord Meulan - Les Mureaux"
        ],
        "routes": [
          "TàD"
        ]
      }
    },
    {
      "type": "Feature",
      "geometry": {
        "type": "Point",
        "coordinates": [
          2.038290958199076,
          49.16923550230497
        ]
      },
      "properties": {
        "id": "IDFM:29533",
        "name": "Saussette",
        "code": "",
        "territories": [
          "TàD Vexin Est"
        ],
        "routes": [
          "TàD"
        ]
      }
    },
    {
      "type": "Feature",
      "geometry": {
        "type": "Point",
        "coordinates": [
          3.132471318883794,
          48.9365338683976
        ]
      },
      "properties": {
        "id": "IDFM:11196",
        "name": "Savarbousier",
        "code": "",
        "territories": [
          "TàD 2429"
        ],
        "routes": [
          "TàD 2429"
        ]
      }
    },
    {
      "type": "Feature",
      "geometry": {
        "type": "Point",
        "coordinates": [
          3.1326759967091924,
          48.93650666430774
        ]
      },
      "properties": {
        "id": "IDFM:477990",
        "name": "Savarbousier",
        "code": "",
        "territories": [
          "TàD 2429"
        ],
        "routes": [
          "TàD 2429"
        ]
      }
    },
    {
      "type": "Feature",
      "geometry": {
        "type": "Point",
        "coordinates": [
          2.5132735169764007,
          48.948100627535894
        ]
      },
      "properties": {
        "id": "IDFM:480752",
        "name": "Savigny",
        "code": "",
        "territories": [
          "TàD Roissy Sud"
        ],
        "routes": [
          "TàD"
        ]
      }
    },
    {
      "type": "Feature",
      "geometry": {
        "type": "Point",
        "coordinates": [
          2.5144860775202695,
          48.948375323137206
        ]
      },
      "properties": {
        "id": "IDFM:39023",
        "name": "Savigny",
        "code": "",
        "territories": [
          "TàD Roissy Sud"
        ],
        "routes": [
          "TàD"
        ]
      }
    },
    {
      "type": "Feature",
      "geometry": {
        "type": "Point",
        "coordinates": [
          2.5458482810321,
          48.96546713787161
        ]
      },
      "properties": {
        "id": "IDFM:40752",
        "name": "Schuman",
        "code": "",
        "territories": [
          "TàD Roissy Sud"
        ],
        "routes": [
          "TàD"
        ]
      }
    },
    {
      "type": "Feature",
      "geometry": {
        "type": "Point",
        "coordinates": [
          2.517475840467669,
          48.94840537920928
        ]
      },
      "properties": {
        "id": "IDFM:39024",
        "name": "Schuman",
        "code": "",
        "territories": [
          "TàD Roissy Sud"
        ],
        "routes": [
          "TàD"
        ]
      }
    },
    {
      "type": "Feature",
      "geometry": {
        "type": "Point",
        "coordinates": [
          2.6944948269190956,
          49.06113590389139
        ]
      },
      "properties": {
        "id": "IDFM:38254",
        "name": "Semoir",
        "code": "",
        "territories": [
          "TàD Goêle"
        ],
        "routes": [
          "TàD"
        ]
      }
    },
    {
      "type": "Feature",
      "geometry": {
        "type": "Point",
        "coordinates": [
          2.6946719053882258,
          49.06127122737798
        ]
      },
      "properties": {
        "id": "IDFM:423812",
        "name": "Semoir",
        "code": "",
        "territories": [
          "TàD Goêle"
        ],
        "routes": [
          "TàD"
        ]
      }
    },
    {
      "type": "Feature",
      "geometry": {
        "type": "Point",
        "coordinates": [
          2.3281426418058992,
          48.567052577747376
        ]
      },
      "properties": {
        "id": "IDFM:35297",
        "name": "Sentier des Mulets",
        "code": "",
        "territories": [
          "TàD 4301/4530"
        ],
        "routes": [
          "TàD 4301"
        ]
      }
    },
    {
      "type": "Feature",
      "geometry": {
        "type": "Point",
        "coordinates": [
          2.7313689034485313,
          48.741419065057684
        ]
      },
      "properties": {
        "id": "IDFM:16315",
        "name": "Singe Vert",
        "code": "",
        "territories": [
          "TàD Gretz-Tournan"
        ],
        "routes": [
          "TàD"
        ]
      }
    },
    {
      "type": "Feature",
      "geometry": {
        "type": "Point",
        "coordinates": [
          2.730675832809274,
          48.74132756183288
        ]
      },
      "properties": {
        "id": "IDFM:16316",
        "name": "Singe Vert",
        "code": "",
        "territories": [
          "TàD Gretz-Tournan"
        ],
        "routes": [
          "TàD"
        ]
      }
    },
    {
      "type": "Feature",
      "geometry": {
        "type": "Point",
        "coordinates": [
          2.550197329053628,
          48.96478211678801
        ]
      },
      "properties": {
        "id": "IDFM:38182",
        "name": "Sisley",
        "code": "",
        "territories": [
          "TàD Roissy Sud"
        ],
        "routes": [
          "TàD"
        ]
      }
    },
    {
      "type": "Feature",
      "geometry": {
        "type": "Point",
        "coordinates": [
          2.5026834408453875,
          48.94046735363935
        ]
      },
      "properties": {
        "id": "IDFM:37960",
        "name": "Soleil Levant",
        "code": "",
        "territories": [
          "TàD Roissy Sud"
        ],
        "routes": [
          "TàD"
        ]
      }
    },
    {
      "type": "Feature",
      "geometry": {
        "type": "Point",
        "coordinates": [
          2.5029598890302966,
          48.94010879231996
        ]
      },
      "properties": {
        "id": "IDFM:19299",
        "name": "Soleil Levant",
        "code": "",
        "territories": [
          "TàD Roissy Sud"
        ],
        "routes": [
          "TàD"
        ]
      }
    },
    {
      "type": "Feature",
      "geometry": {
        "type": "Point",
        "coordinates": [
          2.0489674942623672,
          49.132941287659335
        ]
      },
      "properties": {
        "id": "IDFM:29544",
        "name": "Soleil Levant",
        "code": "",
        "territories": [
          "TàD Vexin Est"
        ],
        "routes": [
          "TàD"
        ]
      }
    },
    {
      "type": "Feature",
      "geometry": {
        "type": "Point",
        "coordinates": [
          2.3771561538463404,
          48.988746596481626
        ]
      },
      "properties": {
        "id": "IDFM:38755",
        "name": "Sous-Préfecture",
        "code": "",
        "territories": [
          "TàD Roissy Sarcelles"
        ],
        "routes": [
          "TàD"
        ]
      }
    },
    {
      "type": "Feature",
      "geometry": {
        "type": "Point",
        "coordinates": [
          2.3760561364418704,
          48.989485352137315
        ]
      },
      "properties": {
        "id": "IDFM:419477",
        "name": "Sous-Préfecture",
        "code": "",
        "territories": [
          "TàD Roissy Sarcelles"
        ],
        "routes": [
          "TàD"
        ]
      }
    },
    {
      "type": "Feature",
      "geometry": {
        "type": "Point",
        "coordinates": [
          2.5042948030914434,
          49.04354333680254
        ]
      },
      "properties": {
        "id": "IDFM:38762",
        "name": "Square Degas",
        "code": "",
        "territories": [
          "TàD Roissy Fosses"
        ],
        "routes": [
          "TàD"
        ]
      }
    },
    {
      "type": "Feature",
      "geometry": {
        "type": "Point",
        "coordinates": [
          2.967453166812272,
          48.50925908159093
        ]
      },
      "properties": {
        "id": "IDFM:9719",
        "name": "Square Dupeyron",
        "code": "",
        "territories": [
          "TàD Nangis / La-Chapelle-Rablais"
        ],
        "routes": [
          "TàD"
        ]
      }
    },
    {
      "type": "Feature",
      "geometry": {
        "type": "Point",
        "coordinates": [
          2.9674397175203393,
          48.50911514427466
        ]
      },
      "properties": {
        "id": "IDFM:470579",
        "name": "Square Dupeyron",
        "code": "",
        "territories": [
          "TàD Nangis / La-Chapelle-Rablais"
        ],
        "routes": [
          "TàD"
        ]
      }
    },
    {
      "type": "Feature",
      "geometry": {
        "type": "Point",
        "coordinates": [
          2.9514612547293932,
          48.55619310740318
        ]
      },
      "properties": {
        "id": "IDFM:425032",
        "name": "Stade",
        "code": "",
        "territories": [
          "TàD Nangis / La-Chapelle-Rablais"
        ],
        "routes": [
          "TàD"
        ]
      }
    },
    {
      "type": "Feature",
      "geometry": {
        "type": "Point",
        "coordinates": [
          2.9521659914626484,
          48.55608544670521
        ]
      },
      "properties": {
        "id": "IDFM:9848",
        "name": "Stade",
        "code": "",
        "territories": [
          "TàD Nangis / La-Chapelle-Rablais"
        ],
        "routes": [
          "TàD"
        ]
      }
    },
    {
      "type": "Feature",
      "geometry": {
        "type": "Point",
        "coordinates": [
          2.444145550635192,
          48.517724234995384
        ]
      },
      "properties": {
        "id": "IDFM:426728",
        "name": "Stade",
        "code": "",
        "territories": [
          "TàD 4308",
          "TàD 4318"
        ],
        "routes": [
          "TàD 4308",
          "TàD 4318"
        ]
      }
    },
    {
      "type": "Feature",
      "geometry": {
        "type": "Point",
        "coordinates": [
          2.053218246169693,
          49.13052911589578
        ]
      },
      "properties": {
        "id": "IDFM:29543",
        "name": "Stade",
        "code": "",
        "territories": [
          "TàD Vexin Est"
        ],
        "routes": [
          "TàD"
        ]
      }
    },
    {
      "type": "Feature",
      "geometry": {
        "type": "Point",
        "coordinates": [
          1.9651844185870093,
          49.105076818102276
        ]
      },
      "properties": {
        "id": "IDFM:32942",
        "name": "Stade",
        "code": "",
        "territories": [
          "TàD Vexin Est"
        ],
        "routes": [
          "TàD"
        ]
      }
    },
    {
      "type": "Feature",
      "geometry": {
        "type": "Point",
        "coordinates": [
          2.3861279331962257,
          48.364433577856495
        ]
      },
      "properties": {
        "id": "IDFM:9249",
        "name": "Stade",
        "code": "",
        "territories": [
          "TàD 4342"
        ],
        "routes": [
          "TàD 4342"
        ]
      }
    },
    {
      "type": "Feature",
      "geometry": {
        "type": "Point",
        "coordinates": [
          2.385937870071035,
          48.36452256429456
        ]
      },
      "properties": {
        "id": "IDFM:9250",
        "name": "Stade",
        "code": "",
        "territories": [
          "TàD 4342"
        ],
        "routes": [
          "TàD 4342"
        ]
      }
    },
    {
      "type": "Feature",
      "geometry": {
        "type": "Point",
        "coordinates": [
          2.7937766851892016,
          49.07819728715884
        ]
      },
      "properties": {
        "id": "IDFM:415832",
        "name": "Stade de Saint-Pathus",
        "code": "",
        "territories": [
          "TàD Roissy Saint-Pathus"
        ],
        "routes": [
          "TàD"
        ]
      }
    },
    {
      "type": "Feature",
      "geometry": {
        "type": "Point",
        "coordinates": [
          2.7939410009022856,
          49.078179586207135
        ]
      },
      "properties": {
        "id": "IDFM:423542",
        "name": "Stade de Saint-Pathus",
        "code": "",
        "territories": [
          "TàD Roissy Saint-Pathus"
        ],
        "routes": [
          "TàD"
        ]
      }
    },
    {
      "type": "Feature",
      "geometry": {
        "type": "Point",
        "coordinates": [
          2.5828782750489037,
          48.94110597897709
        ]
      },
      "properties": {
        "id": "IDFM:18950",
        "name": "Stade Jean Jaurès",
        "code": "",
        "territories": [
          "TàD Roissy Sud"
        ],
        "routes": [
          "TàD"
        ]
      }
    },
    {
      "type": "Feature",
      "geometry": {
        "type": "Point",
        "coordinates": [
          2.7174447561003747,
          48.736188274583
        ]
      },
      "properties": {
        "id": "IDFM:495839",
        "name": "Stade Laumondé",
        "code": "",
        "territories": [
          "TàD Gretz-Tournan"
        ],
        "routes": [
          "TàD"
        ]
      }
    },
    {
      "type": "Feature",
      "geometry": {
        "type": "Point",
        "coordinates": [
          2.7176761054357397,
          48.73615284506528
        ]
      },
      "properties": {
        "id": "IDFM:16318",
        "name": "Stade Laumondé",
        "code": "",
        "territories": [
          "TàD Gretz-Tournan"
        ],
        "routes": [
          "TàD"
        ]
      }
    },
    {
      "type": "Feature",
      "geometry": {
        "type": "Point",
        "coordinates": [
          2.18740341583271,
          48.79734735624895
        ]
      },
      "properties": {
        "id": "IDFM:12752",
        "name": "Stade Léo Lagrange",
        "code": "",
        "territories": [
          "TàD 6131"
        ],
        "routes": [
          "TàD 6131"
        ]
      }
    },
    {
      "type": "Feature",
      "geometry": {
        "type": "Point",
        "coordinates": [
          1.8865259884066874,
          49.004585094995186
        ]
      },
      "properties": {
        "id": "IDFM:32781",
        "name": "Stade Rémi Ferey",
        "code": "",
        "territories": [
          "TàD Nord Meulan - Les Mureaux"
        ],
        "routes": [
          "TàD"
        ]
      }
    },
    {
      "type": "Feature",
      "geometry": {
        "type": "Point",
        "coordinates": [
          1.8864312879086604,
          49.00453925196927
        ]
      },
      "properties": {
        "id": "IDFM:32780",
        "name": "Stade Rémi Ferey",
        "code": "",
        "territories": [
          "TàD Nord Meulan - Les Mureaux"
        ],
        "routes": [
          "TàD"
        ]
      }
    },
    {
      "type": "Feature",
      "geometry": {
        "type": "Point",
        "coordinates": [
          2.3515420719786904,
          48.49104917241885
        ]
      },
      "properties": {
        "id": "IDFM:35975",
        "name": "Stop Cerny",
        "code": "",
        "territories": [
          "TàD 4305",
          "TàD 4306"
        ],
        "routes": [
          "TàD 4305",
          "TàD 4306"
        ]
      }
    },
    {
      "type": "Feature",
      "geometry": {
        "type": "Point",
        "coordinates": [
          2.3514464484740603,
          48.4911206206563
        ]
      },
      "properties": {
        "id": "IDFM:35976",
        "name": "Stop Cerny",
        "code": "",
        "territories": [
          "TàD 4305",
          "TàD 4306"
        ],
        "routes": [
          "TàD 4305",
          "TàD 4306"
        ]
      }
    },
    {
      "type": "Feature",
      "geometry": {
        "type": "Point",
        "coordinates": [
          2.4514225901788063,
          48.56511213210926
        ]
      },
      "properties": {
        "id": "IDFM:426729",
        "name": "Supermarché",
        "code": "",
        "territories": [
          "TàD 4318"
        ],
        "routes": [
          "TàD 4318"
        ]
      }
    },
    {
      "type": "Feature",
      "geometry": {
        "type": "Point",
        "coordinates": [
          2.4514753888332237,
          48.56524731054438
        ]
      },
      "properties": {
        "id": "IDFM:462595",
        "name": "Supermarché",
        "code": "",
        "territories": [
          "TàD 4318"
        ],
        "routes": [
          "TàD 4318"
        ]
      }
    },
    {
      "type": "Feature",
      "geometry": {
        "type": "Point",
        "coordinates": [
          2.4633373366029,
          49.02549136522913
        ]
      },
      "properties": {
        "id": "IDFM:419475",
        "name": "Sécurité Sociale",
        "code": "",
        "territories": [
          "TàD Roissy Goussainville"
        ],
        "routes": [
          "TàD"
        ]
      }
    },
    {
      "type": "Feature",
      "geometry": {
        "type": "Point",
        "coordinates": [
          2.3684178943819996,
          49.090498958157106
        ]
      },
      "properties": {
        "id": "IDFM:41634",
        "name": "Tabac",
        "code": "",
        "territories": [
          "TàD Luzarches - Goussainville"
        ],
        "routes": [
          "TàD"
        ]
      }
    },
    {
      "type": "Feature",
      "geometry": {
        "type": "Point",
        "coordinates": [
          3.2943741730727516,
          48.562945235548256
        ]
      },
      "properties": {
        "id": "IDFM:10022",
        "name": "Table Ronde",
        "code": "",
        "territories": [
          "TàD 3209"
        ],
        "routes": [
          "TàD 3209"
        ]
      }
    },
    {
      "type": "Feature",
      "geometry": {
        "type": "Point",
        "coordinates": [
          3.3077104666757826,
          48.55842270821394
        ]
      },
      "properties": {
        "id": "IDFM:9859",
        "name": "Tassigny",
        "code": "",
        "territories": [
          "TàD 3209"
        ],
        "routes": [
          "TàD 3209"
        ]
      }
    },
    {
      "type": "Feature",
      "geometry": {
        "type": "Point",
        "coordinates": [
          3.30860500545704,
          48.558447377531124
        ]
      },
      "properties": {
        "id": "IDFM:480779",
        "name": "Tassigny",
        "code": "",
        "territories": [
          "TàD 3209"
        ],
        "routes": [
          "TàD 3209"
        ]
      }
    },
    {
      "type": "Feature",
      "geometry": {
        "type": "Point",
        "coordinates": [
          2.4947682588447564,
          48.957079619033095
        ]
      },
      "properties": {
        "id": "IDFM:37962",
        "name": "Tennis",
        "code": "",
        "territories": [
          "TàD Roissy Sud"
        ],
        "routes": [
          "TàD"
        ]
      }
    },
    {
      "type": "Feature",
      "geometry": {
        "type": "Point",
        "coordinates": [
          2.4953879655467306,
          48.95654267462246
        ]
      },
      "properties": {
        "id": "IDFM:19344",
        "name": "Tennis",
        "code": "",
        "territories": [
          "TàD Roissy Sud"
        ],
        "routes": [
          "TàD"
        ]
      }
    },
    {
      "type": "Feature",
      "geometry": {
        "type": "Point",
        "coordinates": [
          2.360636348875521,
          48.48222811059608
        ]
      },
      "properties": {
        "id": "IDFM:427808",
        "name": "Tertre",
        "code": "",
        "territories": [
          "TàD 4306"
        ],
        "routes": [
          "TàD 4306"
        ]
      }
    },
    {
      "type": "Feature",
      "geometry": {
        "type": "Point",
        "coordinates": [
          2.3614112386548776,
          48.48193540030015
        ]
      },
      "properties": {
        "id": "IDFM:427811",
        "name": "Tertre",
        "code": "",
        "territories": [
          "TàD 4306"
        ],
        "routes": [
          "TàD 4306"
        ]
      }
    },
    {
      "type": "Feature",
      "geometry": {
        "type": "Point",
        "coordinates": [
          2.3725229240385817,
          48.99110543782267
        ]
      },
      "properties": {
        "id": "IDFM:38788",
        "name": "Théodore Bullier",
        "code": "",
        "territories": [
          "TàD Roissy Sarcelles"
        ],
        "routes": [
          "TàD"
        ]
      }
    },
    {
      "type": "Feature",
      "geometry": {
        "type": "Point",
        "coordinates": [
          2.3740954409187394,
          48.99101473494489
        ]
      },
      "properties": {
        "id": "IDFM:421675",
        "name": "Théodore Bullier",
        "code": "",
        "territories": [
          "TàD Roissy Sarcelles"
        ],
        "routes": [
          "TàD"
        ]
      }
    },
    {
      "type": "Feature",
      "geometry": {
        "type": "Point",
        "coordinates": [
          2.3829704315589555,
          48.42874507341535
        ]
      },
      "properties": {
        "id": "IDFM:7274",
        "name": "Tilleul",
        "code": "",
        "territories": [
          "TàD 4344"
        ],
        "routes": [
          "TàD 4344"
        ]
      }
    },
    {
      "type": "Feature",
      "geometry": {
        "type": "Point",
        "coordinates": [
          2.3832159631976277,
          48.428557419601894
        ]
      },
      "properties": {
        "id": "IDFM:7273",
        "name": "Tilleul",
        "code": "",
        "territories": [
          "TàD 4344"
        ],
        "routes": [
          "TàD 4344"
        ]
      }
    },
    {
      "type": "Feature",
      "geometry": {
        "type": "Point",
        "coordinates": [
          2.615311295064394,
          48.95247315537399
        ]
      },
      "properties": {
        "id": "IDFM:38184",
        "name": "Tilleuls",
        "code": "",
        "territories": [
          "TàD Roissy Sud"
        ],
        "routes": [
          "TàD"
        ]
      }
    },
    {
      "type": "Feature",
      "geometry": {
        "type": "Point",
        "coordinates": [
          2.365478511010832,
          48.539514440566954
        ]
      },
      "properties": {
        "id": "IDFM:477376",
        "name": "Tournebride",
        "code": "",
        "territories": [
          "TàD 4301/4530"
        ],
        "routes": [
          "TàD 4301"
        ]
      }
    },
    {
      "type": "Feature",
      "geometry": {
        "type": "Point",
        "coordinates": [
          2.3657202713934224,
          48.53968665298497
        ]
      },
      "properties": {
        "id": "IDFM:477375",
        "name": "Tournebride",
        "code": "",
        "territories": [
          "TàD 4301/4530"
        ],
        "routes": [
          "TàD 4301"
        ]
      }
    },
    {
      "type": "Feature",
      "geometry": {
        "type": "Point",
        "coordinates": [
          1.9812767036600976,
          49.0911238783864
        ]
      },
      "properties": {
        "id": "IDFM:29567",
        "name": "Transformateur",
        "code": "",
        "territories": [
          "TàD Vexin Est"
        ],
        "routes": [
          "TàD"
        ]
      }
    },
    {
      "type": "Feature",
      "geometry": {
        "type": "Point",
        "coordinates": [
          2.4684989611610635,
          48.983421912295945
        ]
      },
      "properties": {
        "id": "IDFM:14628",
        "name": "Triangle de Gonesse / Patte d'Oie",
        "code": "",
        "territories": [
          "TàD Roissy Villiers-le-Bel"
        ],
        "routes": [
          "TàD"
        ]
      }
    },
    {
      "type": "Feature",
      "geometry": {
        "type": "Point",
        "coordinates": [
          2.4684836440380553,
          48.983583706951
        ]
      },
      "properties": {
        "id": "IDFM:14627",
        "name": "Triangle de Gonesse / Patte d'Oie",
        "code": "",
        "territories": [
          "TàD Roissy Villiers-le-Bel"
        ],
        "routes": [
          "TàD"
        ]
      }
    },
    {
      "type": "Feature",
      "geometry": {
        "type": "Point",
        "coordinates": [
          2.669291802724824,
          49.00738811204813
        ]
      },
      "properties": {
        "id": "IDFM:39186",
        "name": "Trois Villes",
        "code": "",
        "territories": [
          "TàD Roissy Juilly"
        ],
        "routes": [
          "TàD"
        ]
      }
    },
    {
      "type": "Feature",
      "geometry": {
        "type": "Point",
        "coordinates": [
          2.6690728236351715,
          49.0074324686744
        ]
      },
      "properties": {
        "id": "IDFM:39187",
        "name": "Trois Villes",
        "code": "",
        "territories": [
          "TàD Roissy Juilly"
        ],
        "routes": [
          "TàD"
        ]
      }
    },
    {
      "type": "Feature",
      "geometry": {
        "type": "Point",
        "coordinates": [
          2.674867966097128,
          49.05334262900235
        ]
      },
      "properties": {
        "id": "IDFM:37983",
        "name": "Trésor Public",
        "code": "",
        "territories": [
          "TàD Goêle",
          "TàD Roissy Othis"
        ],
        "routes": [
          "TàD",
          "TàD"
        ]
      }
    },
    {
      "type": "Feature",
      "geometry": {
        "type": "Point",
        "coordinates": [
          2.6746639437902897,
          49.05315325229749
        ]
      },
      "properties": {
        "id": "IDFM:423854",
        "name": "Trésor Public",
        "code": "",
        "territories": [
          "TàD Goêle",
          "TàD Roissy Othis"
        ],
        "routes": [
          "TàD",
          "TàD"
        ]
      }
    },
    {
      "type": "Feature",
      "geometry": {
        "type": "Point",
        "coordinates": [
          2.2555724900803806,
          48.607236157719356
        ]
      },
      "properties": {
        "id": "IDFM:3380",
        "name": "Tuileries",
        "code": "",
        "territories": [
          "TàD 4591"
        ],
        "routes": [
          "TàD 4591"
        ]
      }
    },
    {
      "type": "Feature",
      "geometry": {
        "type": "Point",
        "coordinates": [
          2.2556932816410717,
          48.60732686827252
        ]
      },
      "properties": {
        "id": "IDFM:3379",
        "name": "Tuileries",
        "code": "",
        "territories": [
          "TàD 4591"
        ],
        "routes": [
          "TàD 4591"
        ]
      }
    },
    {
      "type": "Feature",
      "geometry": {
        "type": "Point",
        "coordinates": [
          2.2496582253357764,
          48.62333693680089
        ]
      },
      "properties": {
        "id": "IDFM:3148",
        "name": "UNM - UTAC",
        "code": "",
        "territories": [
          "TàD 4591"
        ],
        "routes": [
          "TàD 4591"
        ]
      }
    },
    {
      "type": "Feature",
      "geometry": {
        "type": "Point",
        "coordinates": [
          2.249659772483688,
          48.62322900141897
        ]
      },
      "properties": {
        "id": "IDFM:482844",
        "name": "UNM - UTAC",
        "code": "",
        "territories": [
          "TàD 4591"
        ],
        "routes": [
          "TàD 4591"
        ]
      }
    },
    {
      "type": "Feature",
      "geometry": {
        "type": "Point",
        "coordinates": [
          2.5724399528449116,
          48.94383893203893
        ]
      },
      "properties": {
        "id": "IDFM:39270",
        "name": "Vaillant",
        "code": "",
        "territories": [
          "TàD Roissy Sud"
        ],
        "routes": [
          "TàD"
        ]
      }
    },
    {
      "type": "Feature",
      "geometry": {
        "type": "Point",
        "coordinates": [
          2.4527714798407083,
          48.57481563323247
        ]
      },
      "properties": {
        "id": "IDFM:9461",
        "name": "Val d'Ormoy",
        "code": "",
        "territories": [
          "TàD 4318"
        ],
        "routes": [
          "TàD 4318"
        ]
      }
    },
    {
      "type": "Feature",
      "geometry": {
        "type": "Point",
        "coordinates": [
          2.4524576416867876,
          48.57501209256348
        ]
      },
      "properties": {
        "id": "IDFM:9462",
        "name": "Val d'Ormoy",
        "code": "",
        "territories": [
          "TàD 4318"
        ],
        "routes": [
          "TàD 4318"
        ]
      }
    },
    {
      "type": "Feature",
      "geometry": {
        "type": "Point",
        "coordinates": [
          2.6460713810203167,
          48.972926751695994
        ]
      },
      "properties": {
        "id": "IDFM:427430",
        "name": "Van Gogh",
        "code": "",
        "territories": [
          "TàD Roissy Sud"
        ],
        "routes": [
          "TàD"
        ]
      }
    },
    {
      "type": "Feature",
      "geometry": {
        "type": "Point",
        "coordinates": [
          3.1507252022821275,
          48.93134606008105
        ]
      },
      "properties": {
        "id": "IDFM:10718",
        "name": "Vanry",
        "code": "",
        "territories": [
          "TàD 2429"
        ],
        "routes": [
          "TàD 2429"
        ]
      }
    },
    {
      "type": "Feature",
      "geometry": {
        "type": "Point",
        "coordinates": [
          3.1505693371555488,
          48.93125183357662
        ]
      },
      "properties": {
        "id": "IDFM:10717",
        "name": "Vanry",
        "code": "",
        "territories": [
          "TàD 2429"
        ],
        "routes": [
          "TàD 2429"
        ]
      }
    },
    {
      "type": "Feature",
      "geometry": {
        "type": "Point",
        "coordinates": [
          2.577391101137773,
          48.961194121418
        ]
      },
      "properties": {
        "id": "IDFM:477725",
        "name": "Verdi",
        "code": "",
        "territories": [
          "TàD Roissy Sud"
        ],
        "routes": [
          "TàD"
        ]
      }
    },
    {
      "type": "Feature",
      "geometry": {
        "type": "Point",
        "coordinates": [
          2.5998215198095975,
          48.9479261778517
        ]
      },
      "properties": {
        "id": "IDFM:38185",
        "name": "Verdun",
        "code": "",
        "territories": [
          "TàD Roissy Sud"
        ],
        "routes": [
          "TàD"
        ]
      }
    },
    {
      "type": "Feature",
      "geometry": {
        "type": "Point",
        "coordinates": [
          2.2902681422025513,
          48.65444861282788
        ]
      },
      "properties": {
        "id": "IDFM:41849",
        "name": "Verdun",
        "code": "",
        "territories": [
          "TàD 4592"
        ],
        "routes": [
          "TàD 4592"
        ]
      }
    },
    {
      "type": "Feature",
      "geometry": {
        "type": "Point",
        "coordinates": [
          2.5367493192925297,
          48.98572813692461
        ]
      },
      "properties": {
        "id": "IDFM:423065",
        "name": "Versant Seine",
        "code": "",
        "territories": [
          "TàD Roissy Sud"
        ],
        "routes": [
          "TàD"
        ]
      }
    },
    {
      "type": "Feature",
      "geometry": {
        "type": "Point",
        "coordinates": [
          2.5356270676385386,
          48.985939613454505
        ]
      },
      "properties": {
        "id": "IDFM:423066",
        "name": "Versant Seine",
        "code": "",
        "territories": [
          "TàD Roissy Sud"
        ],
        "routes": [
          "TàD"
        ]
      }
    },
    {
      "type": "Feature",
      "geometry": {
        "type": "Point",
        "coordinates": [
          2.474376160574981,
          49.03046780044347
        ]
      },
      "properties": {
        "id": "IDFM:419600",
        "name": "Victor Basch",
        "code": "",
        "territories": [
          "TàD Roissy Goussainville"
        ],
        "routes": [
          "TàD"
        ]
      }
    },
    {
      "type": "Feature",
      "geometry": {
        "type": "Point",
        "coordinates": [
          2.475433433319281,
          49.030040809676976
        ]
      },
      "properties": {
        "id": "IDFM:419675",
        "name": "Victor Basch",
        "code": "",
        "territories": [
          "TàD Roissy Goussainville"
        ],
        "routes": [
          "TàD"
        ]
      }
    },
    {
      "type": "Feature",
      "geometry": {
        "type": "Point",
        "coordinates": [
          2.396165037941581,
          49.00618092820287
        ]
      },
      "properties": {
        "id": "IDFM:28352",
        "name": "Victor Hugo",
        "code": "",
        "territories": [
          "TàD Roissy Villiers-le-Bel"
        ],
        "routes": [
          "TàD"
        ]
      }
    },
    {
      "type": "Feature",
      "geometry": {
        "type": "Point",
        "coordinates": [
          2.723327329289227,
          48.73972778175131
        ]
      },
      "properties": {
        "id": "IDFM:6326",
        "name": "Victor Hugo",
        "code": "",
        "territories": [
          "TàD Gretz-Tournan"
        ],
        "routes": [
          "TàD"
        ]
      }
    },
    {
      "type": "Feature",
      "geometry": {
        "type": "Point",
        "coordinates": [
          2.722947579678828,
          48.739538023038904
        ]
      },
      "properties": {
        "id": "IDFM:16321",
        "name": "Victor Hugo",
        "code": "",
        "territories": [
          "TàD Gretz-Tournan"
        ],
        "routes": [
          "TàD"
        ]
      }
    },
    {
      "type": "Feature",
      "geometry": {
        "type": "Point",
        "coordinates": [
          2.0280661343398965,
          49.074768167972735
        ]
      },
      "properties": {
        "id": "IDFM:29759",
        "name": "Victor Hugo / Boissy-l'Aillerie",
        "code": "",
        "territories": [
          "TàD Vexin Est"
        ],
        "routes": [
          "TàD"
        ]
      }
    },
    {
      "type": "Feature",
      "geometry": {
        "type": "Point",
        "coordinates": [
          2.0277518385375717,
          49.07488701862841
        ]
      },
      "properties": {
        "id": "IDFM:29749",
        "name": "Victor Hugo / Boissy-l'Aillerie",
        "code": "",
        "territories": [
          "TàD Vexin Est"
        ],
        "routes": [
          "TàD"
        ]
      }
    },
    {
      "type": "Feature",
      "geometry": {
        "type": "Point",
        "coordinates": [
          2.904346517107512,
          48.963887953336496
        ]
      },
      "properties": {
        "id": "IDFM:485740",
        "name": "Vide Arpents",
        "code": "",
        "territories": [
          "TàD ZI Poincy"
        ],
        "routes": [
          "TàD"
        ]
      }
    },
    {
      "type": "Feature",
      "geometry": {
        "type": "Point",
        "coordinates": [
          2.904182865525922,
          48.963761930060805
        ]
      },
      "properties": {
        "id": "IDFM:485738",
        "name": "Vide Arpents",
        "code": "",
        "territories": [
          "TàD ZI Poincy"
        ],
        "routes": [
          "TàD"
        ]
      }
    },
    {
      "type": "Feature",
      "geometry": {
        "type": "Point",
        "coordinates": [
          1.9444562347403256,
          49.0159628065516
        ]
      },
      "properties": {
        "id": "IDFM:5512",
        "name": "Vieux Colombier",
        "code": "",
        "territories": [
          "TàD Nord Meulan - Les Mureaux"
        ],
        "routes": [
          "TàD"
        ]
      }
    },
    {
      "type": "Feature",
      "geometry": {
        "type": "Point",
        "coordinates": [
          1.9458924568684048,
          49.015256011899126
        ]
      },
      "properties": {
        "id": "IDFM:5513",
        "name": "Vieux Colombier",
        "code": "",
        "territories": [
          "TàD Nord Meulan - Les Mureaux"
        ],
        "routes": [
          "TàD"
        ]
      }
    },
    {
      "type": "Feature",
      "geometry": {
        "type": "Point",
        "coordinates": [
          2.328717358067976,
          48.66397229271161
        ]
      },
      "properties": {
        "id": "IDFM:12045",
        "name": "Vieux Logis",
        "code": "",
        "territories": [
          "TàD 4592"
        ],
        "routes": [
          "TàD 4592"
        ]
      }
    },
    {
      "type": "Feature",
      "geometry": {
        "type": "Point",
        "coordinates": [
          2.73729807361521,
          48.73599976582048
        ]
      },
      "properties": {
        "id": "IDFM:16304",
        "name": "Vieux Moulin 1",
        "code": "",
        "territories": [
          "TàD Gretz-Tournan"
        ],
        "routes": [
          "TàD"
        ]
      }
    },
    {
      "type": "Feature",
      "geometry": {
        "type": "Point",
        "coordinates": [
          2.7374607892174683,
          48.736090065933034
        ]
      },
      "properties": {
        "id": "IDFM:16305",
        "name": "Vieux Moulin 2",
        "code": "",
        "territories": [
          "TàD Gretz-Tournan"
        ],
        "routes": [
          "TàD"
        ]
      }
    },
    {
      "type": "Feature",
      "geometry": {
        "type": "Point",
        "coordinates": [
          1.9124402617538323,
          48.98183680213139
        ]
      },
      "properties": {
        "id": "IDFM:13588",
        "name": "Vigne Blanche",
        "code": "",
        "territories": [
          "TàD Sud Meulan - Les Mureaux"
        ],
        "routes": [
          "TàD"
        ]
      }
    },
    {
      "type": "Feature",
      "geometry": {
        "type": "Point",
        "coordinates": [
          1.912239496058069,
          48.981637135220424
        ]
      },
      "properties": {
        "id": "IDFM:13589",
        "name": "Vigne Blanche",
        "code": "",
        "territories": [
          "TàD Sud Meulan - Les Mureaux"
        ],
        "routes": [
          "TàD"
        ]
      }
    },
    {
      "type": "Feature",
      "geometry": {
        "type": "Point",
        "coordinates": [
          2.706384010382179,
          49.04197738897901
        ]
      },
      "properties": {
        "id": "IDFM:38369",
        "name": "Vignes de Pâques",
        "code": "",
        "territories": [
          "TàD Goêle"
        ],
        "routes": [
          "TàD"
        ]
      }
    },
    {
      "type": "Feature",
      "geometry": {
        "type": "Point",
        "coordinates": [
          2.5164000889271594,
          49.003893075329785
        ]
      },
      "properties": {
        "id": "IDFM:38732",
        "name": "Village",
        "code": "",
        "territories": [
          "TàD Roissy Goussainville",
          "TàD Roissy Sarcelles"
        ],
        "routes": [
          "TàD",
          "TàD"
        ]
      }
    },
    {
      "type": "Feature",
      "geometry": {
        "type": "Point",
        "coordinates": [
          2.5159203112805635,
          49.00404400777635
        ]
      },
      "properties": {
        "id": "IDFM:40494",
        "name": "Village",
        "code": "",
        "territories": [
          "TàD Roissy Goussainville",
          "TàD Roissy Sarcelles"
        ],
        "routes": [
          "TàD",
          "TàD"
        ]
      }
    },
    {
      "type": "Feature",
      "geometry": {
        "type": "Point",
        "coordinates": [
          3.28048703392102,
          48.56120666960399
        ]
      },
      "properties": {
        "id": "IDFM:425860",
        "name": "Ville Haute Quai 2",
        "code": "",
        "territories": [
          "TàD 3209"
        ],
        "routes": [
          "TàD 3209"
        ]
      }
    },
    {
      "type": "Feature",
      "geometry": {
        "type": "Point",
        "coordinates": [
          1.9354259117901147,
          49.03163815448248
        ]
      },
      "properties": {
        "id": "IDFM:32883",
        "name": "Villette",
        "code": "",
        "territories": [
          "TàD Vexin Est"
        ],
        "routes": [
          "TàD"
        ]
      }
    },
    {
      "type": "Feature",
      "geometry": {
        "type": "Point",
        "coordinates": [
          2.594370342592364,
          48.95889672959199
        ]
      },
      "properties": {
        "id": "IDFM:39159",
        "name": "Voltaire",
        "code": "",
        "territories": [
          "TàD Roissy Sud"
        ],
        "routes": [
          "TàD"
        ]
      }
    },
    {
      "type": "Feature",
      "geometry": {
        "type": "Point",
        "coordinates": [
          2.5944412623867223,
          48.95899588679892
        ]
      },
      "properties": {
        "id": "IDFM:423637",
        "name": "Voltaire",
        "code": "",
        "territories": [
          "TàD Roissy Sud"
        ],
        "routes": [
          "TàD"
        ]
      }
    },
    {
      "type": "Feature",
      "geometry": {
        "type": "Point",
        "coordinates": [
          2.5070214683796723,
          48.95374941671615
        ]
      },
      "properties": {
        "id": "IDFM:39031",
        "name": "Vélodrome (cours Salvador Allende)",
        "code": "",
        "territories": [
          "TàD Roissy Sud"
        ],
        "routes": [
          "TàD"
        ]
      }
    },
    {
      "type": "Feature",
      "geometry": {
        "type": "Point",
        "coordinates": [
          2.5057926042473158,
          48.953744357724396
        ]
      },
      "properties": {
        "id": "IDFM:39030",
        "name": "Vélodrome (cours Salvador Allende)",
        "code": "",
        "territories": [
          "TàD Roissy Sud"
        ],
        "routes": [
          "TàD"
        ]
      }
    },
    {
      "type": "Feature",
      "geometry": {
        "type": "Point",
        "coordinates": [
          2.3208312243312004,
          48.46604749116955
        ]
      },
      "properties": {
        "id": "IDFM:463468",
        "name": "ZA des Grouettes",
        "code": "",
        "territories": [
          "TàD 4306"
        ],
        "routes": [
          "TàD 4306"
        ]
      }
    },
    {
      "type": "Feature",
      "geometry": {
        "type": "Point",
        "coordinates": [
          2.3212596690027962,
          48.46639180765764
        ]
      },
      "properties": {
        "id": "IDFM:463470",
        "name": "ZA des Grouettes",
        "code": "",
        "territories": [
          "TàD 4306"
        ],
        "routes": [
          "TàD 4306"
        ]
      }
    },
    {
      "type": "Feature",
      "geometry": {
        "type": "Point",
        "coordinates": [
          2.6858032442644837,
          49.039047957975164
        ]
      },
      "properties": {
        "id": "IDFM:461942",
        "name": "ZA Fontaine des Tournelles",
        "code": "",
        "territories": [
          "TàD Goêle",
          "TàD Roissy Saint-Pathus"
        ],
        "routes": [
          "TàD",
          "TàD"
        ]
      }
    },
    {
      "type": "Feature",
      "geometry": {
        "type": "Point",
        "coordinates": [
          2.6858432403248416,
          49.039218905931435
        ]
      },
      "properties": {
        "id": "IDFM:461940",
        "name": "ZA Fontaine des Tournelles",
        "code": "",
        "territories": [
          "TàD Goêle",
          "TàD Roissy Saint-Pathus"
        ],
        "routes": [
          "TàD",
          "TàD"
        ]
      }
    },
    {
      "type": "Feature",
      "geometry": {
        "type": "Point",
        "coordinates": [
          2.7099019180360306,
          49.0145608335748
        ]
      },
      "properties": {
        "id": "IDFM:40330",
        "name": "ZA la Source",
        "code": "",
        "territories": [
          "TàD Goêle"
        ],
        "routes": [
          "TàD"
        ]
      }
    },
    {
      "type": "Feature",
      "geometry": {
        "type": "Point",
        "coordinates": [
          2.709301133502287,
          49.01443349285547
        ]
      },
      "properties": {
        "id": "IDFM:423744",
        "name": "ZA la Source",
        "code": "",
        "territories": [
          "TàD Goêle"
        ],
        "routes": [
          "TàD"
        ]
      }
    },
    {
      "type": "Feature",
      "geometry": {
        "type": "Point",
        "coordinates": [
          2.296060407738764,
          48.6639008463316
        ]
      },
      "properties": {
        "id": "IDFM:3543",
        "name": "ZA Pointe à l'Abbé",
        "code": "",
        "territories": [
          "TàD 4592"
        ],
        "routes": [
          "TàD 4592"
        ]
      }
    },
    {
      "type": "Feature",
      "geometry": {
        "type": "Point",
        "coordinates": [
          2.347674682838633,
          48.52561824966025
        ]
      },
      "properties": {
        "id": "IDFM:12049",
        "name": "ZAC",
        "code": "",
        "territories": [
          "TàD 4301/4530",
          "TàD 4305"
        ],
        "routes": [
          "TàD 4305",
          "TàD 4301"
        ]
      }
    },
    {
      "type": "Feature",
      "geometry": {
        "type": "Point",
        "coordinates": [
          2.3482345033976455,
          48.52525248268693
        ]
      },
      "properties": {
        "id": "IDFM:12050",
        "name": "ZAC",
        "code": "",
        "territories": [
          "TàD 4301/4530",
          "TàD 4305"
        ],
        "routes": [
          "TàD 4305",
          "TàD 4301"
        ]
      }
    },
    {
      "type": "Feature",
      "geometry": {
        "type": "Point",
        "coordinates": [
          2.367004228742619,
          49.10761124517807
        ]
      },
      "properties": {
        "id": "IDFM:477639",
        "name": "ZAC de l'Orme",
        "code": "",
        "territories": [
          "TàD Luzarches - Goussainville"
        ],
        "routes": [
          "TàD"
        ]
      }
    },
    {
      "type": "Feature",
      "geometry": {
        "type": "Point",
        "coordinates": [
          2.6534452392961185,
          48.99170612710267
        ]
      },
      "properties": {
        "id": "IDFM:40119",
        "name": "ZAC de la Feuchère",
        "code": "",
        "territories": [
          "TàD Roissy Juilly"
        ],
        "routes": [
          "TàD"
        ]
      }
    },
    {
      "type": "Feature",
      "geometry": {
        "type": "Point",
        "coordinates": [
          2.652871344785596,
          48.991704468206954
        ]
      },
      "properties": {
        "id": "IDFM:39059",
        "name": "ZAC de la Feuchère",
        "code": "",
        "territories": [
          "TàD Roissy Juilly"
        ],
        "routes": [
          "TàD"
        ]
      }
    },
    {
      "type": "Feature",
      "geometry": {
        "type": "Point",
        "coordinates": [
          2.6576075936601384,
          48.992509387572696
        ]
      },
      "properties": {
        "id": "IDFM:426286",
        "name": "ZAC du Parc",
        "code": "",
        "territories": [
          "TàD Roissy Juilly"
        ],
        "routes": [
          "TàD"
        ]
      }
    },
    {
      "type": "Feature",
      "geometry": {
        "type": "Point",
        "coordinates": [
          2.6575655339016215,
          48.99267112653414
        ]
      },
      "properties": {
        "id": "IDFM:426284",
        "name": "ZAC du Parc",
        "code": "",
        "territories": [
          "TàD Roissy Juilly"
        ],
        "routes": [
          "TàD"
        ]
      }
    },
    {
      "type": "Feature",
      "geometry": {
        "type": "Point",
        "coordinates": [
          2.4470690379852353,
          48.565388834583565
        ]
      },
      "properties": {
        "id": "IDFM:10420",
        "name": "ZAC Montvrain",
        "code": "",
        "territories": [
          "TàD 4318"
        ],
        "routes": [
          "TàD 4318"
        ]
      }
    },
    {
      "type": "Feature",
      "geometry": {
        "type": "Point",
        "coordinates": [
          2.4570819943886675,
          48.990807453616036
        ]
      },
      "properties": {
        "id": "IDFM:37999",
        "name": "ZI Arsonval",
        "code": "",
        "territories": [
          "TàD Roissy Villiers-le-Bel"
        ],
        "routes": [
          "TàD"
        ]
      }
    },
    {
      "type": "Feature",
      "geometry": {
        "type": "Point",
        "coordinates": [
          2.4567272075271225,
          48.99076088619556
        ]
      },
      "properties": {
        "id": "IDFM:423612",
        "name": "ZI Arsonval",
        "code": "",
        "territories": [
          "TàD Roissy Villiers-le-Bel"
        ],
        "routes": [
          "TàD"
        ]
      }
    },
    {
      "type": "Feature",
      "geometry": {
        "type": "Point",
        "coordinates": [
          2.5985234209401034,
          49.01880794209666
        ]
      },
      "properties": {
        "id": "IDFM:495208",
        "name": "ZI du Mesnil-Amelot",
        "code": "",
        "territories": [
          "TàD Roissy Othis",
          "TàD Roissy Saint-Pathus"
        ],
        "routes": [
          "TàD",
          "TàD"
        ]
      }
    },
    {
      "type": "Feature",
      "geometry": {
        "type": "Point",
        "coordinates": [
          2.5986618010301883,
          49.018592597377264
        ]
      },
      "properties": {
        "id": "IDFM:38029",
        "name": "ZI du Mesnil-Amelot",
        "code": "",
        "territories": [
          "TàD Roissy Othis"
        ],
        "routes": [
          "TàD"
        ]
      }
    },
    {
      "type": "Feature",
      "geometry": {
        "type": "Point",
        "coordinates": [
          2.6831834628035294,
          49.03579504690774
        ]
      },
      "properties": {
        "id": "IDFM:495049",
        "name": "Zone Commerciale",
        "code": "",
        "territories": [
          "TàD Goêle"
        ],
        "routes": [
          "TàD"
        ]
      }
    },
    {
      "type": "Feature",
      "geometry": {
        "type": "Point",
        "coordinates": [
          2.1357440325534784,
          49.099320066800644
        ]
      },
      "properties": {
        "id": "IDFM:40912",
        "name": "Zone d'Activités",
        "code": "",
        "territories": [
          "TàD Vexin Est"
        ],
        "routes": [
          "TàD"
        ]
      }
    },
    {
      "type": "Feature",
      "geometry": {
        "type": "Point",
        "coordinates": [
          2.5861587537007704,
          49.01950329890377
        ]
      },
      "properties": {
        "id": "IDFM:492912",
        "name": "Zone Hôtelière du Mesnil-Amelot",
        "code": "",
        "territories": [
          "TàD Roissy Othis",
          "TàD Roissy Saint-Pathus"
        ],
        "routes": [
          "TàD",
          "TàD"
        ]
      }
    },
    {
      "type": "Feature",
      "geometry": {
        "type": "Point",
        "coordinates": [
          2.587553452176834,
          49.0194811224655
        ]
      },
      "properties": {
        "id": "IDFM:38024",
        "name": "Zone Hôtelière du Mesnil-Amelot",
        "code": "",
        "territories": [
          "TàD Roissy Othis"
        ],
        "routes": [
          "TàD"
        ]
      }
    },
    {
      "type": "Feature",
      "geometry": {
        "type": "Point",
        "coordinates": [
          2.905152121992949,
          48.95648787989398
        ]
      },
      "properties": {
        "id": "IDFM:485736",
        "name": "Zone Industrielle",
        "code": "",
        "territories": [
          "TàD ZI Poincy"
        ],
        "routes": [
          "TàD"
        ]
      }
    },
    {
      "type": "Feature",
      "geometry": {
        "type": "Point",
        "coordinates": [
          2.5331161603096386,
          49.011449693979436
        ]
      },
      "properties": {
        "id": "IDFM:419700",
        "name": "Zone Technique",
        "code": "",
        "territories": [
          "TàD Roissy Fosses"
        ],
        "routes": [
          "TàD"
        ]
      }
    },
    {
      "type": "Feature",
      "geometry": {
        "type": "Point",
        "coordinates": [
          2.532466268800712,
          49.01075477420743
        ]
      },
      "properties": {
        "id": "IDFM:461672",
        "name": "Zone Technique",
        "code": "",
        "territories": [
          "TàD Roissy Fosses",
          "TàD Roissy Goussainville",
          "TàD Roissy Sarcelles",
          "TàD Roissy Villiers-le-Bel"
        ],
        "routes": [
          "TàD",
          "TàD",
          "TàD",
          "TàD"
        ]
      }
    },
    {
      "type": "Feature",
      "geometry": {
        "type": "Point",
        "coordinates": [
          2.3268185160437977,
          48.47809183596492
        ]
      },
      "properties": {
        "id": "IDFM:11958",
        "name": "École",
        "code": "",
        "territories": [
          "TàD 4306"
        ],
        "routes": [
          "TàD 4306"
        ]
      }
    },
    {
      "type": "Feature",
      "geometry": {
        "type": "Point",
        "coordinates": [
          1.9212126027909315,
          49.025243451889175
        ]
      },
      "properties": {
        "id": "IDFM:32862",
        "name": "École",
        "code": "",
        "territories": [
          "TàD Nord Meulan - Les Mureaux"
        ],
        "routes": [
          "TàD"
        ]
      }
    },
    {
      "type": "Feature",
      "geometry": {
        "type": "Point",
        "coordinates": [
          1.921513569940687,
          49.025237163082004
        ]
      },
      "properties": {
        "id": "IDFM:32863",
        "name": "École",
        "code": "",
        "territories": [
          "TàD Nord Meulan - Les Mureaux"
        ],
        "routes": [
          "TàD"
        ]
      }
    },
    {
      "type": "Feature",
      "geometry": {
        "type": "Point",
        "coordinates": [
          3.1085266006417824,
          48.58829408611668
        ]
      },
      "properties": {
        "id": "IDFM:477940",
        "name": "École",
        "code": "",
        "territories": [
          "TàD Nangis / Saint-Just"
        ],
        "routes": [
          "TàD"
        ]
      }
    },
    {
      "type": "Feature",
      "geometry": {
        "type": "Point",
        "coordinates": [
          2.501859390683434,
          49.08494877619302
        ]
      },
      "properties": {
        "id": "IDFM:419735",
        "name": "École de la Garenne",
        "code": "",
        "territories": [
          "TàD Roissy Fosses"
        ],
        "routes": [
          "TàD"
        ]
      }
    },
    {
      "type": "Feature",
      "geometry": {
        "type": "Point",
        "coordinates": [
          2.467814512169874,
          49.03825288561967
        ]
      },
      "properties": {
        "id": "IDFM:37989",
        "name": "École Gabriel Péri",
        "code": "",
        "territories": [
          "TàD Roissy Goussainville"
        ],
        "routes": [
          "TàD"
        ]
      }
    },
    {
      "type": "Feature",
      "geometry": {
        "type": "Point",
        "coordinates": [
          2.4681338556621113,
          49.03778672161581
        ]
      },
      "properties": {
        "id": "IDFM:37990",
        "name": "École Gabriel Péri",
        "code": "",
        "territories": [
          "TàD Roissy Goussainville"
        ],
        "routes": [
          "TàD"
        ]
      }
    },
    {
      "type": "Feature",
      "geometry": {
        "type": "Point",
        "coordinates": [
          2.4520631599158476,
          49.03006233205797
        ]
      },
      "properties": {
        "id": "IDFM:38519",
        "name": "École Jacques Prévert",
        "code": "",
        "territories": [
          "TàD Roissy Goussainville"
        ],
        "routes": [
          "TàD"
        ]
      }
    },
    {
      "type": "Feature",
      "geometry": {
        "type": "Point",
        "coordinates": [
          1.8804450460940443,
          49.00196554767667
        ]
      },
      "properties": {
        "id": "IDFM:32770",
        "name": "École Les Bergeronnettes",
        "code": "",
        "territories": [
          "TàD Nord Meulan - Les Mureaux"
        ],
        "routes": [
          "TàD"
        ]
      }
    },
    {
      "type": "Feature",
      "geometry": {
        "type": "Point",
        "coordinates": [
          1.8806939329960397,
          49.001832975712816
        ]
      },
      "properties": {
        "id": "IDFM:32771",
        "name": "École Les Bergeronnettes",
        "code": "",
        "territories": [
          "TàD Nord Meulan - Les Mureaux"
        ],
        "routes": [
          "TàD"
        ]
      }
    },
    {
      "type": "Feature",
      "geometry": {
        "type": "Point",
        "coordinates": [
          2.676380602773168,
          49.06087268504236
        ]
      },
      "properties": {
        "id": "IDFM:481041",
        "name": "École Petit Prince",
        "code": "",
        "territories": [
          "TàD Goêle"
        ],
        "routes": [
          "TàD"
        ]
      }
    },
    {
      "type": "Feature",
      "geometry": {
        "type": "Point",
        "coordinates": [
          2.363613834785949,
          48.4777279339163
        ]
      },
      "properties": {
        "id": "IDFM:427791",
        "name": "École Vieilles Vignes",
        "code": "",
        "territories": [
          "TàD 4306"
        ],
        "routes": [
          "TàD 4306"
        ]
      }
    },
    {
      "type": "Feature",
      "geometry": {
        "type": "Point",
        "coordinates": [
          2.363206168608477,
          48.551493805759065
        ]
      },
      "properties": {
        "id": "IDFM:493006",
        "name": "Écoles",
        "code": "",
        "territories": [
          "TàD 4301/4530"
        ],
        "routes": [
          "TàD 4301"
        ]
      }
    },
    {
      "type": "Feature",
      "geometry": {
        "type": "Point",
        "coordinates": [
          2.3404859311157433,
          48.4553894744252
        ]
      },
      "properties": {
        "id": "IDFM:415596",
        "name": "Église",
        "code": "",
        "territories": [
          "TàD 4306"
        ],
        "routes": [
          "TàD 4306"
        ]
      }
    },
    {
      "type": "Feature",
      "geometry": {
        "type": "Point",
        "coordinates": [
          3.0755716966910387,
          48.593248977826754
        ]
      },
      "properties": {
        "id": "IDFM:425320",
        "name": "Église",
        "code": "",
        "territories": [
          "TàD Nangis / Saint-Just"
        ],
        "routes": [
          "TàD"
        ]
      }
    },
    {
      "type": "Feature",
      "geometry": {
        "type": "Point",
        "coordinates": [
          2.8072875753835347,
          49.039789874900656
        ]
      },
      "properties": {
        "id": "IDFM:415845",
        "name": "Église",
        "code": "",
        "territories": [
          "TàD Roissy Saint-Pathus"
        ],
        "routes": [
          "TàD"
        ]
      }
    },
    {
      "type": "Feature",
      "geometry": {
        "type": "Point",
        "coordinates": [
          2.692014287204841,
          49.03644744244082
        ]
      },
      "properties": {
        "id": "IDFM:415844",
        "name": "Église",
        "code": "",
        "territories": [
          "TàD Goêle",
          "TàD Roissy Saint-Pathus"
        ],
        "routes": [
          "TàD",
          "TàD"
        ]
      }
    },
    {
      "type": "Feature",
      "geometry": {
        "type": "Point",
        "coordinates": [
          2.817757550536221,
          49.07010780944717
        ]
      },
      "properties": {
        "id": "IDFM:415837",
        "name": "Église",
        "code": "",
        "territories": [
          "TàD Roissy Saint-Pathus"
        ],
        "routes": [
          "TàD"
        ]
      }
    },
    {
      "type": "Feature",
      "geometry": {
        "type": "Point",
        "coordinates": [
          1.8936882145692056,
          49.007681921407205
        ]
      },
      "properties": {
        "id": "IDFM:476966",
        "name": "Église",
        "code": "",
        "territories": [
          "TàD Nord Meulan - Les Mureaux"
        ],
        "routes": [
          "TàD"
        ]
      }
    },
    {
      "type": "Feature",
      "geometry": {
        "type": "Point",
        "coordinates": [
          2.7388432809341428,
          48.73969977243111
        ]
      },
      "properties": {
        "id": "IDFM:6325",
        "name": "Église",
        "code": "",
        "territories": [
          "TàD Gretz-Tournan"
        ],
        "routes": [
          "TàD"
        ]
      }
    },
    {
      "type": "Feature",
      "geometry": {
        "type": "Point",
        "coordinates": [
          2.6916035277342822,
          49.036527314339956
        ]
      },
      "properties": {
        "id": "IDFM:423551",
        "name": "Église",
        "code": "",
        "territories": [
          "TàD Goêle",
          "TàD Roissy Saint-Pathus"
        ],
        "routes": [
          "TàD",
          "TàD"
        ]
      }
    },
    {
      "type": "Feature",
      "geometry": {
        "type": "Point",
        "coordinates": [
          1.8865783856050256,
          49.15135688314206
        ]
      },
      "properties": {
        "id": "IDFM:29657",
        "name": "Église",
        "code": "",
        "territories": [
          "TàD Vexin Est"
        ],
        "routes": [
          "TàD"
        ]
      }
    },
    {
      "type": "Feature",
      "geometry": {
        "type": "Point",
        "coordinates": [
          2.7387336398851048,
          48.73987042205068
        ]
      },
      "properties": {
        "id": "IDFM:477301",
        "name": "Église",
        "code": "",
        "territories": [
          "TàD Gretz-Tournan"
        ],
        "routes": [
          "TàD"
        ]
      }
    },
    {
      "type": "Feature",
      "geometry": {
        "type": "Point",
        "coordinates": [
          3.075870075796412,
          48.59328476901168
        ]
      },
      "properties": {
        "id": "IDFM:9703",
        "name": "Église",
        "code": "",
        "territories": [
          "TàD Nangis / Saint-Just"
        ],
        "routes": [
          "TàD"
        ]
      }
    },
    {
      "type": "Feature",
      "geometry": {
        "type": "Point",
        "coordinates": [
          2.5933250302771995,
          49.01746862413515
        ]
      },
      "properties": {
        "id": "IDFM:424497",
        "name": "Église",
        "code": "",
        "territories": [
          "TàD Roissy Othis"
        ],
        "routes": [
          "TàD"
        ]
      }
    },
    {
      "type": "Feature",
      "geometry": {
        "type": "Point",
        "coordinates": [
          2.663671475951826,
          49.05211591721345
        ]
      },
      "properties": {
        "id": "IDFM:38273",
        "name": "Église",
        "code": "",
        "territories": [
          "TàD Goêle"
        ],
        "routes": [
          "TàD"
        ]
      }
    },
    {
      "type": "Feature",
      "geometry": {
        "type": "Point",
        "coordinates": [
          2.8066761843678574,
          49.03979788406796
        ]
      },
      "properties": {
        "id": "IDFM:38389",
        "name": "Église",
        "code": "",
        "territories": [
          "TàD Roissy Saint-Pathus"
        ],
        "routes": [
          "TàD"
        ]
      }
    },
    {
      "type": "Feature",
      "geometry": {
        "type": "Point",
        "coordinates": [
          2.7170378692712576,
          49.06223412457149
        ]
      },
      "properties": {
        "id": "IDFM:38355",
        "name": "Église",
        "code": "",
        "territories": [
          "TàD Goêle"
        ],
        "routes": [
          "TàD"
        ]
      }
    },
    {
      "type": "Feature",
      "geometry": {
        "type": "Point",
        "coordinates": [
          2.7842546357071845,
          49.008081423121595
        ]
      },
      "properties": {
        "id": "IDFM:38350",
        "name": "Église",
        "code": "",
        "territories": [
          "TàD Goêle"
        ],
        "routes": [
          "TàD"
        ]
      }
    },
    {
      "type": "Feature",
      "geometry": {
        "type": "Point",
        "coordinates": [
          2.4572630274741645,
          49.0663589362102
        ]
      },
      "properties": {
        "id": "IDFM:41637",
        "name": "Église",
        "code": "",
        "territories": [
          "TàD Luzarches - Goussainville"
        ],
        "routes": [
          "TàD"
        ]
      }
    },
    {
      "type": "Feature",
      "geometry": {
        "type": "Point",
        "coordinates": [
          2.593955156350115,
          49.01730890122951
        ]
      },
      "properties": {
        "id": "IDFM:38026",
        "name": "Église",
        "code": "",
        "territories": [
          "TàD Roissy Othis",
          "TàD Roissy Saint-Pathus"
        ],
        "routes": [
          "TàD",
          "TàD"
        ]
      }
    },
    {
      "type": "Feature",
      "geometry": {
        "type": "Point",
        "coordinates": [
          2.4460316385484644,
          48.576340684062515
        ]
      },
      "properties": {
        "id": "IDFM:9455",
        "name": "Église",
        "code": "",
        "territories": [
          "TàD 4318"
        ],
        "routes": [
          "TàD 4318"
        ]
      }
    },
    {
      "type": "Feature",
      "geometry": {
        "type": "Point",
        "coordinates": [
          2.445314428957524,
          48.57622040031255
        ]
      },
      "properties": {
        "id": "IDFM:9456",
        "name": "Église",
        "code": "",
        "territories": [
          "TàD 4318"
        ],
        "routes": [
          "TàD 4318"
        ]
      }
    },
    {
      "type": "Feature",
      "geometry": {
        "type": "Point",
        "coordinates": [
          2.356793379935906,
          49.076560177124286
        ]
      },
      "properties": {
        "id": "IDFM:419480",
        "name": "Église",
        "code": "",
        "territories": [
          "TàD Luzarches - Goussainville"
        ],
        "routes": [
          "TàD"
        ]
      }
    },
    {
      "type": "Feature",
      "geometry": {
        "type": "Point",
        "coordinates": [
          2.0218456550263784,
          49.14261452939631
        ]
      },
      "properties": {
        "id": "IDFM:29545",
        "name": "Église",
        "code": "",
        "territories": [
          "TàD Vexin Est"
        ],
        "routes": [
          "TàD"
        ]
      }
    },
    {
      "type": "Feature",
      "geometry": {
        "type": "Point",
        "coordinates": [
          2.0629874439066387,
          49.12220747963139
        ]
      },
      "properties": {
        "id": "IDFM:29556",
        "name": "Église",
        "code": "",
        "territories": [
          "TàD Vexin Est"
        ],
        "routes": [
          "TàD"
        ]
      }
    },
    {
      "type": "Feature",
      "geometry": {
        "type": "Point",
        "coordinates": [
          2.2665375009211757,
          48.62044660378644
        ]
      },
      "properties": {
        "id": "IDFM:3126",
        "name": "Église",
        "code": "",
        "territories": [
          "TàD 4591"
        ],
        "routes": [
          "TàD 4591"
        ]
      }
    },
    {
      "type": "Feature",
      "geometry": {
        "type": "Point",
        "coordinates": [
          2.2662736032384365,
          48.619914247743495
        ]
      },
      "properties": {
        "id": "IDFM:3125",
        "name": "Église",
        "code": "",
        "territories": [
          "TàD 4591"
        ],
        "routes": [
          "TàD 4591"
        ]
      }
    },
    {
      "type": "Feature",
      "geometry": {
        "type": "Point",
        "coordinates": [
          2.341406495070936,
          48.51464444637203
        ]
      },
      "properties": {
        "id": "IDFM:11765",
        "name": "Église",
        "code": "",
        "territories": [
          "TàD 4306"
        ],
        "routes": [
          "TàD 4306"
        ]
      }
    },
    {
      "type": "Feature",
      "geometry": {
        "type": "Point",
        "coordinates": [
          2.333746823287856,
          48.542030663436165
        ]
      },
      "properties": {
        "id": "IDFM:11768",
        "name": "Église",
        "code": "",
        "territories": [
          "TàD 4305"
        ],
        "routes": [
          "TàD 4305"
        ]
      }
    },
    {
      "type": "Feature",
      "geometry": {
        "type": "Point",
        "coordinates": [
          2.33427696793213,
          48.541889697629635
        ]
      },
      "properties": {
        "id": "IDFM:11769",
        "name": "Église",
        "code": "",
        "territories": [
          "TàD 4305"
        ],
        "routes": [
          "TàD 4305"
        ]
      }
    },
    {
      "type": "Feature",
      "geometry": {
        "type": "Point",
        "coordinates": [
          1.895537388522241,
          48.96584548323345
        ]
      },
      "properties": {
        "id": "IDFM:32908",
        "name": "Église",
        "code": "",
        "territories": [
          "TàD Sud Meulan - Les Mureaux"
        ],
        "routes": [
          "TàD"
        ]
      }
    },
    {
      "type": "Feature",
      "geometry": {
        "type": "Point",
        "coordinates": [
          1.9270839839992155,
          49.07661575175582
        ]
      },
      "properties": {
        "id": "IDFM:32950",
        "name": "Église",
        "code": "",
        "territories": [
          "TàD Vexin Est"
        ],
        "routes": [
          "TàD"
        ]
      }
    },
    {
      "type": "Feature",
      "geometry": {
        "type": "Point",
        "coordinates": [
          2.818563041479904,
          49.070657505801954
        ]
      },
      "properties": {
        "id": "IDFM:425933",
        "name": "Église",
        "code": "",
        "territories": [
          "TàD Roissy Saint-Pathus"
        ],
        "routes": [
          "TàD"
        ]
      }
    },
    {
      "type": "Feature",
      "geometry": {
        "type": "Point",
        "coordinates": [
          1.8937860435938834,
          49.00770980162359
        ]
      },
      "properties": {
        "id": "IDFM:490510",
        "name": "Église",
        "code": "",
        "territories": [
          "TàD Nord Meulan - Les Mureaux"
        ],
        "routes": [
          "TàD"
        ]
      }
    },
    {
      "type": "Feature",
      "geometry": {
        "type": "Point",
        "coordinates": [
          2.7171342858745984,
          49.06211746154056
        ]
      },
      "properties": {
        "id": "IDFM:423761",
        "name": "Église",
        "code": "",
        "territories": [
          "TàD Goêle"
        ],
        "routes": [
          "TàD"
        ]
      }
    },
    {
      "type": "Feature",
      "geometry": {
        "type": "Point",
        "coordinates": [
          2.7844192179927383,
          49.00794683908069
        ]
      },
      "properties": {
        "id": "IDFM:423767",
        "name": "Église",
        "code": "",
        "territories": [
          "TàD Goêle"
        ],
        "routes": [
          "TàD"
        ]
      }
    },
    {
      "type": "Feature",
      "geometry": {
        "type": "Point",
        "coordinates": [
          2.372594731949975,
          48.33536461467048
        ]
      },
      "properties": {
        "id": "IDFM:7264",
        "name": "Église",
        "code": "",
        "territories": [
          "TàD 4342",
          "TàD 4343"
        ],
        "routes": [
          "TàD 4342",
          "TàD 4343"
        ]
      }
    },
    {
      "type": "Feature",
      "geometry": {
        "type": "Point",
        "coordinates": [
          2.388598765182995,
          49.00682603359503
        ]
      },
      "properties": {
        "id": "IDFM:494372",
        "name": "Église / Mairie de Villiers-le-Bel",
        "code": "",
        "territories": [
          "TàD Roissy Villiers-le-Bel"
        ],
        "routes": [
          "TàD"
        ]
      }
    },
    {
      "type": "Feature",
      "geometry": {
        "type": "Point",
        "coordinates": [
          2.389622730641695,
          49.008090156539346
        ]
      },
      "properties": {
        "id": "IDFM:39653",
        "name": "Église de Villiers-le-Bel",
        "code": "",
        "territories": [
          "TàD Roissy Villiers-le-Bel"
        ],
        "routes": [
          "TàD"
        ]
      }
    },
    {
      "type": "Feature",
      "geometry": {
        "type": "Point",
        "coordinates": [
          2.705102361112065,
          49.01237308333763
        ]
      },
      "properties": {
        "id": "IDFM:38260",
        "name": "Église Saint-Étienne",
        "code": "",
        "territories": [
          "TàD Goêle",
          "TàD Roissy Juilly"
        ],
        "routes": [
          "TàD",
          "TàD"
        ]
      }
    },
    {
      "type": "Feature",
      "geometry": {
        "type": "Point",
        "coordinates": [
          2.3350696009919676,
          48.670601238627036
        ]
      },
      "properties": {
        "id": "IDFM:490481",
        "name": "Épinay-sur-Orge",
        "code": "",
        "territories": [
          "TàD 4592"
        ],
        "routes": [
          "TàD 4592"
        ]
      }
    }
  ]
}