<?xml version="1.0" encoding="UTF-8"?>
<kml xmlns="http://www.opengis.net/kml/2.2"><Document><name>Arrêts TAD Île-de-France</name><Placemark><name>8 mai 1945</name><description><![CDATA[<b>Territoire :</b> TàD Roissy Sarcelles<br/><b>Lignes :</b> TàD<br/><b>Identifiant :</b> IDFM:37991]]></description><Point><coordinates>2.4091091015191943,48.97613898109351,0</coordinates></Point></Placemark><Placemark><name>8 mai 1945</name><description><![CDATA[<b>Territoire :</b> TàD Roissy Sarcelles<br/><b>Lignes :</b> TàD<br/><b>Identifiant :</b> IDFM:423561]]></description><Point><coordinates>2.409467014941097,48.975897946912276,0</coordinates></Point></Placemark><Placemark><name>Abreuvoir</name><description><![CDATA[<b>Territoire :</b> TàD Aigremont - Chambourcy<br/><b>Lignes :</b> TàD<br/><b>Identifiant :</b> IDFM:13674]]></description><Point><coordinates>2.0204490967328397,48.90333953223706,0</coordinates></Point></Placemark><Placemark><name>Abri des Vignes</name><description><![CDATA[<b>Territoire :</b> TàD Vexin Est<br/><b>Lignes :</b> TàD<br/><b>Identifiant :</b> IDFM:29526]]></description><Point><coordinates>2.0714547629042253,49.19020221647166,0</coordinates></Point></Placemark><Placemark><name>Abribus</name><description><![CDATA[<b>Territoire :</b> TàD Vexin Est<br/><b>Lignes :</b> TàD<br/><b>Identifiant :</b> IDFM:413564]]></description><Point><coordinates>1.847053888039254,49.10600751137223,0</coordinates></Point></Placemark><Placemark><name>Abribus</name><description><![CDATA[<b>Territoire :</b> TàD Vexin Est<br/><b>Lignes :</b> TàD<br/><b>Identifiant :</b> IDFM:32597]]></description><Point><coordinates>1.8471384449486548,49.105900417290506,0</coordinates></Point></Placemark><Placemark><name>Abribus</name><description><![CDATA[<b>Territoire :</b> TàD 4342<br/><b>Lignes :</b> TàD 4342<br/><b>Identifiant :</b> IDFM:485693]]></description><Point><coordinates>2.261313058055181,48.40317357568285,0</coordinates></Point></Placemark><Placemark><name>Abribus</name><description><![CDATA[<b>Territoire :</b> TàD 4342<br/><b>Lignes :</b> TàD 4342<br/><b>Identifiant :</b> IDFM:485691]]></description><Point><coordinates>2.261345135055555,48.402813896122424,0</coordinates></Point></Placemark><Placemark><name>Acacias</name><description><![CDATA[<b>Territoire :</b> TàD Roissy Goussainville<br/><b>Lignes :</b> TàD<br/><b>Identifiant :</b> IDFM:495790]]></description><Point><coordinates>2.466641963673299,49.03922780038138,0</coordinates></Point></Placemark><Placemark><name>Agrippa d&apos;Aubigné</name><description><![CDATA[<b>Territoire :</b> TàD Sud Meulan - Les Mureaux<br/><b>Lignes :</b> TàD<br/><b>Identifiant :</b> IDFM:13523]]></description><Point><coordinates>1.9679058868082444,48.95581532556146,0</coordinates></Point></Placemark><Placemark><name>Agrippa d&apos;Aubigné</name><description><![CDATA[<b>Territoire :</b> TàD Sud Meulan - Les Mureaux<br/><b>Lignes :</b> TàD<br/><b>Identifiant :</b> IDFM:13524]]></description><Point><coordinates>1.968148821553479,48.956132177069726,0</coordinates></Point></Placemark><Placemark><name>Airapolis</name><description><![CDATA[<b>Territoire :</b> TàD Roissy Sarcelles<br/><b>Lignes :</b> TàD, TàD, TàD<br/><b>Identifiant :</b> IDFM:419509]]></description><Point><coordinates>2.5195031066856775,49.00680100725861,0</coordinates></Point></Placemark><Placemark><name>Airapolis</name><description><![CDATA[<b>Territoire :</b> TàD Roissy Sarcelles<br/><b>Lignes :</b> TàD, TàD, TàD<br/><b>Identifiant :</b> IDFM:38061]]></description><Point><coordinates>2.519447270115817,49.006926673485054,0</coordinates></Point></Placemark><Placemark><name>Albert Camus / Les Cholettes</name><description><![CDATA[<b>Territoire :</b> TàD Roissy Sarcelles<br/><b>Lignes :</b> TàD<br/><b>Identifiant :</b> IDFM:38081]]></description><Point><coordinates>2.3721555058090518,48.977408035585604,0</coordinates></Point></Placemark><Placemark><name>Albert Camus / Les Cholettes</name><description><![CDATA[<b>Territoire :</b> TàD Roissy Sarcelles<br/><b>Lignes :</b> TàD<br/><b>Identifiant :</b> IDFM:423589]]></description><Point><coordinates>2.3722078654467387,48.977597151985385,0</coordinates></Point></Placemark><Placemark><name>Albert Perdreaux</name><description><![CDATA[<b>Territoire :</b> TàD 6131<br/><b>Lignes :</b> TàD 6131<br/><b>Identifiant :</b> IDFM:12748]]></description><Point><coordinates>2.182495734646445,48.7969001566981,0</coordinates></Point></Placemark><Placemark><name>Albert Perdreaux</name><description><![CDATA[<b>Territoire :</b> TàD 6131<br/><b>Lignes :</b> TàD 6131<br/><b>Identifiant :</b> IDFM:12749]]></description><Point><coordinates>2.182792956084104,48.797046096040965,0</coordinates></Point></Placemark><Placemark><name>Alfred de Vigny</name><description><![CDATA[<b>Territoire :</b> TàD Gretz-Tournan<br/><b>Lignes :</b> TàD<br/><b>Identifiant :</b> IDFM:426282]]></description><Point><coordinates>2.7288016889560986,48.74084662781492,0</coordinates></Point></Placemark><Placemark><name>Alfred de Vigny</name><description><![CDATA[<b>Territoire :</b> TàD Gretz-Tournan<br/><b>Lignes :</b> TàD<br/><b>Identifiant :</b> IDFM:21886]]></description><Point><coordinates>2.7282715321242663,48.740809445611404,0</coordinates></Point></Placemark><Placemark><name>Alfred Lasson</name><description><![CDATA[<b>Territoire :</b> TàD Nord Meulan - Les Mureaux<br/><b>Lignes :</b> TàD<br/><b>Identifiant :</b> IDFM:32768]]></description><Point><coordinates>1.877777603363984,49.00269603748172,0</coordinates></Point></Placemark><Placemark><name>Alfred Lasson</name><description><![CDATA[<b>Territoire :</b> TàD Nord Meulan - Les Mureaux<br/><b>Lignes :</b> TàD<br/><b>Identifiant :</b> IDFM:32769]]></description><Point><coordinates>1.8778730697308696,49.00270592306674,0</coordinates></Point></Placemark><Placemark><name>Allée Noire</name><description><![CDATA[<b>Territoire :</b> TàD 6131<br/><b>Lignes :</b> TàD 6131<br/><b>Identifiant :</b> IDFM:12750]]></description><Point><coordinates>2.181725111466193,48.7956896636169,0</coordinates></Point></Placemark><Placemark><name>Ampère</name><description><![CDATA[<b>Territoire :</b> TàD ZI Poincy<br/><b>Lignes :</b> TàD<br/><b>Identifiant :</b> IDFM:485775]]></description><Point><coordinates>2.910827291723814,48.95959460536266,0</coordinates></Point></Placemark><Placemark><name>Ampère</name><description><![CDATA[<b>Territoire :</b> TàD ZI Poincy<br/><b>Lignes :</b> TàD<br/><b>Identifiant :</b> IDFM:485773]]></description><Point><coordinates>2.9105950496810484,48.95964838662354,0</coordinates></Point></Placemark><Placemark><name>Ampère - Chartrel</name><description><![CDATA[<b>Territoire :</b> TàD Roissy Goussainville<br/><b>Lignes :</b> TàD<br/><b>Identifiant :</b> IDFM:37948]]></description><Point><coordinates>2.4562820311315017,49.03591728380292,0</coordinates></Point></Placemark><Placemark><name>Ampère - Chartrel</name><description><![CDATA[<b>Territoire :</b> TàD Roissy Goussainville<br/><b>Lignes :</b> TàD<br/><b>Identifiant :</b> IDFM:38429]]></description><Point><coordinates>2.4567652872716845,49.035478866355746,0</coordinates></Point></Placemark><Placemark><name>Anatole France</name><description><![CDATA[<b>Territoire :</b> TàD Roissy Sud<br/><b>Lignes :</b> TàD<br/><b>Identifiant :</b> IDFM:39276]]></description><Point><coordinates>2.6095928617395905,48.94666346648047,0</coordinates></Point></Placemark><Placemark><name>André Carrez</name><description><![CDATA[<b>Territoire :</b> TàD Roissy Sud<br/><b>Lignes :</b> TàD<br/><b>Identifiant :</b> IDFM:38031]]></description><Point><coordinates>2.6255143905263107,48.978538488249136,0</coordinates></Point></Placemark><Placemark><name>André Citroën - Centre de Production</name><description><![CDATA[<b>Territoire :</b> TàD Roissy Sud<br/><b>Lignes :</b> TàD<br/><b>Identifiant :</b> IDFM:40108]]></description><Point><coordinates>2.4946629109376235,48.965109505544525,0</coordinates></Point></Placemark><Placemark><name>André Citroën - Centre de Production</name><description><![CDATA[<b>Territoire :</b> TàD Roissy Sud<br/><b>Lignes :</b> TàD<br/><b>Identifiant :</b> IDFM:22278]]></description><Point><coordinates>2.4961134309178283,48.96481885653656,0</coordinates></Point></Placemark><Placemark><name>Aqueduc</name><description><![CDATA[<b>Territoire :</b> TàD 4308<br/><b>Lignes :</b> TàD 4308, TàD 4318<br/><b>Identifiant :</b> IDFM:426747]]></description><Point><coordinates>2.4387931899357076,48.53198467807074,0</coordinates></Point></Placemark><Placemark><name>Aqueduc</name><description><![CDATA[<b>Territoire :</b> TàD 4308<br/><b>Lignes :</b> TàD 4308, TàD 4318<br/><b>Identifiant :</b> IDFM:426748]]></description><Point><coordinates>2.4387615770226847,48.532407336801036,0</coordinates></Point></Placemark><Placemark><name>Arcades</name><description><![CDATA[<b>Territoire :</b> TàD Bassin Chellois<br/><b>Lignes :</b> TàD, TàD, TàD<br/><b>Identifiant :</b> IDFM:496480]]></description><Point><coordinates>2.6193256366719306,48.88158658933634,0</coordinates></Point></Placemark><Placemark><name>Aristide Briand</name><description><![CDATA[<b>Territoire :</b> TàD 4591<br/><b>Lignes :</b> TàD 4591<br/><b>Identifiant :</b> IDFM:3122]]></description><Point><coordinates>2.2672891987752632,48.612301344170326,0</coordinates></Point></Placemark><Placemark><name>Arquebuse</name><description><![CDATA[<b>Territoire :</b> TàD Nord Meulan - Les Mureaux<br/><b>Lignes :</b> TàD<br/><b>Identifiant :</b> IDFM:471527]]></description><Point><coordinates>1.9107533617115784,49.00430382870603,0</coordinates></Point></Placemark><Placemark><name>Arthur Rimbaud</name><description><![CDATA[<b>Territoire :</b> TàD Roissy Villiers-le-Bel<br/><b>Lignes :</b> TàD<br/><b>Identifiant :</b> IDFM:490589]]></description><Point><coordinates>2.415430709742587,48.999505150254,0</coordinates></Point></Placemark><Placemark><name>Arthur Rimbaud</name><description><![CDATA[<b>Territoire :</b> TàD Roissy Villiers-le-Bel<br/><b>Lignes :</b> TàD<br/><b>Identifiant :</b> IDFM:490590]]></description><Point><coordinates>2.4156363060251063,48.999452197947264,0</coordinates></Point></Placemark><Placemark><name>Arts</name><description><![CDATA[<b>Territoire :</b> TàD Roissy Sud<br/><b>Lignes :</b> TàD<br/><b>Identifiant :</b> IDFM:415651]]></description><Point><coordinates>2.504851951111282,48.94211300062643,0</coordinates></Point></Placemark><Placemark><name>Arts</name><description><![CDATA[<b>Territoire :</b> TàD Roissy Sud<br/><b>Lignes :</b> TàD<br/><b>Identifiant :</b> IDFM:37951]]></description><Point><coordinates>2.5049485350684333,48.94200548735242,0</coordinates></Point></Placemark><Placemark><name>Ateliers Municipaux</name><description><![CDATA[<b>Territoire :</b> TàD 3209<br/><b>Lignes :</b> TàD 3209<br/><b>Identifiant :</b> IDFM:9771]]></description><Point><coordinates>3.2979498070730555,48.555398057811665,0</coordinates></Point></Placemark><Placemark><name>Aubin</name><description><![CDATA[<b>Territoire :</b> TàD 4305<br/><b>Lignes :</b> TàD 4305<br/><b>Identifiant :</b> IDFM:492714]]></description><Point><coordinates>2.3556950113064423,48.50996381549992,0</coordinates></Point></Placemark><Placemark><name>Aubin</name><description><![CDATA[<b>Territoire :</b> TàD 4305<br/><b>Lignes :</b> TàD 4305<br/><b>Identifiant :</b> IDFM:492713]]></description><Point><coordinates>2.355384624050566,48.509881166929404,0</coordinates></Point></Placemark><Placemark><name>Auguste Renoir</name><description><![CDATA[<b>Territoire :</b> TàD Roissy Sud<br/><b>Lignes :</b> TàD<br/><b>Identifiant :</b> IDFM:19301]]></description><Point><coordinates>2.4908141288036707,48.95228782851666,0</coordinates></Point></Placemark><Placemark><name>Austerlitz</name><description><![CDATA[<b>Territoire :</b> TàD Bassin Chellois<br/><b>Lignes :</b> TàD, TàD, TàD<br/><b>Identifiant :</b> IDFM:16841]]></description><Point><coordinates>2.575542284267031,48.87818384887531,0</coordinates></Point></Placemark><Placemark><name>Avenue Bocquet</name><description><![CDATA[<b>Territoire :</b> TàD Roissy Sarcelles<br/><b>Lignes :</b> TàD, TàD<br/><b>Identifiant :</b> IDFM:38447]]></description><Point><coordinates>2.4832435513990645,49.010615905141314,0</coordinates></Point></Placemark><Placemark><name>Avenue Bocquet</name><description><![CDATA[<b>Territoire :</b> TàD Roissy Sarcelles<br/><b>Lignes :</b> TàD, TàD<br/><b>Identifiant :</b> IDFM:38421]]></description><Point><coordinates>2.482265300970602,49.01001820956549,0</coordinates></Point></Placemark><Placemark><name>Avenue de la Gare</name><description><![CDATA[<b>Territoire :</b> TàD Roissy Saint-Pathus<br/><b>Lignes :</b> TàD, TàD<br/><b>Identifiant :</b> IDFM:415821]]></description><Point><coordinates>2.6959817519926563,49.033876909242245,0</coordinates></Point></Placemark><Placemark><name>Avenue de la Gare</name><description><![CDATA[<b>Territoire :</b> TàD Roissy Saint-Pathus<br/><b>Lignes :</b> TàD, TàD<br/><b>Identifiant :</b> IDFM:38357]]></description><Point><coordinates>2.6961869338748277,49.03386843669796,0</coordinates></Point></Placemark><Placemark><name>Avenue de Meaux</name><description><![CDATA[<b>Territoire :</b> TàD ZI Poincy<br/><b>Lignes :</b> TàD<br/><b>Identifiant :</b> IDFM:478247]]></description><Point><coordinates>2.92105857873833,48.966579829203724,0</coordinates></Point></Placemark><Placemark><name>Avenue de Meaux</name><description><![CDATA[<b>Territoire :</b> TàD ZI Poincy<br/><b>Lignes :</b> TàD<br/><b>Identifiant :</b> IDFM:478246]]></description><Point><coordinates>2.9210857439480566,48.96667876243805,0</coordinates></Point></Placemark><Placemark><name>Avenue de Rebais</name><description><![CDATA[<b>Territoire :</b> TàD 2429<br/><b>Lignes :</b> TàD 2429<br/><b>Identifiant :</b> IDFM:477709]]></description><Point><coordinates>3.3022081275124497,48.786308861738014,0</coordinates></Point></Placemark><Placemark><name>Avenue de Rebais</name><description><![CDATA[<b>Territoire :</b> TàD 2429<br/><b>Lignes :</b> TàD 2429<br/><b>Identifiant :</b> IDFM:8592]]></description><Point><coordinates>3.302330464718219,48.786281570767876,0</coordinates></Point></Placemark><Placemark><name>Avenue de Savigny</name><description><![CDATA[<b>Territoire :</b> TàD Roissy Sud<br/><b>Lignes :</b> TàD<br/><b>Identifiant :</b> IDFM:423529]]></description><Point><coordinates>2.518123537092626,48.94481093000857,0</coordinates></Point></Placemark><Placemark><name>Avenue des Etats-Unis</name><description><![CDATA[<b>Territoire :</b> TàD 2429<br/><b>Lignes :</b> TàD 2429<br/><b>Identifiant :</b> IDFM:6277]]></description><Point><coordinates>3.299277594650755,48.78082099029105,0</coordinates></Point></Placemark><Placemark><name>Avenue des Etats-Unis</name><description><![CDATA[<b>Territoire :</b> TàD 2429<br/><b>Lignes :</b> TàD 2429<br/><b>Identifiant :</b> IDFM:6276]]></description><Point><coordinates>3.299210374923565,48.780965060700964,0</coordinates></Point></Placemark><Placemark><name>Avenue des Fresnes</name><description><![CDATA[<b>Territoire :</b> TàD Gretz-Tournan<br/><b>Lignes :</b> TàD<br/><b>Identifiant :</b> IDFM:495842]]></description><Point><coordinates>2.7212453891452313,48.73743841161402,0</coordinates></Point></Placemark><Placemark><name>Avenue des Fresnes</name><description><![CDATA[<b>Territoire :</b> TàD Gretz-Tournan<br/><b>Lignes :</b> TàD<br/><b>Identifiant :</b> IDFM:486319]]></description><Point><coordinates>2.722519795578308,48.73815192294144,0</coordinates></Point></Placemark><Placemark><name>Avenue des Tilleuls</name><description><![CDATA[<b>Territoire :</b> TàD Roissy Goussainville<br/><b>Lignes :</b> TàD<br/><b>Identifiant :</b> IDFM:38582]]></description><Point><coordinates>2.458167625598506,49.03346201610345,0</coordinates></Point></Placemark><Placemark><name>Avenue des Tilleuls</name><description><![CDATA[<b>Territoire :</b> TàD Roissy Goussainville<br/><b>Lignes :</b> TàD<br/><b>Identifiant :</b> IDFM:38102]]></description><Point><coordinates>2.4582959538506493,49.03295904607466,0</coordinates></Point></Placemark><Placemark><name>Avenue du Bois</name><description><![CDATA[<b>Territoire :</b> TàD 4592<br/><b>Lignes :</b> TàD 4592<br/><b>Identifiant :</b> IDFM:11649]]></description><Point><coordinates>2.3299730901357725,48.65816854769107,0</coordinates></Point></Placemark><Placemark><name>Avenue du Large</name><description><![CDATA[<b>Territoire :</b> TàD Roissy Fosses<br/><b>Lignes :</b> TàD<br/><b>Identifiant :</b> IDFM:38190]]></description><Point><coordinates>2.5099110131496425,49.09917928447619,0</coordinates></Point></Placemark><Placemark><name>Avenue du Large</name><description><![CDATA[<b>Territoire :</b> TàD Roissy Fosses<br/><b>Lignes :</b> TàD<br/><b>Identifiant :</b> IDFM:419548]]></description><Point><coordinates>2.5089238870802366,49.0993101273198,0</coordinates></Point></Placemark><Placemark><name>Aérodrome</name><description><![CDATA[<b>Territoire :</b> TàD 4305<br/><b>Lignes :</b> TàD 4305, TàD 4306<br/><b>Identifiant :</b> IDFM:492344]]></description><Point><coordinates>2.35110366875004,48.49476223815476,0</coordinates></Point></Placemark><Placemark><name>Aérodrome</name><description><![CDATA[<b>Territoire :</b> TàD 4305<br/><b>Lignes :</b> TàD 4305, TàD 4306<br/><b>Identifiant :</b> IDFM:492341]]></description><Point><coordinates>2.3511846194541812,48.49587821569317,0</coordinates></Point></Placemark><Placemark><name>Aéroport CDG - Terminal 2 (Route de service)</name><description><![CDATA[<b>Territoire :</b> TàD Roissy Sarcelles<br/><b>Lignes :</b> TàD, TàD, TàD, TàD<br/><b>Identifiant :</b> IDFM:38111]]></description><Point><coordinates>2.5583894874237667,49.00364128296663,0</coordinates></Point></Placemark><Placemark><name>Aéroville - Belle Borne</name><description><![CDATA[<b>Territoire :</b> TàD Roissy Sarcelles<br/><b>Lignes :</b> TàD, TàD, TàD, TàD<br/><b>Identifiant :</b> IDFM:424091]]></description><Point><coordinates>2.525456302607451,48.98953269875869,0</coordinates></Point></Placemark><Placemark><name>Aéroville - Belle Borne</name><description><![CDATA[<b>Territoire :</b> TàD Roissy Sud<br/><b>Lignes :</b> TàD<br/><b>Identifiant :</b> IDFM:39188]]></description><Point><coordinates>2.5254716083202715,48.98935291388587,0</coordinates></Point></Placemark><Placemark><name>Balagny</name><description><![CDATA[<b>Territoire :</b> TàD Roissy Sud<br/><b>Lignes :</b> TàD<br/><b>Identifiant :</b> IDFM:427392]]></description><Point><coordinates>2.4818479107747464,48.9430004696091,0</coordinates></Point></Placemark><Placemark><name>Balto</name><description><![CDATA[<b>Territoire :</b> TàD Sud Meulan - Les Mureaux<br/><b>Lignes :</b> TàD<br/><b>Identifiant :</b> IDFM:32448]]></description><Point><coordinates>1.8978524012993696,48.96488652470696,0</coordinates></Point></Placemark><Placemark><name>Beau Jay / Villaines</name><description><![CDATA[<b>Territoire :</b> TàD Luzarches - Goussainville<br/><b>Lignes :</b> TàD<br/><b>Identifiant :</b> IDFM:40478]]></description><Point><coordinates>2.3529151142163647,49.079914347692714,0</coordinates></Point></Placemark><Placemark><name>Beau Site</name><description><![CDATA[<b>Territoire :</b> TàD Eaubonne Domont<br/><b>Lignes :</b> TàD<br/><b>Identifiant :</b> IDFM:13297]]></description><Point><coordinates>2.267144773279193,49.00441936118754,0</coordinates></Point></Placemark><Placemark><name>Beau Site</name><description><![CDATA[<b>Territoire :</b> TàD Eaubonne Domont<br/><b>Lignes :</b> TàD<br/><b>Identifiant :</b> IDFM:13296]]></description><Point><coordinates>2.267007722242121,49.00444550135023,0</coordinates></Point></Placemark><Placemark><name>Beaumont</name><description><![CDATA[<b>Territoire :</b> TàD Roissy Fosses<br/><b>Lignes :</b> TàD<br/><b>Identifiant :</b> IDFM:423518]]></description><Point><coordinates>2.5146072661262653,49.102147484750645,0</coordinates></Point></Placemark><Placemark><name>Beaumont</name><description><![CDATA[<b>Territoire :</b> TàD Roissy Fosses<br/><b>Lignes :</b> TàD<br/><b>Identifiant :</b> IDFM:38205]]></description><Point><coordinates>2.514811064488073,49.10231914192817,0</coordinates></Point></Placemark><Placemark><name>Beaupré</name><description><![CDATA[<b>Territoire :</b> TàD Roissy Othis<br/><b>Lignes :</b> TàD, TàD<br/><b>Identifiant :</b> IDFM:38338]]></description><Point><coordinates>2.668791419191354,49.08157737661508,0</coordinates></Point></Placemark><Placemark><name>Bec Salé</name><description><![CDATA[<b>Territoire :</b> TàD Roissy Sud<br/><b>Lignes :</b> TàD<br/><b>Identifiant :</b> IDFM:40698]]></description><Point><coordinates>2.5400050899154913,48.955948784447635,0</coordinates></Point></Placemark><Placemark><name>Bec Salé</name><description><![CDATA[<b>Territoire :</b> TàD Roissy Sud<br/><b>Lignes :</b> TàD<br/><b>Identifiant :</b> IDFM:40699]]></description><Point><coordinates>2.5399928671215526,48.95578687177064,0</coordinates></Point></Placemark><Placemark><name>Belle Étoile</name><description><![CDATA[<b>Territoire :</b> TàD Roissy Othis<br/><b>Lignes :</b> TàD<br/><b>Identifiant :</b> IDFM:38270]]></description><Point><coordinates>2.664844025380557,49.04637351260502,0</coordinates></Point></Placemark><Placemark><name>Belle Étoile</name><description><![CDATA[<b>Territoire :</b> TàD Roissy Othis<br/><b>Lignes :</b> TàD<br/><b>Identifiant :</b> IDFM:38021]]></description><Point><coordinates>2.664297290280937,49.0463090439892,0</coordinates></Point></Placemark><Placemark><name>Belles Vues</name><description><![CDATA[<b>Territoire :</b> TàD Vexin Est<br/><b>Lignes :</b> TàD<br/><b>Identifiant :</b> IDFM:29647]]></description><Point><coordinates>1.9459696324416706,49.12462002009072,0</coordinates></Point></Placemark><Placemark><name>Bellevue</name><description><![CDATA[<b>Territoire :</b> TàD Roissy Fosses<br/><b>Lignes :</b> TàD<br/><b>Identifiant :</b> IDFM:423524]]></description><Point><coordinates>2.4990284883143428,49.09458481036321,0</coordinates></Point></Placemark><Placemark><name>Bellevue</name><description><![CDATA[<b>Territoire :</b> TàD Roissy Fosses<br/><b>Lignes :</b> TàD<br/><b>Identifiant :</b> IDFM:423641]]></description><Point><coordinates>2.499328738028821,49.09468496616134,0</coordinates></Point></Placemark><Placemark><name>Bercagny</name><description><![CDATA[<b>Territoire :</b> TàD Vexin Est<br/><b>Lignes :</b> TàD<br/><b>Identifiant :</b> IDFM:494450]]></description><Point><coordinates>1.9015595715227738,49.14560503189907,0</coordinates></Point></Placemark><Placemark><name>Bergamottes</name><description><![CDATA[<b>Territoire :</b> TàD Roissy Othis<br/><b>Lignes :</b> TàD, TàD<br/><b>Identifiant :</b> IDFM:423843]]></description><Point><coordinates>2.6907738741762617,49.05871664430578,0</coordinates></Point></Placemark><Placemark><name>Berthault</name><description><![CDATA[<b>Territoire :</b> TàD 4301/4530<br/><b>Lignes :</b> TàD 4301<br/><b>Identifiant :</b> IDFM:411521]]></description><Point><coordinates>2.355137748210329,48.56741786010576,0</coordinates></Point></Placemark><Placemark><name>Bizet</name><description><![CDATA[<b>Territoire :</b> TàD 4595<br/><b>Lignes :</b> TàD 4595<br/><b>Identifiant :</b> IDFM:3163]]></description><Point><coordinates>2.2780255734894768,48.6522162351614,0</coordinates></Point></Placemark><Placemark><name>Bizet</name><description><![CDATA[<b>Territoire :</b> TàD 4595<br/><b>Lignes :</b> TàD 4595<br/><b>Identifiant :</b> IDFM:10169]]></description><Point><coordinates>2.2777832094246944,48.652070843710156,0</coordinates></Point></Placemark><Placemark><name>Blandy</name><description><![CDATA[<b>Territoire :</b> TàD 4342<br/><b>Lignes :</b> TàD 4342<br/><b>Identifiant :</b> IDFM:485636]]></description><Point><coordinates>2.256734075721159,48.31321704319974,0</coordinates></Point></Placemark><Placemark><name>Blum</name><description><![CDATA[<b>Territoire :</b> TàD Roissy Sud<br/><b>Lignes :</b> TàD<br/><b>Identifiant :</b> IDFM:39196]]></description><Point><coordinates>2.569792127536631,48.94871244303872,0</coordinates></Point></Placemark><Placemark><name>Boigny Centre</name><description><![CDATA[<b>Territoire :</b> TàD 4305<br/><b>Lignes :</b> TàD 4305<br/><b>Identifiant :</b> IDFM:480263]]></description><Point><coordinates>2.3658859514808435,48.50022180221354,0</coordinates></Point></Placemark><Placemark><name>Boigny Passage à Niveau</name><description><![CDATA[<b>Territoire :</b> TàD 4305<br/><b>Lignes :</b> TàD 4305<br/><b>Identifiant :</b> IDFM:494626]]></description><Point><coordinates>2.3680540486217017,48.50453353139255,0</coordinates></Point></Placemark><Placemark><name>Boigny Salle Polyvalente</name><description><![CDATA[<b>Territoire :</b> TàD 4305<br/><b>Lignes :</b> TàD 4305<br/><b>Identifiant :</b> IDFM:480261]]></description><Point><coordinates>2.363474596248917,48.49813977884023,0</coordinates></Point></Placemark><Placemark><name>Bois Badeau</name><description><![CDATA[<b>Territoire :</b> TàD 4591<br/><b>Lignes :</b> TàD 4591<br/><b>Identifiant :</b> IDFM:2914]]></description><Point><coordinates>2.2819947154482163,48.60437592855366,0</coordinates></Point></Placemark><Placemark><name>Bois Champbault</name><description><![CDATA[<b>Territoire :</b> TàD 4342<br/><b>Lignes :</b> TàD 4342<br/><b>Identifiant :</b> IDFM:485688]]></description><Point><coordinates>2.2257417601309624,48.357834817292044,0</coordinates></Point></Placemark><Placemark><name>Bois Champbault</name><description><![CDATA[<b>Territoire :</b> TàD 4342<br/><b>Lignes :</b> TàD 4342<br/><b>Identifiant :</b> IDFM:485690]]></description><Point><coordinates>2.225833738507867,48.35800636755712,0</coordinates></Point></Placemark><Placemark><name>Bois Herpin</name><description><![CDATA[<b>Territoire :</b> TàD 4342<br/><b>Lignes :</b> TàD 4342<br/><b>Identifiant :</b> IDFM:485632]]></description><Point><coordinates>2.2347118230633356,48.36949958700552,0</coordinates></Point></Placemark><Placemark><name>Bois Herpin</name><description><![CDATA[<b>Territoire :</b> TàD 4342<br/><b>Lignes :</b> TàD 4342<br/><b>Identifiant :</b> IDFM:485629]]></description><Point><coordinates>2.2347535068132043,48.36941888102555,0</coordinates></Point></Placemark><Placemark><name>Bois Maillard</name><description><![CDATA[<b>Territoire :</b> TàD Roissy Fosses<br/><b>Lignes :</b> TàD<br/><b>Identifiant :</b> IDFM:419692]]></description><Point><coordinates>2.508181697095561,49.08949750201479,0</coordinates></Point></Placemark><Placemark><name>Bois Thibault</name><description><![CDATA[<b>Territoire :</b> TàD Vexin Est<br/><b>Lignes :</b> TàD<br/><b>Identifiant :</b> IDFM:29718]]></description><Point><coordinates>2.1937498266737827,49.09400429094305,0</coordinates></Point></Placemark><Placemark><name>Bois Thibault</name><description><![CDATA[<b>Territoire :</b> TàD Vexin Est<br/><b>Lignes :</b> TàD<br/><b>Identifiant :</b> IDFM:29720]]></description><Point><coordinates>2.1933243013896853,49.09407337017511,0</coordinates></Point></Placemark><Placemark><name>Bord&apos;Haut</name><description><![CDATA[<b>Territoire :</b> TàD Vexin Est<br/><b>Lignes :</b> TàD<br/><b>Identifiant :</b> IDFM:416799]]></description><Point><coordinates>1.9306017804853204,49.082590918648336,0</coordinates></Point></Placemark><Placemark><name>Bordeaux</name><description><![CDATA[<b>Territoire :</b> TàD Bassin Chellois<br/><b>Lignes :</b> TàD, TàD, TàD<br/><b>Identifiant :</b> IDFM:16876]]></description><Point><coordinates>2.6721637308776627,48.90101493934262,0</coordinates></Point></Placemark><Placemark><name>Botteaux</name><description><![CDATA[<b>Territoire :</b> TàD 4301/4530<br/><b>Lignes :</b> TàD 4301<br/><b>Identifiant :</b> IDFM:411522]]></description><Point><coordinates>2.3533405843382904,48.57465864570077,0</coordinates></Point></Placemark><Placemark><name>Botticelli</name><description><![CDATA[<b>Territoire :</b> TàD Roissy Sud<br/><b>Lignes :</b> TàD<br/><b>Identifiant :</b> IDFM:40613]]></description><Point><coordinates>2.5019332477391676,48.95323379517149,0</coordinates></Point></Placemark><Placemark><name>Botticelli</name><description><![CDATA[<b>Territoire :</b> TàD Roissy Sud<br/><b>Lignes :</b> TàD<br/><b>Identifiant :</b> IDFM:41826]]></description><Point><coordinates>2.5031619276050248,48.95325687819088,0</coordinates></Point></Placemark><Placemark><name>Bougainville</name><description><![CDATA[<b>Territoire :</b> TàD Roissy Sud<br/><b>Lignes :</b> TàD<br/><b>Identifiant :</b> IDFM:37953]]></description><Point><coordinates>2.4967062213396187,48.95578384666939,0</coordinates></Point></Placemark><Placemark><name>Bougainville</name><description><![CDATA[<b>Territoire :</b> TàD Roissy Sud<br/><b>Lignes :</b> TàD<br/><b>Identifiant :</b> IDFM:40103]]></description><Point><coordinates>2.49673466184722,48.955667062573276,0</coordinates></Point></Placemark><Placemark><name>Bouletterie / Tabac</name><description><![CDATA[<b>Territoire :</b> TàD 4308<br/><b>Lignes :</b> TàD 4308<br/><b>Identifiant :</b> IDFM:10268]]></description><Point><coordinates>2.493115293920907,48.529808798591695,0</coordinates></Point></Placemark><Placemark><name>Bouletterie / Tabac</name><description><![CDATA[<b>Territoire :</b> TàD 4308<br/><b>Lignes :</b> TàD 4308<br/><b>Identifiant :</b> IDFM:10267]]></description><Point><coordinates>2.4930263798301087,48.53060005747203,0</coordinates></Point></Placemark><Placemark><name>Boulevard des Alliés</name><description><![CDATA[<b>Territoire :</b> TàD 4342<br/><b>Lignes :</b> TàD 4342<br/><b>Identifiant :</b> IDFM:485703]]></description><Point><coordinates>2.377504332975651,48.39490650888562,0</coordinates></Point></Placemark><Placemark><name>Boulevard des Alliés</name><description><![CDATA[<b>Territoire :</b> TàD 4342<br/><b>Lignes :</b> TàD 4342<br/><b>Identifiant :</b> IDFM:485701]]></description><Point><coordinates>2.3773295713967952,48.3948336158175,0</coordinates></Point></Placemark><Placemark><name>Bourg</name><description><![CDATA[<b>Territoire :</b> TàD Nangis / Saint-Just<br/><b>Lignes :</b> TàD<br/><b>Identifiant :</b> IDFM:425333]]></description><Point><coordinates>3.0690055299364887,48.54982314779415,0</coordinates></Point></Placemark><Placemark><name>Bourg</name><description><![CDATA[<b>Territoire :</b> TàD Nangis / Saint-Just<br/><b>Lignes :</b> TàD<br/><b>Identifiant :</b> IDFM:9821]]></description><Point><coordinates>3.0688159608132337,48.54991321326158,0</coordinates></Point></Placemark><Placemark><name>Brabant</name><description><![CDATA[<b>Territoire :</b> TàD Goêle<br/><b>Lignes :</b> TàD<br/><b>Identifiant :</b> IDFM:38235]]></description><Point><coordinates>2.6996259157814286,49.05875708309635,0</coordinates></Point></Placemark><Placemark><name>Brabant</name><description><![CDATA[<b>Territoire :</b> TàD Goêle<br/><b>Lignes :</b> TàD<br/><b>Identifiant :</b> IDFM:423825]]></description><Point><coordinates>2.6994883683704227,49.05888262125044,0</coordinates></Point></Placemark><Placemark><name>Brezolles</name><description><![CDATA[<b>Territoire :</b> TàD Sud Meulan - Les Mureaux<br/><b>Lignes :</b> TàD<br/><b>Identifiant :</b> IDFM:13521]]></description><Point><coordinates>1.9557838759924249,48.956438811347994,0</coordinates></Point></Placemark><Placemark><name>Brezolles</name><description><![CDATA[<b>Territoire :</b> TàD Sud Meulan - Les Mureaux<br/><b>Lignes :</b> TàD<br/><b>Identifiant :</b> IDFM:13522]]></description><Point><coordinates>1.9558194205069157,48.95670891604804,0</coordinates></Point></Placemark><Placemark><name>Briand</name><description><![CDATA[<b>Territoire :</b> TàD Roissy Sud<br/><b>Lignes :</b> TàD<br/><b>Identifiant :</b> IDFM:38106]]></description><Point><coordinates>2.5808815768866946,48.955109457857986,0</coordinates></Point></Placemark><Placemark><name>Briand</name><description><![CDATA[<b>Territoire :</b> TàD Roissy Sud<br/><b>Lignes :</b> TàD<br/><b>Identifiant :</b> IDFM:39197]]></description><Point><coordinates>2.5812535787497026,48.95469710145411,0</coordinates></Point></Placemark><Placemark><name>Brinvilliers</name><description><![CDATA[<b>Territoire :</b> TàD 4592<br/><b>Lignes :</b> TàD 4592<br/><b>Identifiant :</b> IDFM:23084]]></description><Point><coordinates>2.2993784411890603,48.66253515311295,0</coordinates></Point></Placemark><Placemark><name>Brossolette</name><description><![CDATA[<b>Territoire :</b> TàD Roissy Sud<br/><b>Lignes :</b> TàD<br/><b>Identifiant :</b> IDFM:38109]]></description><Point><coordinates>2.5718840719559286,48.95000587031854,0</coordinates></Point></Placemark><Placemark><name>Brossolette</name><description><![CDATA[<b>Territoire :</b> TàD Roissy Sud<br/><b>Lignes :</b> TàD<br/><b>Identifiant :</b> IDFM:39199]]></description><Point><coordinates>2.573527314600995,48.94941821713219,0</coordinates></Point></Placemark><Placemark><name>Brouy</name><description><![CDATA[<b>Territoire :</b> TàD 4342<br/><b>Lignes :</b> TàD 4342<br/><b>Identifiant :</b> IDFM:485625]]></description><Point><coordinates>2.2787440164622828,48.31644835546424,0</coordinates></Point></Placemark><Placemark><name>Brouy</name><description><![CDATA[<b>Territoire :</b> TàD 4342<br/><b>Lignes :</b> TàD 4342<br/><b>Identifiant :</b> IDFM:485622]]></description><Point><coordinates>2.2789058782992457,48.31644934151916,0</coordinates></Point></Placemark><Placemark><name>Buffon</name><description><![CDATA[<b>Territoire :</b> TàD Roissy Sud<br/><b>Lignes :</b> TàD<br/><b>Identifiant :</b> IDFM:38153]]></description><Point><coordinates>2.6134711432127817,48.942863175046625,0</coordinates></Point></Placemark><Placemark><name>Béarn</name><description><![CDATA[<b>Territoire :</b> TàD Roissy Sud<br/><b>Lignes :</b> TàD<br/><b>Identifiant :</b> IDFM:38152]]></description><Point><coordinates>2.6120258566219663,48.94994465803405,0</coordinates></Point></Placemark><Placemark><name>Cachin Blatreux</name><description><![CDATA[<b>Territoire :</b> TàD Roissy Goussainville<br/><b>Lignes :</b> TàD<br/><b>Identifiant :</b> IDFM:462766]]></description><Point><coordinates>2.463005795480928,49.04168436476881,0</coordinates></Point></Placemark><Placemark><name>Calvaire</name><description><![CDATA[<b>Territoire :</b> TàD Roissy Goussainville<br/><b>Lignes :</b> TàD<br/><b>Identifiant :</b> IDFM:497083]]></description><Point><coordinates>2.469852269112745,49.01549417617771,0</coordinates></Point></Placemark><Placemark><name>Calvaire</name><description><![CDATA[<b>Territoire :</b> TàD Roissy Goussainville<br/><b>Lignes :</b> TàD<br/><b>Identifiant :</b> IDFM:423556]]></description><Point><coordinates>2.469075430118115,49.0165967694138,0</coordinates></Point></Placemark><Placemark><name>Camille Desmoulins</name><description><![CDATA[<b>Territoire :</b> TàD Roissy Sud<br/><b>Lignes :</b> TàD<br/><b>Identifiant :</b> IDFM:19089]]></description><Point><coordinates>2.4941498009298595,48.94906460583515,0</coordinates></Point></Placemark><Placemark><name>Camille Lemoine</name><description><![CDATA[<b>Territoire :</b> TàD Roissy Sud<br/><b>Lignes :</b> TàD<br/><b>Identifiant :</b> IDFM:38034]]></description><Point><coordinates>2.6159689385154437,48.98545034758309,0</coordinates></Point></Placemark><Placemark><name>Caminade</name><description><![CDATA[<b>Territoire :</b> TàD Bassin Chellois<br/><b>Lignes :</b> TàD, TàD, TàD<br/><b>Identifiant :</b> IDFM:16675]]></description><Point><coordinates>2.618889305496234,48.89090202421182,0</coordinates></Point></Placemark><Placemark><name>Caminade</name><description><![CDATA[<b>Territoire :</b> TàD Bassin Chellois<br/><b>Lignes :</b> TàD, TàD, TàD<br/><b>Identifiant :</b> IDFM:16676]]></description><Point><coordinates>2.618849314087977,48.89077599443877,0</coordinates></Point></Placemark><Placemark><name>Camping</name><description><![CDATA[<b>Territoire :</b> TàD 4592<br/><b>Lignes :</b> TàD 4592<br/><b>Identifiant :</b> IDFM:23081]]></description><Point><coordinates>2.303672392898324,48.65516633887368,0</coordinates></Point></Placemark><Placemark><name>Camélinat</name><description><![CDATA[<b>Territoire :</b> TàD Roissy Goussainville<br/><b>Lignes :</b> TàD<br/><b>Identifiant :</b> IDFM:38461]]></description><Point><coordinates>2.464973765083506,49.04051521184412,0</coordinates></Point></Placemark><Placemark><name>Canada</name><description><![CDATA[<b>Territoire :</b> TàD Roissy Othis<br/><b>Lignes :</b> TàD<br/><b>Identifiant :</b> IDFM:423821]]></description><Point><coordinates>2.69604270706008,49.056167485154724,0</coordinates></Point></Placemark><Placemark><name>Canada</name><description><![CDATA[<b>Territoire :</b> TàD Roissy Othis<br/><b>Lignes :</b> TàD<br/><b>Identifiant :</b> IDFM:423846]]></description><Point><coordinates>2.6959318880228387,49.05640098638458,0</coordinates></Point></Placemark><Placemark><name>Cargo Centre</name><description><![CDATA[<b>Territoire :</b> TàD Roissy Sud<br/><b>Lignes :</b> TàD<br/><b>Identifiant :</b> IDFM:41403]]></description><Point><coordinates>2.526990016633599,48.99817129747993,0</coordinates></Point></Placemark><Placemark><name>Cargo Centre</name><description><![CDATA[<b>Territoire :</b> TàD Roissy Sarcelles<br/><b>Lignes :</b> TàD, TàD, TàD, TàD<br/><b>Identifiant :</b> IDFM:472884]]></description><Point><coordinates>2.5252783483944254,48.99854221075603,0</coordinates></Point></Placemark><Placemark><name>Carrefour Bury</name><description><![CDATA[<b>Territoire :</b> TàD Eaubonne Domont<br/><b>Lignes :</b> TàD<br/><b>Identifiant :</b> IDFM:13284]]></description><Point><coordinates>2.2816522439726183,49.004021482855634,0</coordinates></Point></Placemark><Placemark><name>Carrefour Bury</name><description><![CDATA[<b>Territoire :</b> TàD Eaubonne Domont<br/><b>Lignes :</b> TàD<br/><b>Identifiant :</b> IDFM:13283]]></description><Point><coordinates>2.2813277199164994,49.00376775400465,0</coordinates></Point></Placemark><Placemark><name>Carrefour de l&apos;Europe</name><description><![CDATA[<b>Territoire :</b> TàD Luzarches - Goussainville<br/><b>Lignes :</b> TàD<br/><b>Identifiant :</b> IDFM:495743]]></description><Point><coordinates>2.465455201947741,49.02298304764024,0</coordinates></Point></Placemark><Placemark><name>Carrefour de l&apos;Europe</name><description><![CDATA[<b>Territoire :</b> TàD Roissy Goussainville<br/><b>Lignes :</b> TàD<br/><b>Identifiant :</b> IDFM:38479]]></description><Point><coordinates>2.465757396465008,49.021518691116995,0</coordinates></Point></Placemark><Placemark><name>Carrefour de l&apos;Europe</name><description><![CDATA[<b>Territoire :</b> TàD Roissy Goussainville<br/><b>Lignes :</b> TàD<br/><b>Identifiant :</b> IDFM:38478]]></description><Point><coordinates>2.4652820000601565,49.02254166692148,0</coordinates></Point></Placemark><Placemark><name>Carrefour du Plessis Luzarches</name><description><![CDATA[<b>Territoire :</b> TàD Luzarches - Goussainville<br/><b>Lignes :</b> TàD<br/><b>Identifiant :</b> IDFM:40487]]></description><Point><coordinates>2.447399935429709,49.09701557858,0</coordinates></Point></Placemark><Placemark><name>Carrefour Mederic - Péri</name><description><![CDATA[<b>Territoire :</b> TàD 4592<br/><b>Lignes :</b> TàD 4592<br/><b>Identifiant :</b> IDFM:3538]]></description><Point><coordinates>2.3067826470659094,48.65917830116816,0</coordinates></Point></Placemark><Placemark><name>Caussimon</name><description><![CDATA[<b>Territoire :</b> TàD Roissy Sud<br/><b>Lignes :</b> TàD<br/><b>Identifiant :</b> IDFM:39202]]></description><Point><coordinates>2.579500986474297,48.94346823375632,0</coordinates></Point></Placemark><Placemark><name>Centre</name><description><![CDATA[<b>Territoire :</b> TàD Roissy Saint-Pathus<br/><b>Lignes :</b> TàD<br/><b>Identifiant :</b> IDFM:423532]]></description><Point><coordinates>2.6947407202420344,49.03561816801045,0</coordinates></Point></Placemark><Placemark><name>Centre</name><description><![CDATA[<b>Territoire :</b> TàD Luzarches - Goussainville<br/><b>Lignes :</b> TàD<br/><b>Identifiant :</b> IDFM:38851]]></description><Point><coordinates>2.4660104684141695,49.097958342396254,0</coordinates></Point></Placemark><Placemark><name>Centre</name><description><![CDATA[<b>Territoire :</b> TàD Roissy Othis<br/><b>Lignes :</b> TàD<br/><b>Identifiant :</b> IDFM:38148]]></description><Point><coordinates>2.6394063926042137,49.03384624530543,0</coordinates></Point></Placemark><Placemark><name>Centre</name><description><![CDATA[<b>Territoire :</b> TàD Goêle<br/><b>Lignes :</b> TàD<br/><b>Identifiant :</b> IDFM:38230]]></description><Point><coordinates>2.772431544696457,49.02049543418479,0</coordinates></Point></Placemark><Placemark><name>Centre</name><description><![CDATA[<b>Territoire :</b> TàD Goêle<br/><b>Lignes :</b> TàD<br/><b>Identifiant :</b> IDFM:38259]]></description><Point><coordinates>2.7886877673586365,49.00025726446024,0</coordinates></Point></Placemark><Placemark><name>Centre</name><description><![CDATA[<b>Territoire :</b> TàD Goêle<br/><b>Lignes :</b> TàD<br/><b>Identifiant :</b> IDFM:38349]]></description><Point><coordinates>2.76840783534279,49.00303435207181,0</coordinates></Point></Placemark><Placemark><name>Centre</name><description><![CDATA[<b>Territoire :</b> TàD Roissy Saint-Pathus<br/><b>Lignes :</b> TàD<br/><b>Identifiant :</b> IDFM:38359]]></description><Point><coordinates>2.6945356899223514,49.03559966313103,0</coordinates></Point></Placemark><Placemark><name>Centre</name><description><![CDATA[<b>Territoire :</b> TàD Luzarches - Goussainville<br/><b>Lignes :</b> TàD<br/><b>Identifiant :</b> IDFM:38445]]></description><Point><coordinates>2.4663115992836673,49.097968670650666,0</coordinates></Point></Placemark><Placemark><name>Centre</name><description><![CDATA[<b>Territoire :</b> TàD Luzarches - Goussainville<br/><b>Lignes :</b> TàD<br/><b>Identifiant :</b> IDFM:38474]]></description><Point><coordinates>2.4270425807821643,49.069338758003596,0</coordinates></Point></Placemark><Placemark><name>Centre</name><description><![CDATA[<b>Territoire :</b> TàD Goêle<br/><b>Lignes :</b> TàD<br/><b>Identifiant :</b> IDFM:38412]]></description><Point><coordinates>2.7822172843928046,48.98217152138624,0</coordinates></Point></Placemark><Placemark><name>Centre</name><description><![CDATA[<b>Territoire :</b> TàD Roissy Othis<br/><b>Lignes :</b> TàD<br/><b>Identifiant :</b> IDFM:40123]]></description><Point><coordinates>2.59125768414165,49.017848258706024,0</coordinates></Point></Placemark><Placemark><name>Centre</name><description><![CDATA[<b>Territoire :</b> TàD Roissy Othis<br/><b>Lignes :</b> TàD, TàD<br/><b>Identifiant :</b> IDFM:40122]]></description><Point><coordinates>2.591434699541035,49.01793878111711,0</coordinates></Point></Placemark><Placemark><name>Centre</name><description><![CDATA[<b>Territoire :</b> TàD Goêle<br/><b>Lignes :</b> TàD<br/><b>Identifiant :</b> IDFM:423809]]></description><Point><coordinates>2.7886748689536636,49.00006840871678,0</coordinates></Point></Placemark><Placemark><name>Centre</name><description><![CDATA[<b>Territoire :</b> TàD Luzarches - Goussainville<br/><b>Lignes :</b> TàD<br/><b>Identifiant :</b> IDFM:419535]]></description><Point><coordinates>2.4149887508580945,49.08729983213285,0</coordinates></Point></Placemark><Placemark><name>Centre</name><description><![CDATA[<b>Territoire :</b> TàD 4306<br/><b>Lignes :</b> TàD 4306<br/><b>Identifiant :</b> IDFM:11685]]></description><Point><coordinates>2.3001053046861677,48.52194716377833,0</coordinates></Point></Placemark><Placemark><name>Centre</name><description><![CDATA[<b>Territoire :</b> TàD 4306<br/><b>Lignes :</b> TàD 4306<br/><b>Identifiant :</b> IDFM:11684]]></description><Point><coordinates>2.3004942996390496,48.521211772118036,0</coordinates></Point></Placemark><Placemark><name>Centre</name><description><![CDATA[<b>Territoire :</b> TàD Goêle<br/><b>Lignes :</b> TàD<br/><b>Identifiant :</b> IDFM:423770]]></description><Point><coordinates>2.7682708825028493,49.00309703193906,0</coordinates></Point></Placemark><Placemark><name>Centre</name><description><![CDATA[<b>Territoire :</b> TàD Goêle<br/><b>Lignes :</b> TàD<br/><b>Identifiant :</b> IDFM:423749]]></description><Point><coordinates>2.733995856714621,49.01057924938564,0</coordinates></Point></Placemark><Placemark><name>Centre</name><description><![CDATA[<b>Territoire :</b> TàD Goêle<br/><b>Lignes :</b> TàD<br/><b>Identifiant :</b> IDFM:423745]]></description><Point><coordinates>2.781945407997829,48.981847308139486,0</coordinates></Point></Placemark><Placemark><name>Centre</name><description><![CDATA[<b>Territoire :</b> TàD Roissy Othis<br/><b>Lignes :</b> TàD<br/><b>Identifiant :</b> IDFM:423600]]></description><Point><coordinates>2.6395029933203125,49.03372064980306,0</coordinates></Point></Placemark><Placemark><name>Centre Bus de Dammartin</name><description><![CDATA[<b>Territoire :</b> TàD Goêle<br/><b>Lignes :</b> TàD<br/><b>Identifiant :</b> IDFM:38238]]></description><Point><coordinates>2.702617990089405,49.0618935899641,0</coordinates></Point></Placemark><Placemark><name>Centre Commercial</name><description><![CDATA[<b>Territoire :</b> TàD Roissy Saint-Pathus<br/><b>Lignes :</b> TàD<br/><b>Identifiant :</b> IDFM:423536]]></description><Point><coordinates>2.787711092139121,49.07539040560065,0</coordinates></Point></Placemark><Placemark><name>Centre Commercial</name><description><![CDATA[<b>Territoire :</b> TàD Roissy Fosses<br/><b>Lignes :</b> TàD<br/><b>Identifiant :</b> IDFM:38530]]></description><Point><coordinates>2.5281787012889376,49.1005291149285,0</coordinates></Point></Placemark><Placemark><name>Centre Commercial</name><description><![CDATA[<b>Territoire :</b> TàD Roissy Fosses<br/><b>Lignes :</b> TàD<br/><b>Identifiant :</b> IDFM:38528]]></description><Point><coordinates>2.528070141574718,49.10042079322409,0</coordinates></Point></Placemark><Placemark><name>Centre Commercial</name><description><![CDATA[<b>Territoire :</b> TàD 4592<br/><b>Lignes :</b> TàD 4592<br/><b>Identifiant :</b> IDFM:483598]]></description><Point><coordinates>2.3360113146296793,48.668096884061974,0</coordinates></Point></Placemark><Placemark><name>Centre Commercial</name><description><![CDATA[<b>Territoire :</b> TàD 4595<br/><b>Lignes :</b> TàD 4595<br/><b>Identifiant :</b> IDFM:483610]]></description><Point><coordinates>2.274910919674278,48.65164861879798,0</coordinates></Point></Placemark><Placemark><name>Centre Commercial</name><description><![CDATA[<b>Territoire :</b> TàD Roissy Saint-Pathus<br/><b>Lignes :</b> TàD<br/><b>Identifiant :</b> IDFM:423652]]></description><Point><coordinates>2.7884797602140248,49.07484328517743,0</coordinates></Point></Placemark><Placemark><name>Centre Commercial / Mairie</name><description><![CDATA[<b>Territoire :</b> TàD Roissy Fosses<br/><b>Lignes :</b> TàD<br/><b>Identifiant :</b> IDFM:38531]]></description><Point><coordinates>2.515872986891889,49.100048619764195,0</coordinates></Point></Placemark><Placemark><name>Centre Commercial / Mairie</name><description><![CDATA[<b>Territoire :</b> TàD Roissy Fosses<br/><b>Lignes :</b> TàD<br/><b>Identifiant :</b> IDFM:419638]]></description><Point><coordinates>2.5160231017267494,49.100103171950515,0</coordinates></Point></Placemark><Placemark><name>Centre Commercial Aéroville</name><description><![CDATA[<b>Territoire :</b> TàD Roissy Sarcelles<br/><b>Lignes :</b> TàD, TàD, TàD<br/><b>Identifiant :</b> IDFM:19280]]></description><Point><coordinates>2.524007965874509,48.99101967762853,0</coordinates></Point></Placemark><Placemark><name>Centre Commercial Aéroville</name><description><![CDATA[<b>Territoire :</b> TàD Roissy Sarcelles<br/><b>Lignes :</b> TàD, TàD, TàD, TàD<br/><b>Identifiant :</b> IDFM:39189]]></description><Point><coordinates>2.524305689692909,48.991335587308974,0</coordinates></Point></Placemark><Placemark><name>Centre Commercial de l&apos;Oseraie</name><description><![CDATA[<b>Territoire :</b> TàD Vexin Est<br/><b>Lignes :</b> TàD<br/><b>Identifiant :</b> IDFM:29618]]></description><Point><coordinates>2.0755843293181213,49.07727414575198,0</coordinates></Point></Placemark><Placemark><name>Centre Commercial de l&apos;Oseraie</name><description><![CDATA[<b>Territoire :</b> TàD Vexin Est<br/><b>Lignes :</b> TàD<br/><b>Identifiant :</b> IDFM:19929]]></description><Point><coordinates>2.0756347799975523,49.07697779876156,0</coordinates></Point></Placemark><Placemark><name>Centre Commercial Espace</name><description><![CDATA[<b>Territoire :</b> TàD Sud Meulan - Les Mureaux<br/><b>Lignes :</b> TàD<br/><b>Identifiant :</b> IDFM:20194]]></description><Point><coordinates>1.9130376405403602,48.97940510414021,0</coordinates></Point></Placemark><Placemark><name>Centre Commercial Espace</name><description><![CDATA[<b>Territoire :</b> TàD Sud Meulan - Les Mureaux<br/><b>Lignes :</b> TàD<br/><b>Identifiant :</b> IDFM:20195]]></description><Point><coordinates>1.913040769749656,48.97990874289394,0</coordinates></Point></Placemark><Placemark><name>Centre Commercial Flins / Route Renault</name><description><![CDATA[<b>Territoire :</b> TàD Sud Meulan - Les Mureaux<br/><b>Lignes :</b> TàD<br/><b>Identifiant :</b> IDFM:484075]]></description><Point><coordinates>1.86530254871022,48.96620172777175,0</coordinates></Point></Placemark><Placemark><name>Centre Commercial Vexin</name><description><![CDATA[<b>Territoire :</b> TàD Nord Meulan - Les Mureaux<br/><b>Lignes :</b> TàD<br/><b>Identifiant :</b> IDFM:32602]]></description><Point><coordinates>1.8992014643108168,49.01018765248608,0</coordinates></Point></Placemark><Placemark><name>Centre Commercial Vexin</name><description><![CDATA[<b>Territoire :</b> TàD Nord Meulan - Les Mureaux<br/><b>Lignes :</b> TàD<br/><b>Identifiant :</b> IDFM:32601]]></description><Point><coordinates>1.899489392702387,49.01079281054539,0</coordinates></Point></Placemark><Placemark><name>Centre de Radiologie</name><description><![CDATA[<b>Territoire :</b> TàD Desserte Hôpital<br/><b>Lignes :</b> TàD<br/><b>Identifiant :</b> IDFM:22492]]></description><Point><coordinates>2.7619497493751424,48.852457546338314,0</coordinates></Point></Placemark><Placemark><name>Centre de Radiologie</name><description><![CDATA[<b>Territoire :</b> TàD Desserte Hôpital<br/><b>Lignes :</b> TàD<br/><b>Identifiant :</b> IDFM:22493]]></description><Point><coordinates>2.7620030690410107,48.85271845759319,0</coordinates></Point></Placemark><Placemark><name>Centre de Secours</name><description><![CDATA[<b>Territoire :</b> TàD Roissy Goussainville<br/><b>Lignes :</b> TàD<br/><b>Identifiant :</b> IDFM:38764]]></description><Point><coordinates>2.4600052645986485,49.030341092694684,0</coordinates></Point></Placemark><Placemark><name>Centre de Secours</name><description><![CDATA[<b>Territoire :</b> TàD Roissy Goussainville<br/><b>Lignes :</b> TàD<br/><b>Identifiant :</b> IDFM:38089]]></description><Point><coordinates>2.4599119774348046,49.03010688193334,0</coordinates></Point></Placemark><Placemark><name>Centre Hospitalier</name><description><![CDATA[<b>Territoire :</b> TàD Desserte Hôpital<br/><b>Lignes :</b> TàD<br/><b>Identifiant :</b> IDFM:496482]]></description><Point><coordinates>2.770255211804737,48.85107082903886,0</coordinates></Point></Placemark><Placemark><name>Centre Hospitalier</name><description><![CDATA[<b>Territoire :</b> TàD Desserte Hôpital<br/><b>Lignes :</b> TàD<br/><b>Identifiant :</b> IDFM:496483]]></description><Point><coordinates>2.7690313413168473,48.850483908643355,0</coordinates></Point></Placemark><Placemark><name>Centre Hospitalier - Accueil</name><description><![CDATA[<b>Territoire :</b> TàD Sud Meulan - Les Mureaux<br/><b>Lignes :</b> TàD<br/><b>Identifiant :</b> IDFM:32738]]></description><Point><coordinates>1.933264898185297,48.98705086231835,0</coordinates></Point></Placemark><Placemark><name>Centre Hospitalier - Accueil</name><description><![CDATA[<b>Territoire :</b> TàD Sud Meulan - Les Mureaux<br/><b>Lignes :</b> TàD<br/><b>Identifiant :</b> IDFM:486511]]></description><Point><coordinates>1.9340447284500755,48.98700383598383,0</coordinates></Point></Placemark><Placemark><name>Centre Médical</name><description><![CDATA[<b>Territoire :</b> TàD Roissy Othis<br/><b>Lignes :</b> TàD, TàD<br/><b>Identifiant :</b> IDFM:426795]]></description><Point><coordinates>2.6805026794775184,49.06695300729022,0</coordinates></Point></Placemark><Placemark><name>Centre Médical</name><description><![CDATA[<b>Territoire :</b> TàD Roissy Othis<br/><b>Lignes :</b> TàD, TàD<br/><b>Identifiant :</b> IDFM:426792]]></description><Point><coordinates>2.6805842852388455,49.06703414786329,0</coordinates></Point></Placemark><Placemark><name>Centre Postal / Hub Postal</name><description><![CDATA[<b>Territoire :</b> TàD Roissy Sud<br/><b>Lignes :</b> TàD<br/><b>Identifiant :</b> IDFM:38118]]></description><Point><coordinates>2.544066066733508,48.99115152524095,0</coordinates></Point></Placemark><Placemark><name>Centre Rue de Paris</name><description><![CDATA[<b>Territoire :</b> TàD 2429<br/><b>Lignes :</b> TàD 2429<br/><b>Identifiant :</b> IDFM:477705]]></description><Point><coordinates>3.3036018910956977,48.78257287992726,0</coordinates></Point></Placemark><Placemark><name>Centre Rue de Paris</name><description><![CDATA[<b>Territoire :</b> TàD 2429<br/><b>Lignes :</b> TàD 2429<br/><b>Identifiant :</b> IDFM:477708]]></description><Point><coordinates>3.3036699905246634,48.782581700741716,0</coordinates></Point></Placemark><Placemark><name>Centre équestre</name><description><![CDATA[<b>Territoire :</b> TàD Vexin Est<br/><b>Lignes :</b> TàD<br/><b>Identifiant :</b> IDFM:40557]]></description><Point><coordinates>2.181028915348632,49.12528085013097,0</coordinates></Point></Placemark><Placemark><name>Centre équestre</name><description><![CDATA[<b>Territoire :</b> TàD Vexin Est<br/><b>Lignes :</b> TàD<br/><b>Identifiant :</b> IDFM:419251]]></description><Point><coordinates>1.932278770559759,49.11151510953184,0</coordinates></Point></Placemark><Placemark><name>Centre équestre</name><description><![CDATA[<b>Territoire :</b> TàD Vexin Est<br/><b>Lignes :</b> TàD<br/><b>Identifiant :</b> IDFM:29724]]></description><Point><coordinates>2.1810818634496223,49.12539809891219,0</coordinates></Point></Placemark><Placemark><name>Centre-Ville de Villeparisis</name><description><![CDATA[<b>Territoire :</b> TàD Roissy Sud<br/><b>Lignes :</b> TàD<br/><b>Identifiant :</b> IDFM:38155]]></description><Point><coordinates>2.6151898494382153,48.93936158249784,0</coordinates></Point></Placemark><Placemark><name>CFA</name><description><![CDATA[<b>Territoire :</b> TàD ZI Poincy<br/><b>Lignes :</b> TàD<br/><b>Identifiant :</b> IDFM:485772]]></description><Point><coordinates>2.907304101322862,48.95958294123113,0</coordinates></Point></Placemark><Placemark><name>CFA</name><description><![CDATA[<b>Territoire :</b> TàD ZI Poincy<br/><b>Lignes :</b> TàD<br/><b>Identifiant :</b> IDFM:485770]]></description><Point><coordinates>2.9073589009019782,48.95948406754926,0</coordinates></Point></Placemark><Placemark><name>Chabannes</name><description><![CDATA[<b>Territoire :</b> TàD Roissy Othis<br/><b>Lignes :</b> TàD, TàD<br/><b>Identifiant :</b> IDFM:42058]]></description><Point><coordinates>2.684844432690499,49.06181232184783,0</coordinates></Point></Placemark><Placemark><name>Chambrefontaine</name><description><![CDATA[<b>Territoire :</b> TàD Goêle<br/><b>Lignes :</b> TàD<br/><b>Identifiant :</b> IDFM:38232]]></description><Point><coordinates>2.779477716201898,49.01606658585537,0</coordinates></Point></Placemark><Placemark><name>Chambrefontaine</name><description><![CDATA[<b>Territoire :</b> TàD Goêle<br/><b>Lignes :</b> TàD<br/><b>Identifiant :</b> IDFM:38233]]></description><Point><coordinates>2.779108073455612,49.01619179310058,0</coordinates></Point></Placemark><Placemark><name>Champs Fleuris</name><description><![CDATA[<b>Territoire :</b> TàD 4308<br/><b>Lignes :</b> TàD 4308, TàD 4318<br/><b>Identifiant :</b> IDFM:10417]]></description><Point><coordinates>2.436817861476882,48.555742324518405,0</coordinates></Point></Placemark><Placemark><name>Champs Fleuris</name><description><![CDATA[<b>Territoire :</b> TàD 4308<br/><b>Lignes :</b> TàD 4308, TàD 4318<br/><b>Identifiant :</b> IDFM:10416]]></description><Point><coordinates>2.436799845934396,48.55489663881873,0</coordinates></Point></Placemark><Placemark><name>Chantereine</name><description><![CDATA[<b>Territoire :</b> TàD Bassin Chellois<br/><b>Lignes :</b> TàD, TàD, TàD<br/><b>Identifiant :</b> IDFM:412862]]></description><Point><coordinates>2.6144709050868618,48.9000697325981,0</coordinates></Point></Placemark><Placemark><name>Chantereine</name><description><![CDATA[<b>Territoire :</b> TàD Nord Meulan - Les Mureaux<br/><b>Lignes :</b> TàD<br/><b>Identifiant :</b> IDFM:32604]]></description><Point><coordinates>1.8896048646500778,49.00187079258159,0</coordinates></Point></Placemark><Placemark><name>Chantereine</name><description><![CDATA[<b>Territoire :</b> TàD Nord Meulan - Les Mureaux<br/><b>Lignes :</b> TàD<br/><b>Identifiant :</b> IDFM:32603]]></description><Point><coordinates>1.8895923521505518,49.00181671945543,0</coordinates></Point></Placemark><Placemark><name>Chantereine</name><description><![CDATA[<b>Territoire :</b> TàD Bassin Chellois<br/><b>Lignes :</b> TàD, TàD, TàD<br/><b>Identifiant :</b> IDFM:16688]]></description><Point><coordinates>2.614621944437709,48.899935324263694,0</coordinates></Point></Placemark><Placemark><name>Chapellerie</name><description><![CDATA[<b>Territoire :</b> TàD Roissy Goussainville<br/><b>Lignes :</b> TàD<br/><b>Identifiant :</b> IDFM:37971]]></description><Point><coordinates>2.455358312076114,49.03792728745102,0</coordinates></Point></Placemark><Placemark><name>Chapellerie</name><description><![CDATA[<b>Territoire :</b> TàD Roissy Goussainville<br/><b>Lignes :</b> TàD<br/><b>Identifiant :</b> IDFM:38484]]></description><Point><coordinates>2.455588260347917,49.03817111148503,0</coordinates></Point></Placemark><Placemark><name>Charles d&apos;Orléans</name><description><![CDATA[<b>Territoire :</b> TàD Sud Meulan - Les Mureaux<br/><b>Lignes :</b> TàD<br/><b>Identifiant :</b> IDFM:13540]]></description><Point><coordinates>1.9642760943825015,48.9517370926657,0</coordinates></Point></Placemark><Placemark><name>Charles d&apos;Orléans</name><description><![CDATA[<b>Territoire :</b> TàD Sud Meulan - Les Mureaux<br/><b>Lignes :</b> TàD<br/><b>Identifiant :</b> IDFM:13541]]></description><Point><coordinates>1.964399684141483,48.95170218751813,0</coordinates></Point></Placemark><Placemark><name>Charles de Gaulle</name><description><![CDATA[<b>Territoire :</b> TàD 4318<br/><b>Lignes :</b> TàD 4318<br/><b>Identifiant :</b> IDFM:478729]]></description><Point><coordinates>2.4431159079956504,48.56624297558397,0</coordinates></Point></Placemark><Placemark><name>Charles de Gaulle</name><description><![CDATA[<b>Territoire :</b> TàD 4318<br/><b>Lignes :</b> TàD 4318<br/><b>Identifiant :</b> IDFM:478727]]></description><Point><coordinates>2.44331958518321,48.56620794614023,0</coordinates></Point></Placemark><Placemark><name>Charles de Gaulle - Mitterrand</name><description><![CDATA[<b>Territoire :</b> TàD Roissy Sarcelles<br/><b>Lignes :</b> TàD<br/><b>Identifiant :</b> IDFM:497094]]></description><Point><coordinates>2.3985417986210495,48.9744408343568,0</coordinates></Point></Placemark><Placemark><name>Charles de Gaulle - Mitterrand</name><description><![CDATA[<b>Territoire :</b> TàD Roissy Sarcelles<br/><b>Lignes :</b> TàD<br/><b>Identifiant :</b> IDFM:423644]]></description><Point><coordinates>2.3983186692904956,48.974835385038126,0</coordinates></Point></Placemark><Placemark><name>Charles de Gaulle / Église</name><description><![CDATA[<b>Territoire :</b> TàD Roissy Villiers-le-Bel<br/><b>Lignes :</b> TàD<br/><b>Identifiant :</b> IDFM:14650]]></description><Point><coordinates>2.511276256248699,48.99936723955346,0</coordinates></Point></Placemark><Placemark><name>Charles de Gaulle / Église</name><description><![CDATA[<b>Territoire :</b> TàD Roissy Villiers-le-Bel<br/><b>Lignes :</b> TàD<br/><b>Identifiant :</b> IDFM:14649]]></description><Point><coordinates>2.5113024887891644,48.99948424492134,0</coordinates></Point></Placemark><Placemark><name>Chemin de la Mare</name><description><![CDATA[<b>Territoire :</b> TàD Vexin Est<br/><b>Lignes :</b> TàD<br/><b>Identifiant :</b> IDFM:29527]]></description><Point><coordinates>2.0539934815432583,49.1736216975076,0</coordinates></Point></Placemark><Placemark><name>Chemin de la Procession Saint Marc</name><description><![CDATA[<b>Territoire :</b> TàD Eaubonne Domont<br/><b>Lignes :</b> TàD<br/><b>Identifiant :</b> IDFM:13287]]></description><Point><coordinates>2.281511617504202,49.01221264586572,0</coordinates></Point></Placemark><Placemark><name>Chemin de Saint-Denis</name><description><![CDATA[<b>Territoire :</b> TàD Roissy Sarcelles<br/><b>Lignes :</b> TàD, TàD<br/><b>Identifiant :</b> IDFM:38789]]></description><Point><coordinates>2.476573215327113,49.00786238600825,0</coordinates></Point></Placemark><Placemark><name>Chemin de Saint-Denis</name><description><![CDATA[<b>Territoire :</b> TàD Roissy Sarcelles<br/><b>Lignes :</b> TàD, TàD<br/><b>Identifiant :</b> IDFM:38099]]></description><Point><coordinates>2.476127060398849,49.00737486338287,0</coordinates></Point></Placemark><Placemark><name>Chemin des Chèvres</name><description><![CDATA[<b>Territoire :</b> TàD 4318<br/><b>Lignes :</b> TàD 4318<br/><b>Identifiant :</b> IDFM:461993]]></description><Point><coordinates>2.4408968278199157,48.55827137729011,0</coordinates></Point></Placemark><Placemark><name>Chemin des Chèvres</name><description><![CDATA[<b>Territoire :</b> TàD 4318<br/><b>Lignes :</b> TàD 4318<br/><b>Identifiant :</b> IDFM:461990]]></description><Point><coordinates>2.441140648750392,48.55828151879046,0</coordinates></Point></Placemark><Placemark><name>Chemin du Gué</name><description><![CDATA[<b>Territoire :</b> TàD Roissy Fosses<br/><b>Lignes :</b> TàD<br/><b>Identifiant :</b> IDFM:38783]]></description><Point><coordinates>2.5471064145986473,49.101671852799136,0</coordinates></Point></Placemark><Placemark><name>Chemin du Gué</name><description><![CDATA[<b>Territoire :</b> TàD Roissy Fosses<br/><b>Lignes :</b> TàD<br/><b>Identifiant :</b> IDFM:38759]]></description><Point><coordinates>2.5470799710274856,49.10156385776534,0</coordinates></Point></Placemark><Placemark><name>Chemin Papillon</name><description><![CDATA[<b>Territoire :</b> TàD 4344<br/><b>Lignes :</b> TàD 4344<br/><b>Identifiant :</b> IDFM:485626]]></description><Point><coordinates>2.263052182007458,48.431407623373154,0</coordinates></Point></Placemark><Placemark><name>Chemin Papillon</name><description><![CDATA[<b>Territoire :</b> TàD 4344<br/><b>Lignes :</b> TàD 4344<br/><b>Identifiant :</b> IDFM:485677]]></description><Point><coordinates>2.2621202002224443,48.43134785036891,0</coordinates></Point></Placemark><Placemark><name>Chemin Royal</name><description><![CDATA[<b>Territoire :</b> TàD 4591<br/><b>Lignes :</b> TàD 4591<br/><b>Identifiant :</b> IDFM:3124]]></description><Point><coordinates>2.258315431154412,48.614692561953866,0</coordinates></Point></Placemark><Placemark><name>Chemin Royal</name><description><![CDATA[<b>Territoire :</b> TàD 4591<br/><b>Lignes :</b> TàD 4591<br/><b>Identifiant :</b> IDFM:3123]]></description><Point><coordinates>2.258318998917309,48.614440710656794,0</coordinates></Point></Placemark><Placemark><name>Chemin Vert</name><description><![CDATA[<b>Territoire :</b> TàD Sud Meulan - Les Mureaux<br/><b>Lignes :</b> TàD<br/><b>Identifiant :</b> IDFM:13613]]></description><Point><coordinates>1.9434865572984918,48.966178580971345,0</coordinates></Point></Placemark><Placemark><name>Cheminots</name><description><![CDATA[<b>Territoire :</b> TàD Roissy Sud<br/><b>Lignes :</b> TàD<br/><b>Identifiant :</b> IDFM:40133]]></description><Point><coordinates>2.63750250407502,48.975023351511524,0</coordinates></Point></Placemark><Placemark><name>Cheminots</name><description><![CDATA[<b>Territoire :</b> TàD Roissy Sud<br/><b>Lignes :</b> TàD<br/><b>Identifiant :</b> IDFM:39084]]></description><Point><coordinates>2.637301273628029,48.97498677390675,0</coordinates></Point></Placemark><Placemark><name>Chennevières</name><description><![CDATA[<b>Territoire :</b> TàD Vexin Est<br/><b>Lignes :</b> TàD<br/><b>Identifiant :</b> IDFM:29710]]></description><Point><coordinates>2.1694508064773674,49.15614050978752,0</coordinates></Point></Placemark><Placemark><name>Chevannes - Seigneurie</name><description><![CDATA[<b>Territoire :</b> TàD 4308<br/><b>Lignes :</b> TàD 4308, TàD 4318<br/><b>Identifiant :</b> IDFM:426721]]></description><Point><coordinates>2.4377873271923725,48.551267021706224,0</coordinates></Point></Placemark><Placemark><name>Chevannes - Seigneurie</name><description><![CDATA[<b>Territoire :</b> TàD 4308<br/><b>Lignes :</b> TàD 4308, TàD 4318<br/><b>Identifiant :</b> IDFM:426722]]></description><Point><coordinates>2.4378644292352822,48.55039479543671,0</coordinates></Point></Placemark><Placemark><name>Châtaigniers</name><description><![CDATA[<b>Territoire :</b> TàD Roissy Othis<br/><b>Lignes :</b> TàD, TàD<br/><b>Identifiant :</b> IDFM:38240]]></description><Point><coordinates>2.691649720606064,49.05638108115423,0</coordinates></Point></Placemark><Placemark><name>Château</name><description><![CDATA[<b>Territoire :</b> TàD 4305<br/><b>Lignes :</b> TàD 4305, TàD 4344<br/><b>Identifiant :</b> IDFM:463451]]></description><Point><coordinates>2.370232421179145,48.4335723400773,0</coordinates></Point></Placemark><Placemark><name>Château</name><description><![CDATA[<b>Territoire :</b> TàD 4305<br/><b>Lignes :</b> TàD 4305, TàD 4344<br/><b>Identifiant :</b> IDFM:463455]]></description><Point><coordinates>2.3703417564798976,48.43347395698101,0</coordinates></Point></Placemark><Placemark><name>Château</name><description><![CDATA[<b>Territoire :</b> TàD 4308<br/><b>Lignes :</b> TàD 4308, TàD 4318<br/><b>Identifiant :</b> IDFM:422721]]></description><Point><coordinates>2.4081919253879955,48.57309999169109,0</coordinates></Point></Placemark><Placemark><name>Château</name><description><![CDATA[<b>Territoire :</b> TàD Vexin Est<br/><b>Lignes :</b> TàD<br/><b>Identifiant :</b> IDFM:422979]]></description><Point><coordinates>2.132360801338354,49.10183135968969,0</coordinates></Point></Placemark><Placemark><name>Château</name><description><![CDATA[<b>Territoire :</b> TàD Nord Meulan - Les Mureaux<br/><b>Lignes :</b> TàD<br/><b>Identifiant :</b> IDFM:32606]]></description><Point><coordinates>1.893474818720281,49.006277070891365,0</coordinates></Point></Placemark><Placemark><name>Château</name><description><![CDATA[<b>Territoire :</b> TàD Nord Meulan - Les Mureaux<br/><b>Lignes :</b> TàD<br/><b>Identifiant :</b> IDFM:32605]]></description><Point><coordinates>1.8935433441272764,49.006268709804935,0</coordinates></Point></Placemark><Placemark><name>Château</name><description><![CDATA[<b>Territoire :</b> TàD 4308<br/><b>Lignes :</b> TàD 4308<br/><b>Identifiant :</b> IDFM:10270]]></description><Point><coordinates>2.4937945792632417,48.5057384642491,0</coordinates></Point></Placemark><Placemark><name>Château</name><description><![CDATA[<b>Territoire :</b> TàD 4308<br/><b>Lignes :</b> TàD 4308<br/><b>Identifiant :</b> IDFM:10269]]></description><Point><coordinates>2.4939170234800776,48.50567601337412,0</coordinates></Point></Placemark><Placemark><name>Château d&apos;Eau</name><description><![CDATA[<b>Territoire :</b> TàD Courtaboeuf<br/><b>Lignes :</b> TàD<br/><b>Identifiant :</b> IDFM:11282]]></description><Point><coordinates>2.2087111622193625,48.68593965903063,0</coordinates></Point></Placemark><Placemark><name>Château d&apos;Eau</name><description><![CDATA[<b>Territoire :</b> TàD Courtaboeuf<br/><b>Lignes :</b> TàD<br/><b>Identifiant :</b> IDFM:11281]]></description><Point><coordinates>2.209041524855309,48.685654010602455,0</coordinates></Point></Placemark><Placemark><name>Château d&apos;Eau</name><description><![CDATA[<b>Territoire :</b> TàD 4591<br/><b>Lignes :</b> TàD 4591<br/><b>Identifiant :</b> IDFM:39853]]></description><Point><coordinates>2.2632221456126413,48.62657000578941,0</coordinates></Point></Placemark><Placemark><name>Château de Frémigny</name><description><![CDATA[<b>Territoire :</b> TàD 4306<br/><b>Lignes :</b> TàD 4306<br/><b>Identifiant :</b> IDFM:11718]]></description><Point><coordinates>2.3020986041911535,48.519718850225786,0</coordinates></Point></Placemark><Placemark><name>Château de Frémigny</name><description><![CDATA[<b>Territoire :</b> TàD 4306<br/><b>Lignes :</b> TàD 4306<br/><b>Identifiant :</b> IDFM:11719]]></description><Point><coordinates>2.3025401622061894,48.5191007091716,0</coordinates></Point></Placemark><Placemark><name>Château de la Chasse</name><description><![CDATA[<b>Territoire :</b> TàD Eaubonne Domont<br/><b>Lignes :</b> TàD<br/><b>Identifiant :</b> IDFM:13285]]></description><Point><coordinates>2.2952551336592206,49.022931925143816,0</coordinates></Point></Placemark><Placemark><name>Château de la Chasse</name><description><![CDATA[<b>Territoire :</b> TàD Eaubonne Domont<br/><b>Lignes :</b> TàD<br/><b>Identifiant :</b> IDFM:13286]]></description><Point><coordinates>2.2956743301588594,49.02327608779634,0</coordinates></Point></Placemark><Placemark><name>Château Gaillard</name><description><![CDATA[<b>Territoire :</b> TàD 4342<br/><b>Lignes :</b> TàD 4342<br/><b>Identifiant :</b> IDFM:485672]]></description><Point><coordinates>2.320893802610985,48.34509347095405,0</coordinates></Point></Placemark><Placemark><name>Château Gaillard</name><description><![CDATA[<b>Territoire :</b> TàD 4342<br/><b>Lignes :</b> TàD 4342<br/><b>Identifiant :</b> IDFM:485674]]></description><Point><coordinates>2.3208793781212496,48.34516536675567,0</coordinates></Point></Placemark><Placemark><name>Châteaubriant</name><description><![CDATA[<b>Territoire :</b> TàD Roissy Sud<br/><b>Lignes :</b> TàD<br/><b>Identifiant :</b> IDFM:426270]]></description><Point><coordinates>2.5922502844923967,48.964554790074814,0</coordinates></Point></Placemark><Placemark><name>Cimetière</name><description><![CDATA[<b>Territoire :</b> TàD Roissy Sarcelles<br/><b>Lignes :</b> TàD<br/><b>Identifiant :</b> IDFM:14578]]></description><Point><coordinates>2.452262017907947,48.99047081624333,0</coordinates></Point></Placemark><Placemark><name>Cimetière</name><description><![CDATA[<b>Territoire :</b> TàD Roissy Sarcelles<br/><b>Lignes :</b> TàD<br/><b>Identifiant :</b> IDFM:37977]]></description><Point><coordinates>2.451980866274271,48.98992100104106,0</coordinates></Point></Placemark><Placemark><name>Cimetière</name><description><![CDATA[<b>Territoire :</b> TàD Roissy Fosses<br/><b>Lignes :</b> TàD<br/><b>Identifiant :</b> IDFM:38195]]></description><Point><coordinates>2.5008432506113483,49.08669789545123,0</coordinates></Point></Placemark><Placemark><name>Cimetière</name><description><![CDATA[<b>Territoire :</b> TàD Roissy Sud<br/><b>Lignes :</b> TàD<br/><b>Identifiant :</b> IDFM:40677]]></description><Point><coordinates>2.5529604656064837,48.98492637716718,0</coordinates></Point></Placemark><Placemark><name>Cimetière</name><description><![CDATA[<b>Territoire :</b> TàD Roissy Sud<br/><b>Lignes :</b> TàD<br/><b>Identifiant :</b> IDFM:18895]]></description><Point><coordinates>2.5247241858756477,48.93960354879296,0</coordinates></Point></Placemark><Placemark><name>Cimetière</name><description><![CDATA[<b>Territoire :</b> TàD 6131<br/><b>Lignes :</b> TàD 6131<br/><b>Identifiant :</b> IDFM:12744]]></description><Point><coordinates>2.179608678904626,48.795225445106475,0</coordinates></Point></Placemark><Placemark><name>Cimetière</name><description><![CDATA[<b>Territoire :</b> TàD 6131<br/><b>Lignes :</b> TàD 6131<br/><b>Identifiant :</b> IDFM:12745]]></description><Point><coordinates>2.1805500318766406,48.79509699049427,0</coordinates></Point></Placemark><Placemark><name>Cimetière</name><description><![CDATA[<b>Territoire :</b> TàD 4342<br/><b>Lignes :</b> TàD 4342<br/><b>Identifiant :</b> IDFM:12915]]></description><Point><coordinates>2.4532271606926743,48.40122679703732,0</coordinates></Point></Placemark><Placemark><name>Cimetière</name><description><![CDATA[<b>Territoire :</b> TàD 4305<br/><b>Lignes :</b> TàD 4305<br/><b>Identifiant :</b> IDFM:12911]]></description><Point><coordinates>2.372885686897327,48.43894839364154,0</coordinates></Point></Placemark><Placemark><name>Cimetière</name><description><![CDATA[<b>Territoire :</b> TàD 4305<br/><b>Lignes :</b> TàD 4305<br/><b>Identifiant :</b> IDFM:12906]]></description><Point><coordinates>2.372806069949326,48.43882202008137,0</coordinates></Point></Placemark><Placemark><name>Cimetière</name><description><![CDATA[<b>Territoire :</b> TàD Roissy Sud<br/><b>Lignes :</b> TàD<br/><b>Identifiant :</b> IDFM:19348]]></description><Point><coordinates>2.524136891672894,48.93963718940158,0</coordinates></Point></Placemark><Placemark><name>Cimetière de Villepinte</name><description><![CDATA[<b>Territoire :</b> TàD Roissy Sud<br/><b>Lignes :</b> TàD<br/><b>Identifiant :</b> IDFM:38165]]></description><Point><coordinates>2.5412116794511785,48.96622284117892,0</coordinates></Point></Placemark><Placemark><name>Cimetière de Villepinte</name><description><![CDATA[<b>Territoire :</b> TàD Roissy Sud<br/><b>Lignes :</b> TàD<br/><b>Identifiant :</b> IDFM:40455]]></description><Point><coordinates>2.5413055355546663,48.96642103420186,0</coordinates></Point></Placemark><Placemark><name>Cinéma</name><description><![CDATA[<b>Territoire :</b> TàD 4318<br/><b>Lignes :</b> TàD 4318<br/><b>Identifiant :</b> IDFM:427090]]></description><Point><coordinates>2.4488803296661885,48.56327426017702,0</coordinates></Point></Placemark><Placemark><name>Cinéma</name><description><![CDATA[<b>Territoire :</b> TàD 4318<br/><b>Lignes :</b> TàD 4318<br/><b>Identifiant :</b> IDFM:462594]]></description><Point><coordinates>2.448758075690682,48.563300680792736,0</coordinates></Point></Placemark><Placemark><name>Cité des Troènes</name><description><![CDATA[<b>Territoire :</b> TàD Gretz-Tournan<br/><b>Lignes :</b> TàD<br/><b>Identifiant :</b> IDFM:495841]]></description><Point><coordinates>2.729081638524046,48.73930925755127,0</coordinates></Point></Placemark><Placemark><name>Cité des Troènes</name><description><![CDATA[<b>Territoire :</b> TàD Gretz-Tournan<br/><b>Lignes :</b> TàD<br/><b>Identifiant :</b> IDFM:16295]]></description><Point><coordinates>2.7294107437924873,48.73877934648212,0</coordinates></Point></Placemark><Placemark><name>Cité Jardins</name><description><![CDATA[<b>Territoire :</b> TàD Roissy Fosses<br/><b>Lignes :</b> TàD<br/><b>Identifiant :</b> IDFM:38196]]></description><Point><coordinates>2.504852029778885,49.09123716087539,0</coordinates></Point></Placemark><Placemark><name>Claude Nicolas Ledoux</name><description><![CDATA[<b>Territoire :</b> TàD Roissy Sud<br/><b>Lignes :</b> TàD<br/><b>Identifiant :</b> IDFM:40706]]></description><Point><coordinates>2.5447562510758472,48.968520429438165,0</coordinates></Point></Placemark><Placemark><name>Claude Nicolas Ledoux</name><description><![CDATA[<b>Territoire :</b> TàD Roissy Sud<br/><b>Lignes :</b> TàD<br/><b>Identifiant :</b> IDFM:38164]]></description><Point><coordinates>2.546307722363701,48.969254695331834,0</coordinates></Point></Placemark><Placemark><name>Clercy</name><description><![CDATA[<b>Territoire :</b> TàD 4305<br/><b>Lignes :</b> TàD 4305, TàD 4344<br/><b>Identifiant :</b> IDFM:37110]]></description><Point><coordinates>2.3491916942554414,48.460115712243024,0</coordinates></Point></Placemark><Placemark><name>Clercy</name><description><![CDATA[<b>Territoire :</b> TàD 4305<br/><b>Lignes :</b> TàD 4305, TàD 4344<br/><b>Identifiant :</b> IDFM:12907]]></description><Point><coordinates>2.349051421721829,48.46051978574802,0</coordinates></Point></Placemark><Placemark><name>Clinique</name><description><![CDATA[<b>Territoire :</b> TàD Bassin Chellois<br/><b>Lignes :</b> TàD, TàD, TàD<br/><b>Identifiant :</b> IDFM:16702]]></description><Point><coordinates>2.629654768923565,48.884433824415794,0</coordinates></Point></Placemark><Placemark><name>Clinique</name><description><![CDATA[<b>Territoire :</b> TàD Bassin Chellois<br/><b>Lignes :</b> TàD, TàD, TàD<br/><b>Identifiant :</b> IDFM:16701]]></description><Point><coordinates>2.628499559298588,48.8838906605453,0</coordinates></Point></Placemark><Placemark><name>Clinique</name><description><![CDATA[<b>Territoire :</b> TàD Eaubonne Domont<br/><b>Lignes :</b> TàD<br/><b>Identifiant :</b> IDFM:14231]]></description><Point><coordinates>2.3259250008240735,49.025045839206946,0</coordinates></Point></Placemark><Placemark><name>Clinique</name><description><![CDATA[<b>Territoire :</b> TàD Eaubonne Domont<br/><b>Lignes :</b> TàD<br/><b>Identifiant :</b> IDFM:14230]]></description><Point><coordinates>2.325925092576681,49.02493343806646,0</coordinates></Point></Placemark><Placemark><name>Clinique - Patton</name><description><![CDATA[<b>Territoire :</b> TàD 3209<br/><b>Lignes :</b> TàD 3209<br/><b>Identifiant :</b> IDFM:10019]]></description><Point><coordinates>3.3152415850522745,48.56235203678966,0</coordinates></Point></Placemark><Placemark><name>Clinique de Bazincourt</name><description><![CDATA[<b>Territoire :</b> TàD Sud Meulan - Les Mureaux<br/><b>Lignes :</b> TàD<br/><b>Identifiant :</b> IDFM:13610]]></description><Point><coordinates>1.947398118557638,48.9706465688058,0</coordinates></Point></Placemark><Placemark><name>Clinique de Bazincourt</name><description><![CDATA[<b>Territoire :</b> TàD Sud Meulan - Les Mureaux<br/><b>Lignes :</b> TàD<br/><b>Identifiant :</b> IDFM:13611]]></description><Point><coordinates>1.9465668310121365,48.97054933935294,0</coordinates></Point></Placemark><Placemark><name>Clos des Bottes</name><description><![CDATA[<b>Territoire :</b> TàD Eaubonne Domont<br/><b>Lignes :</b> TàD<br/><b>Identifiant :</b> IDFM:13288]]></description><Point><coordinates>2.285867015778302,49.01459461150872,0</coordinates></Point></Placemark><Placemark><name>Clos Manoir</name><description><![CDATA[<b>Territoire :</b> TàD 4318<br/><b>Lignes :</b> TàD 4318<br/><b>Identifiant :</b> IDFM:10424]]></description><Point><coordinates>2.4372348614455177,48.57369967606572,0</coordinates></Point></Placemark><Placemark><name>Clos Manoir</name><description><![CDATA[<b>Territoire :</b> TàD 4318<br/><b>Lignes :</b> TàD 4318<br/><b>Identifiant :</b> IDFM:10419]]></description><Point><coordinates>2.4380850595061156,48.57405452304119,0</coordinates></Point></Placemark><Placemark><name>Clos Saint-Denis</name><description><![CDATA[<b>Territoire :</b> TàD Sud Meulan - Les Mureaux<br/><b>Lignes :</b> TàD<br/><b>Identifiant :</b> IDFM:13614]]></description><Point><coordinates>1.9364529394166852,48.96814885157316,0</coordinates></Point></Placemark><Placemark><name>Clos Thiéry</name><description><![CDATA[<b>Territoire :</b> TàD 4595<br/><b>Lignes :</b> TàD 4595<br/><b>Identifiant :</b> IDFM:3171]]></description><Point><coordinates>2.281389852228512,48.6514180078262,0</coordinates></Point></Placemark><Placemark><name>Clos Thiéry</name><description><![CDATA[<b>Territoire :</b> TàD 4595<br/><b>Lignes :</b> TàD 4595<br/><b>Identifiant :</b> IDFM:10172]]></description><Point><coordinates>2.282230505070877,48.65149503553376,0</coordinates></Point></Placemark><Placemark><name>Clément Ader</name><description><![CDATA[<b>Territoire :</b> TàD Goêle<br/><b>Lignes :</b> TàD<br/><b>Identifiant :</b> IDFM:487391]]></description><Point><coordinates>2.69477068163941,49.06308777161968,0</coordinates></Point></Placemark><Placemark><name>Collège A. de Noailles - Lycée G. de Nerval</name><description><![CDATA[<b>Territoire :</b> TàD Luzarches - Goussainville<br/><b>Lignes :</b> TàD<br/><b>Identifiant :</b> IDFM:419616]]></description><Point><coordinates>2.4245132095743878,49.10736968387655,0</coordinates></Point></Placemark><Placemark><name>Collège André Derain</name><description><![CDATA[<b>Territoire :</b> TàD Aigremont - Chambourcy<br/><b>Lignes :</b> TàD<br/><b>Identifiant :</b> IDFM:13765]]></description><Point><coordinates>2.031231615402176,48.91038818151684,0</coordinates></Point></Placemark><Placemark><name>Collège Augustin Bosc</name><description><![CDATA[<b>Territoire :</b> TàD Eaubonne Domont<br/><b>Lignes :</b> TàD<br/><b>Identifiant :</b> IDFM:13295]]></description><Point><coordinates>2.2701533632658872,49.00722532392397,0</coordinates></Point></Placemark><Placemark><name>Collège Augustin Bosc</name><description><![CDATA[<b>Territoire :</b> TàD Eaubonne Domont<br/><b>Lignes :</b> TàD<br/><b>Identifiant :</b> IDFM:13294]]></description><Point><coordinates>2.2701148867298953,49.00704524311597,0</coordinates></Point></Placemark><Placemark><name>Collège Blaise Pascal</name><description><![CDATA[<b>Territoire :</b> TàD 4592<br/><b>Lignes :</b> TàD 4592<br/><b>Identifiant :</b> IDFM:10436]]></description><Point><coordinates>2.3272635553835657,48.66086979795824,0</coordinates></Point></Placemark><Placemark><name>Collège de l&apos;Europe</name><description><![CDATA[<b>Territoire :</b> TàD Goêle<br/><b>Lignes :</b> TàD<br/><b>Identifiant :</b> IDFM:38242]]></description><Point><coordinates>2.6810210077040715,49.062773321014255,0</coordinates></Point></Placemark><Placemark><name>Collège de l&apos;Europe</name><description><![CDATA[<b>Territoire :</b> TàD Bassin Chellois<br/><b>Lignes :</b> TàD, TàD, TàD<br/><b>Identifiant :</b> IDFM:16672]]></description><Point><coordinates>2.598593234999933,48.88948675094917,0</coordinates></Point></Placemark><Placemark><name>Collège de l&apos;Europe</name><description><![CDATA[<b>Territoire :</b> TàD Bassin Chellois<br/><b>Lignes :</b> TàD, TàD, TàD<br/><b>Identifiant :</b> IDFM:16671]]></description><Point><coordinates>2.5985671390470295,48.88933378148067,0</coordinates></Point></Placemark><Placemark><name>Collège de l&apos;Europe</name><description><![CDATA[<b>Territoire :</b> TàD Roissy Othis<br/><b>Lignes :</b> TàD, TàD<br/><b>Identifiant :</b> IDFM:423624]]></description><Point><coordinates>2.681178462270877,49.06387070763337,0</coordinates></Point></Placemark><Placemark><name>Collège Doisneau</name><description><![CDATA[<b>Territoire :</b> TàD 4301/4530<br/><b>Lignes :</b> TàD 4301<br/><b>Identifiant :</b> IDFM:11734]]></description><Point><coordinates>2.3524226246003703,48.52498749868368,0</coordinates></Point></Placemark><Placemark><name>Collège Evariste Galois</name><description><![CDATA[<b>Territoire :</b> TàD Roissy Sud<br/><b>Lignes :</b> TàD<br/><b>Identifiant :</b> IDFM:18915]]></description><Point><coordinates>2.5197829854092357,48.945474052410034,0</coordinates></Point></Placemark><Placemark><name>Collège Evariste Galois</name><description><![CDATA[<b>Territoire :</b> TàD Roissy Sud<br/><b>Lignes :</b> TàD<br/><b>Identifiant :</b> IDFM:19335]]></description><Point><coordinates>2.5194419374639536,48.9454457077848,0</coordinates></Point></Placemark><Placemark><name>Collège Françoise Dolto</name><description><![CDATA[<b>Territoire :</b> TàD Roissy Fosses<br/><b>Lignes :</b> TàD<br/><b>Identifiant :</b> IDFM:414477]]></description><Point><coordinates>2.506217660024381,49.085847919479825,0</coordinates></Point></Placemark><Placemark><name>Collège Georges Brassens</name><description><![CDATA[<b>Territoire :</b> TàD Goêle<br/><b>Lignes :</b> TàD<br/><b>Identifiant :</b> IDFM:40306]]></description><Point><coordinates>2.7035711656215224,49.038751438520556,0</coordinates></Point></Placemark><Placemark><name>Collège Gérard Philipe</name><description><![CDATA[<b>Territoire :</b> TàD Roissy Sud<br/><b>Lignes :</b> TàD<br/><b>Identifiant :</b> IDFM:495030]]></description><Point><coordinates>2.623195132184258,48.94042116754075,0</coordinates></Point></Placemark><Placemark><name>Collège Jean Moulin</name><description><![CDATA[<b>Territoire :</b> TàD 4595<br/><b>Lignes :</b> TàD 4595<br/><b>Identifiant :</b> IDFM:479786]]></description><Point><coordinates>2.2995199367991805,48.63473186572999,0</coordinates></Point></Placemark><Placemark><name>Collège L. de Vincy</name><description><![CDATA[<b>Territoire :</b> TàD 4344<br/><b>Lignes :</b> TàD 4344<br/><b>Identifiant :</b> IDFM:485609]]></description><Point><coordinates>2.3546483993537533,48.47727471662614,0</coordinates></Point></Placemark><Placemark><name>Collège les Glacis</name><description><![CDATA[<b>Territoire :</b> TàD 2429<br/><b>Lignes :</b> TàD 2429<br/><b>Identifiant :</b> IDFM:479591]]></description><Point><coordinates>3.128571505597882,48.93816576813328,0</coordinates></Point></Placemark><Placemark><name>Collège les Glacis</name><description><![CDATA[<b>Territoire :</b> TàD 2429<br/><b>Lignes :</b> TàD 2429<br/><b>Identifiant :</b> IDFM:10662]]></description><Point><coordinates>3.1294290520498205,48.93719364925159,0</coordinates></Point></Placemark><Placemark><name>Collège Maria Callas</name><description><![CDATA[<b>Territoire :</b> TàD Bassin Chellois<br/><b>Lignes :</b> TàD, TàD, TàD<br/><b>Identifiant :</b> IDFM:477081]]></description><Point><coordinates>2.603653675050506,48.91087089634764,0</coordinates></Point></Placemark><Placemark><name>Collège Maria Callas</name><description><![CDATA[<b>Territoire :</b> TàD Bassin Chellois<br/><b>Lignes :</b> TàD, TàD, TàD<br/><b>Identifiant :</b> IDFM:16670]]></description><Point><coordinates>2.603397680741016,48.9104473837193,0</coordinates></Point></Placemark><Placemark><name>Collège Olympe de Gouges</name><description><![CDATA[<b>Territoire :</b> TàD 4308<br/><b>Lignes :</b> TàD 4308, TàD 4318<br/><b>Identifiant :</b> IDFM:426745]]></description><Point><coordinates>2.447091020212017,48.51834070625174,0</coordinates></Point></Placemark><Placemark><name>Collège Paul Fort</name><description><![CDATA[<b>Territoire :</b> TàD 4591<br/><b>Lignes :</b> TàD 4591<br/><b>Identifiant :</b> IDFM:483596]]></description><Point><coordinates>2.278328521033878,48.639112020304,0</coordinates></Point></Placemark><Placemark><name>Colombier</name><description><![CDATA[<b>Territoire :</b> TàD Roissy Fosses<br/><b>Lignes :</b> TàD<br/><b>Identifiant :</b> IDFM:38498]]></description><Point><coordinates>2.5433685320446173,49.10162175243808,0</coordinates></Point></Placemark><Placemark><name>Colombier</name><description><![CDATA[<b>Territoire :</b> TàD Roissy Fosses<br/><b>Lignes :</b> TàD<br/><b>Identifiant :</b> IDFM:38499]]></description><Point><coordinates>2.5432599383096273,49.10151344456402,0</coordinates></Point></Placemark><Placemark><name>Colverts</name><description><![CDATA[<b>Territoire :</b> TàD 2429<br/><b>Lignes :</b> TàD 2429<br/><b>Identifiant :</b> IDFM:11168]]></description><Point><coordinates>3.1251159463641702,48.94298942114113,0</coordinates></Point></Placemark><Placemark><name>Colverts</name><description><![CDATA[<b>Territoire :</b> TàD 2429<br/><b>Lignes :</b> TàD 2429<br/><b>Identifiant :</b> IDFM:477988]]></description><Point><coordinates>3.124679530376277,48.94316972603538,0</coordinates></Point></Placemark><Placemark><name>Complexe Sportif</name><description><![CDATA[<b>Territoire :</b> TàD Aigremont - Chambourcy<br/><b>Lignes :</b> TàD<br/><b>Identifiant :</b> IDFM:34559]]></description><Point><coordinates>2.031258477645852,48.908211982635116,0</coordinates></Point></Placemark><Placemark><name>Concorde</name><description><![CDATA[<b>Territoire :</b> TàD 6131<br/><b>Lignes :</b> TàD 6131<br/><b>Identifiant :</b> IDFM:12755]]></description><Point><coordinates>2.197647833428717,48.79603146875824,0</coordinates></Point></Placemark><Placemark><name>Condé</name><description><![CDATA[<b>Territoire :</b> TàD Goêle<br/><b>Lignes :</b> TàD<br/><b>Identifiant :</b> IDFM:38271]]></description><Point><coordinates>2.667268354394556,49.05227879107773,0</coordinates></Point></Placemark><Placemark><name>Connebot</name><description><![CDATA[<b>Territoire :</b> TàD Vexin Est<br/><b>Lignes :</b> TàD<br/><b>Identifiant :</b> IDFM:29530]]></description><Point><coordinates>2.0287710006916257,49.18039805435048,0</coordinates></Point></Placemark><Placemark><name>Convention</name><description><![CDATA[<b>Territoire :</b> TàD Roissy Sarcelles<br/><b>Lignes :</b> TàD, TàD, TàD<br/><b>Identifiant :</b> IDFM:497135]]></description><Point><coordinates>2.516103977456169,49.00780346156812,0</coordinates></Point></Placemark><Placemark><name>Convention</name><description><![CDATA[<b>Territoire :</b> TàD Roissy Sarcelles<br/><b>Lignes :</b> TàD, TàD, TàD<br/><b>Identifiant :</b> IDFM:38064]]></description><Point><coordinates>2.5162539096865983,49.00784902653169,0</coordinates></Point></Placemark><Placemark><name>Copenhague</name><description><![CDATA[<b>Territoire :</b> TàD Roissy Fosses<br/><b>Lignes :</b> TàD<br/><b>Identifiant :</b> IDFM:419761]]></description><Point><coordinates>2.500322409343798,49.052662531723975,0</coordinates></Point></Placemark><Placemark><name>Coquelicots</name><description><![CDATA[<b>Territoire :</b> TàD 4301/4530<br/><b>Lignes :</b> TàD 4301<br/><b>Identifiant :</b> IDFM:411531]]></description><Point><coordinates>2.353333433287309,48.57084443213076,0</coordinates></Point></Placemark><Placemark><name>Costco</name><description><![CDATA[<b>Territoire :</b> TàD Courtaboeuf<br/><b>Lignes :</b> TàD<br/><b>Identifiant :</b> IDFM:485335]]></description><Point><coordinates>2.220627638550088,48.68760125118337,0</coordinates></Point></Placemark><Placemark><name>Cottages</name><description><![CDATA[<b>Territoire :</b> TàD Roissy Sud<br/><b>Lignes :</b> TàD<br/><b>Identifiant :</b> IDFM:424991]]></description><Point><coordinates>2.5689403483439226,48.96582213611195,0</coordinates></Point></Placemark><Placemark><name>Cottages</name><description><![CDATA[<b>Territoire :</b> TàD Roissy Sud<br/><b>Lignes :</b> TàD<br/><b>Identifiant :</b> IDFM:39209]]></description><Point><coordinates>2.5685514522369215,48.96660307978853,0</coordinates></Point></Placemark><Placemark><name>Courcelles sous Jouarre</name><description><![CDATA[<b>Territoire :</b> TàD 2429<br/><b>Lignes :</b> TàD 2429<br/><b>Identifiant :</b> IDFM:477985]]></description><Point><coordinates>3.147897375039891,48.93715429830146,0</coordinates></Point></Placemark><Placemark><name>Courcelles sous Jouarre</name><description><![CDATA[<b>Territoire :</b> TàD 2429<br/><b>Lignes :</b> TàD 2429<br/><b>Identifiant :</b> IDFM:477983]]></description><Point><coordinates>3.147378830422677,48.937208892406055,0</coordinates></Point></Placemark><Placemark><name>Couronne</name><description><![CDATA[<b>Territoire :</b> TàD Roissy Sud<br/><b>Lignes :</b> TàD<br/><b>Identifiant :</b> IDFM:39290]]></description><Point><coordinates>2.609130234130797,48.939189100553435,0</coordinates></Point></Placemark><Placemark><name>Courty</name><description><![CDATA[<b>Territoire :</b> TàD 4342<br/><b>Lignes :</b> TàD 4342, TàD 4343<br/><b>Identifiant :</b> IDFM:7323]]></description><Point><coordinates>2.378565185325766,48.40230752486927,0</coordinates></Point></Placemark><Placemark><name>Covoiturage</name><description><![CDATA[<b>Territoire :</b> TàD 2429<br/><b>Lignes :</b> TàD 2429<br/><b>Identifiant :</b> IDFM:462090]]></description><Point><coordinates>3.2386256579739974,48.850145123896546,0</coordinates></Point></Placemark><Placemark><name>Cressonnières</name><description><![CDATA[<b>Territoire :</b> TàD Bassin Chellois<br/><b>Lignes :</b> TàD, TàD, TàD<br/><b>Identifiant :</b> IDFM:16710]]></description><Point><coordinates>2.5858129941864476,48.882851289802765,0</coordinates></Point></Placemark><Placemark><name>Cressonnières</name><description><![CDATA[<b>Territoire :</b> TàD Roissy Villiers-le-Bel<br/><b>Lignes :</b> TàD<br/><b>Identifiant :</b> IDFM:14581]]></description><Point><coordinates>2.4586994781398617,48.98900730617241,0</coordinates></Point></Placemark><Placemark><name>Cressonnières</name><description><![CDATA[<b>Territoire :</b> TàD Roissy Villiers-le-Bel<br/><b>Lignes :</b> TàD<br/><b>Identifiant :</b> IDFM:38000]]></description><Point><coordinates>2.458898628723159,48.988252849093776,0</coordinates></Point></Placemark><Placemark><name>Croisement</name><description><![CDATA[<b>Territoire :</b> TàD Roissy Othis<br/><b>Lignes :</b> TàD, TàD<br/><b>Identifiant :</b> IDFM:38022]]></description><Point><coordinates>2.6708460497898607,49.051155698388065,0</coordinates></Point></Placemark><Placemark><name>Croisement</name><description><![CDATA[<b>Territoire :</b> TàD Roissy Othis<br/><b>Lignes :</b> TàD, TàD<br/><b>Identifiant :</b> IDFM:423575]]></description><Point><coordinates>2.6708882866086525,49.05096698928152,0</coordinates></Point></Placemark><Placemark><name>Croix Boissée</name><description><![CDATA[<b>Territoire :</b> TàD 4301/4530<br/><b>Lignes :</b> TàD 4301<br/><b>Identifiant :</b> IDFM:35292]]></description><Point><coordinates>2.327137792933823,48.56825233034349,0</coordinates></Point></Placemark><Placemark><name>Croix de Lassy</name><description><![CDATA[<b>Territoire :</b> TàD Luzarches - Goussainville<br/><b>Lignes :</b> TàD<br/><b>Identifiant :</b> IDFM:40475]]></description><Point><coordinates>2.4490147718248165,49.09954507304798,0</coordinates></Point></Placemark><Placemark><name>Croix l&apos;Aumône</name><description><![CDATA[<b>Territoire :</b> TàD Roissy Sud<br/><b>Lignes :</b> TàD<br/><b>Identifiant :</b> IDFM:19563]]></description><Point><coordinates>2.524955726779093,48.96507146238136,0</coordinates></Point></Placemark><Placemark><name>Croix Rouge</name><description><![CDATA[<b>Territoire :</b> TàD Roissy Sud<br/><b>Lignes :</b> TàD<br/><b>Identifiant :</b> IDFM:19091]]></description><Point><coordinates>2.4918766010870135,48.946959706844694,0</coordinates></Point></Placemark><Placemark><name>Croix Rouge Fer</name><description><![CDATA[<b>Territoire :</b> TàD 4595<br/><b>Lignes :</b> TàD 4595<br/><b>Identifiant :</b> IDFM:3165]]></description><Point><coordinates>2.2881583355130415,48.64985748774679,0</coordinates></Point></Placemark><Placemark><name>Croix Rouge Fer</name><description><![CDATA[<b>Territoire :</b> TàD 4595<br/><b>Lignes :</b> TàD 4595<br/><b>Identifiant :</b> IDFM:10170]]></description><Point><coordinates>2.2872151092432977,48.64933912377723,0</coordinates></Point></Placemark><Placemark><name>Croix Saint-Marc</name><description><![CDATA[<b>Territoire :</b> TàD Roissy Sud<br/><b>Lignes :</b> TàD<br/><b>Identifiant :</b> IDFM:37955]]></description><Point><coordinates>2.4985484957290027,48.96015295456359,0</coordinates></Point></Placemark><Placemark><name>Croix Saint-Marc</name><description><![CDATA[<b>Territoire :</b> TàD Roissy Sud<br/><b>Lignes :</b> TàD<br/><b>Identifiant :</b> IDFM:38997]]></description><Point><coordinates>2.4975019588742637,48.95963599883731,0</coordinates></Point></Placemark><Placemark><name>Cruppet</name><description><![CDATA[<b>Territoire :</b> TàD Roissy Sud<br/><b>Lignes :</b> TàD<br/><b>Identifiant :</b> IDFM:19138]]></description><Point><coordinates>2.556367752067537,48.97790703240955,0</coordinates></Point></Placemark><Placemark><name>Cruppet</name><description><![CDATA[<b>Territoire :</b> TàD Roissy Sud<br/><b>Lignes :</b> TàD<br/><b>Identifiant :</b> IDFM:19034]]></description><Point><coordinates>2.556284945010466,48.97800564195456,0</coordinates></Point></Placemark><Placemark><name>Côte de Paris</name><description><![CDATA[<b>Territoire :</b> TàD Sud Meulan - Les Mureaux<br/><b>Lignes :</b> TàD<br/><b>Identifiant :</b> IDFM:422758]]></description><Point><coordinates>1.8757592779987298,48.96332345579393,0</coordinates></Point></Placemark><Placemark><name>Côte Valorge</name><description><![CDATA[<b>Territoire :</b> TàD 4591<br/><b>Lignes :</b> TàD 4591<br/><b>Identifiant :</b> IDFM:2916]]></description><Point><coordinates>2.2813039255258545,48.609247330283914,0</coordinates></Point></Placemark><Placemark><name>Côte Valorge</name><description><![CDATA[<b>Territoire :</b> TàD 4591<br/><b>Lignes :</b> TàD 4591<br/><b>Identifiant :</b> IDFM:2917]]></description><Point><coordinates>2.281305530483882,48.60913039849219,0</coordinates></Point></Placemark><Placemark><name>D&apos;Huilet</name><description><![CDATA[<b>Territoire :</b> TàD 4342<br/><b>Lignes :</b> TàD 4342<br/><b>Identifiant :</b> IDFM:485694]]></description><Point><coordinates>2.177155900718958,48.399155594412015,0</coordinates></Point></Placemark><Placemark><name>D&apos;Huilet</name><description><![CDATA[<b>Territoire :</b> TàD 4342<br/><b>Lignes :</b> TàD 4342<br/><b>Identifiant :</b> IDFM:485696]]></description><Point><coordinates>2.177168143214998,48.39923665331271,0</coordinates></Point></Placemark><Placemark><name>D&apos;Huison</name><description><![CDATA[<b>Territoire :</b> TàD 4306<br/><b>Lignes :</b> TàD 4306, TàD 4344<br/><b>Identifiant :</b> IDFM:415572]]></description><Point><coordinates>2.3390019990452826,48.45508433472096,0</coordinates></Point></Placemark><Placemark><name>D&apos;Huison</name><description><![CDATA[<b>Territoire :</b> TàD 4306<br/><b>Lignes :</b> TàD 4306, TàD 4344<br/><b>Identifiant :</b> IDFM:415575]]></description><Point><coordinates>2.3387842531954006,48.455191080606404,0</coordinates></Point></Placemark><Placemark><name>Daguerre</name><description><![CDATA[<b>Territoire :</b> TàD ZI Poincy<br/><b>Lignes :</b> TàD<br/><b>Identifiant :</b> IDFM:485767]]></description><Point><coordinates>2.91565531828294,48.96338387742186,0</coordinates></Point></Placemark><Placemark><name>Daguerre</name><description><![CDATA[<b>Territoire :</b> TàD ZI Poincy<br/><b>Lignes :</b> TàD<br/><b>Identifiant :</b> IDFM:485769]]></description><Point><coordinates>2.9157917992559863,48.96343792733219,0</coordinates></Point></Placemark><Placemark><name>De Gaulle</name><description><![CDATA[<b>Territoire :</b> TàD 6131<br/><b>Lignes :</b> TàD 6131<br/><b>Identifiant :</b> IDFM:12705]]></description><Point><coordinates>2.1816596109277766,48.785112010135215,0</coordinates></Point></Placemark><Placemark><name>De Gaulle</name><description><![CDATA[<b>Territoire :</b> TàD 6131<br/><b>Lignes :</b> TàD 6131<br/><b>Identifiant :</b> IDFM:12706]]></description><Point><coordinates>2.1823535520147086,48.785125754966884,0</coordinates></Point></Placemark><Placemark><name>Delort</name><description><![CDATA[<b>Territoire :</b> TàD 3209<br/><b>Lignes :</b> TàD 3209<br/><b>Identifiant :</b> IDFM:9858]]></description><Point><coordinates>3.3064447517697317,48.559811291953004,0</coordinates></Point></Placemark><Placemark><name>Delort</name><description><![CDATA[<b>Territoire :</b> TàD 3209<br/><b>Lignes :</b> TàD 3209<br/><b>Identifiant :</b> IDFM:492239]]></description><Point><coordinates>3.3063374432556882,48.560000474989174,0</coordinates></Point></Placemark><Placemark><name>Dispensaire</name><description><![CDATA[<b>Territoire :</b> TàD 4592<br/><b>Lignes :</b> TàD 4592<br/><b>Identifiant :</b> IDFM:11749]]></description><Point><coordinates>2.336836394836481,48.65979006558673,0</coordinates></Point></Placemark><Placemark><name>Division Leclerc - Langevin</name><description><![CDATA[<b>Territoire :</b> TàD Roissy Sud<br/><b>Lignes :</b> TàD<br/><b>Identifiant :</b> IDFM:27682]]></description><Point><coordinates>2.4593295427045687,48.94683532045636,0</coordinates></Point></Placemark><Placemark><name>Docteur Calmette</name><description><![CDATA[<b>Territoire :</b> TàD Roissy Sud<br/><b>Lignes :</b> TàD<br/><b>Identifiant :</b> IDFM:18815]]></description><Point><coordinates>2.472158720439925,48.93920373694356,0</coordinates></Point></Placemark><Placemark><name>Docteur Darier</name><description><![CDATA[<b>Territoire :</b> TàD 4595<br/><b>Lignes :</b> TàD 4595<br/><b>Identifiant :</b> IDFM:3166]]></description><Point><coordinates>2.296340674069267,48.64407719336655,0</coordinates></Point></Placemark><Placemark><name>Docteur Darier</name><description><![CDATA[<b>Territoire :</b> TàD 4595<br/><b>Lignes :</b> TàD 4595<br/><b>Identifiant :</b> IDFM:10171]]></description><Point><coordinates>2.2966664250414666,48.644079116641585,0</coordinates></Point></Placemark><Placemark><name>Domaine Ganneron</name><description><![CDATA[<b>Territoire :</b> TàD Roissy Othis<br/><b>Lignes :</b> TàD, TàD<br/><b>Identifiant :</b> IDFM:37982]]></description><Point><coordinates>2.681424767229405,49.061641455999336,0</coordinates></Point></Placemark><Placemark><name>Doumer Lafontaine</name><description><![CDATA[<b>Territoire :</b> TàD 6131<br/><b>Lignes :</b> TàD 6131<br/><b>Identifiant :</b> IDFM:12756]]></description><Point><coordinates>2.2003765380936287,48.794754597378464,0</coordinates></Point></Placemark><Placemark><name>Dromigny</name><description><![CDATA[<b>Territoire :</b> TàD 3209<br/><b>Lignes :</b> TàD 3209<br/><b>Identifiant :</b> IDFM:9780]]></description><Point><coordinates>3.292727613478355,48.5544664879732,0</coordinates></Point></Placemark><Placemark><name>Eaux de la Vanne</name><description><![CDATA[<b>Territoire :</b> TàD 4318<br/><b>Lignes :</b> TàD 4318<br/><b>Identifiant :</b> IDFM:21570]]></description><Point><coordinates>2.4410145992343093,48.57518377657067,0</coordinates></Point></Placemark><Placemark><name>Eaux de la Vanne</name><description><![CDATA[<b>Territoire :</b> TàD 4318<br/><b>Lignes :</b> TàD 4318<br/><b>Identifiant :</b> IDFM:10425]]></description><Point><coordinates>2.44108295147798,48.57513012404272,0</coordinates></Point></Placemark><Placemark><name>Entretien Nord</name><description><![CDATA[<b>Territoire :</b> TàD Roissy Sarcelles<br/><b>Lignes :</b> TàD, TàD, TàD<br/><b>Identifiant :</b> IDFM:19726]]></description><Point><coordinates>2.5164352695426992,49.01186023523295,0</coordinates></Point></Placemark><Placemark><name>Entretien Nord</name><description><![CDATA[<b>Territoire :</b> TàD Roissy Sarcelles<br/><b>Lignes :</b> TàD, TàD, TàD<br/><b>Identifiant :</b> IDFM:9988]]></description><Point><coordinates>2.516433762725722,49.01202208669505,0</coordinates></Point></Placemark><Placemark><name>Epagnes</name><description><![CDATA[<b>Territoire :</b> TàD Vexin Est<br/><b>Lignes :</b> TàD<br/><b>Identifiant :</b> IDFM:41576]]></description><Point><coordinates>1.9437526027010636,49.126515814716306,0</coordinates></Point></Placemark><Placemark><name>ESAT</name><description><![CDATA[<b>Territoire :</b> TàD 4308<br/><b>Lignes :</b> TàD 4308, TàD 4318<br/><b>Identifiant :</b> IDFM:9479]]></description><Point><coordinates>2.441057299927218,48.538139538031835,0</coordinates></Point></Placemark><Placemark><name>Espace Prévert</name><description><![CDATA[<b>Territoire :</b> TàD Roissy Sud<br/><b>Lignes :</b> TàD<br/><b>Identifiant :</b> IDFM:38039]]></description><Point><coordinates>2.61883026723584,48.984659162163574,0</coordinates></Point></Placemark><Placemark><name>Ezerville</name><description><![CDATA[<b>Territoire :</b> TàD 4342<br/><b>Lignes :</b> TàD 4342<br/><b>Identifiant :</b> IDFM:485684]]></description><Point><coordinates>2.2321972081706996,48.339171269218035,0</coordinates></Point></Placemark><Placemark><name>Ezerville</name><description><![CDATA[<b>Territoire :</b> TàD 4342<br/><b>Lignes :</b> TàD 4342<br/><b>Identifiant :</b> IDFM:485687]]></description><Point><coordinates>2.232095530636246,48.3396654693957,0</coordinates></Point></Placemark><Placemark><name>FAM de Bécheville</name><description><![CDATA[<b>Territoire :</b> TàD Sud Meulan - Les Mureaux<br/><b>Lignes :</b> TàD<br/><b>Identifiant :</b> IDFM:486509]]></description><Point><coordinates>1.9369813645070089,48.98572591458421,0</coordinates></Point></Placemark><Placemark><name>Family Village Shopping</name><description><![CDATA[<b>Territoire :</b> TàD Sud Meulan - Les Mureaux<br/><b>Lignes :</b> TàD<br/><b>Identifiant :</b> IDFM:486921]]></description><Point><coordinates>1.8575661603719806,48.96396090134491,0</coordinates></Point></Placemark><Placemark><name>Fanny Marc</name><description><![CDATA[<b>Territoire :</b> TàD 2429<br/><b>Lignes :</b> TàD 2429<br/><b>Identifiant :</b> IDFM:11198]]></description><Point><coordinates>3.1372649522036737,48.93749967110877,0</coordinates></Point></Placemark><Placemark><name>Fanny Marc</name><description><![CDATA[<b>Territoire :</b> TàD 2429<br/><b>Lignes :</b> TàD 2429<br/><b>Identifiant :</b> IDFM:477980]]></description><Point><coordinates>3.1374422837628657,48.93745450510296,0</coordinates></Point></Placemark><Placemark><name>Fenneville</name><description><![CDATA[<b>Territoire :</b> TàD 4342<br/><b>Lignes :</b> TàD 4342<br/><b>Identifiant :</b> IDFM:7282]]></description><Point><coordinates>2.2881983895046716,48.32756350555375,0</coordinates></Point></Placemark><Placemark><name>Fenneville</name><description><![CDATA[<b>Territoire :</b> TàD 4342<br/><b>Lignes :</b> TàD 4342<br/><b>Identifiant :</b> IDFM:7283]]></description><Point><coordinates>2.2881289866534478,48.32770704770738,0</coordinates></Point></Placemark><Placemark><name>Ferme de l&apos;Etrille</name><description><![CDATA[<b>Territoire :</b> TàD Roissy Saint-Pathus<br/><b>Lignes :</b> TàD<br/><b>Identifiant :</b> IDFM:415842]]></description><Point><coordinates>2.8018836900755333,49.03766802973865,0</coordinates></Point></Placemark><Placemark><name>Ferme de l&apos;Etrille</name><description><![CDATA[<b>Territoire :</b> TàD Roissy Saint-Pathus<br/><b>Lignes :</b> TàD<br/><b>Identifiant :</b> IDFM:423549]]></description><Point><coordinates>2.80219814314769,49.037695523210985,0</coordinates></Point></Placemark><Placemark><name>Foch</name><description><![CDATA[<b>Territoire :</b> TàD Bassin Chellois<br/><b>Lignes :</b> TàD, TàD, TàD<br/><b>Identifiant :</b> IDFM:461897]]></description><Point><coordinates>2.624608741764066,48.884517033861265,0</coordinates></Point></Placemark><Placemark><name>Foch</name><description><![CDATA[<b>Territoire :</b> TàD Bassin Chellois<br/><b>Lignes :</b> TàD, TàD, TàD<br/><b>Identifiant :</b> IDFM:461895]]></description><Point><coordinates>2.624348165610001,48.88472305749778,0</coordinates></Point></Placemark><Placemark><name>Fontaine</name><description><![CDATA[<b>Territoire :</b> TàD 4305<br/><b>Lignes :</b> TàD 4305<br/><b>Identifiant :</b> IDFM:463481]]></description><Point><coordinates>2.3546369976918125,48.47159792805217,0</coordinates></Point></Placemark><Placemark><name>Fontaine</name><description><![CDATA[<b>Territoire :</b> TàD 4305<br/><b>Lignes :</b> TàD 4305<br/><b>Identifiant :</b> IDFM:463473]]></description><Point><coordinates>2.3552131975907797,48.472050878945915,0</coordinates></Point></Placemark><Placemark><name>Fontaine Mallet</name><description><![CDATA[<b>Territoire :</b> TàD Roissy Sud<br/><b>Lignes :</b> TàD<br/><b>Identifiant :</b> IDFM:38166]]></description><Point><coordinates>2.551394246369285,48.952691671441535,0</coordinates></Point></Placemark><Placemark><name>Fontaine Mallet</name><description><![CDATA[<b>Territoire :</b> TàD Roissy Sud<br/><b>Lignes :</b> TàD<br/><b>Identifiant :</b> IDFM:41830]]></description><Point><coordinates>2.5514940120743277,48.952602119058824,0</coordinates></Point></Placemark><Placemark><name>Fontaine Mansart</name><description><![CDATA[<b>Territoire :</b> TàD 4595<br/><b>Lignes :</b> TàD 4595<br/><b>Identifiant :</b> IDFM:3637]]></description><Point><coordinates>2.2850912537990746,48.658726343277586,0</coordinates></Point></Placemark><Placemark><name>Fontaine Mansart</name><description><![CDATA[<b>Territoire :</b> TàD 4595<br/><b>Lignes :</b> TàD 4595<br/><b>Identifiant :</b> IDFM:3634]]></description><Point><coordinates>2.2850919913433163,48.65867237695267,0</coordinates></Point></Placemark><Placemark><name>Forum des Cholettes</name><description><![CDATA[<b>Territoire :</b> TàD Roissy Sarcelles<br/><b>Lignes :</b> TàD<br/><b>Identifiant :</b> IDFM:38082]]></description><Point><coordinates>2.3762598589195094,48.97804093698447,0</coordinates></Point></Placemark><Placemark><name>Forum des Cholettes</name><description><![CDATA[<b>Territoire :</b> TàD Roissy Sarcelles<br/><b>Lignes :</b> TàD<br/><b>Identifiant :</b> IDFM:492397]]></description><Point><coordinates>2.376122284856533,48.97812115391307,0</coordinates></Point></Placemark><Placemark><name>Foyer des Bruyères</name><description><![CDATA[<b>Territoire :</b> TàD Roissy Sud<br/><b>Lignes :</b> TàD<br/><b>Identifiant :</b> IDFM:471995]]></description><Point><coordinates>2.555805024768987,48.98141195985269,0</coordinates></Point></Placemark><Placemark><name>Foyer des Bruyères</name><description><![CDATA[<b>Territoire :</b> TàD Roissy Sud<br/><b>Lignes :</b> TàD<br/><b>Identifiant :</b> IDFM:472159]]></description><Point><coordinates>2.555682456852725,48.981366544362324,0</coordinates></Point></Placemark><Placemark><name>Foyer des jeunes travailleurs</name><description><![CDATA[<b>Territoire :</b> TàD ZI Poincy<br/><b>Lignes :</b> TàD<br/><b>Identifiant :</b> IDFM:485763]]></description><Point><coordinates>2.904573264335517,48.95940095177909,0</coordinates></Point></Placemark><Placemark><name>Foyer des jeunes travailleurs</name><description><![CDATA[<b>Territoire :</b> TàD ZI Poincy<br/><b>Lignes :</b> TàD<br/><b>Identifiant :</b> IDFM:485766]]></description><Point><coordinates>2.904245409519385,48.959463636996695,0</coordinates></Point></Placemark><Placemark><name>Foyer Flamant</name><description><![CDATA[<b>Territoire :</b> TàD Bassin Chellois<br/><b>Lignes :</b> TàD, TàD, TàD<br/><b>Identifiant :</b> IDFM:21895]]></description><Point><coordinates>2.590287540164014,48.898199841981096,0</coordinates></Point></Placemark><Placemark><name>Foyer Flamant</name><description><![CDATA[<b>Territoire :</b> TàD Bassin Chellois<br/><b>Lignes :</b> TàD, TàD, TàD<br/><b>Identifiant :</b> IDFM:21894]]></description><Point><coordinates>2.5900538973318645,48.8984238672065,0</coordinates></Point></Placemark><Placemark><name>Francisco Ferrer</name><description><![CDATA[<b>Territoire :</b> TàD Roissy Sud<br/><b>Lignes :</b> TàD<br/><b>Identifiant :</b> IDFM:18873]]></description><Point><coordinates>2.4955843378655684,48.944745185791014,0</coordinates></Point></Placemark><Placemark><name>Froids Vents</name><description><![CDATA[<b>Territoire :</b> TàD Roissy Othis<br/><b>Lignes :</b> TàD, TàD<br/><b>Identifiant :</b> IDFM:38049]]></description><Point><coordinates>2.6759714511225834,49.078189202716906,0</coordinates></Point></Placemark><Placemark><name>Froids Vents</name><description><![CDATA[<b>Territoire :</b> TàD Roissy Othis<br/><b>Lignes :</b> TàD, TàD<br/><b>Identifiant :</b> IDFM:423586]]></description><Point><coordinates>2.6760682704717915,49.07802761810588,0</coordinates></Point></Placemark><Placemark><name>Fronval</name><description><![CDATA[<b>Territoire :</b> TàD 6131<br/><b>Lignes :</b> TàD 6131<br/><b>Identifiant :</b> IDFM:12707]]></description><Point><coordinates>2.1891907077318153,48.783085676187945,0</coordinates></Point></Placemark><Placemark><name>Frères Lumières</name><description><![CDATA[<b>Territoire :</b> TàD ZI Poincy<br/><b>Lignes :</b> TàD<br/><b>Identifiant :</b> IDFM:485762]]></description><Point><coordinates>2.9179518804791575,48.961982665841184,0</coordinates></Point></Placemark><Placemark><name>Frères Lumières</name><description><![CDATA[<b>Territoire :</b> TàD ZI Poincy<br/><b>Lignes :</b> TàD<br/><b>Identifiant :</b> IDFM:485759]]></description><Point><coordinates>2.9177870644319706,48.96257604753829,0</coordinates></Point></Placemark><Placemark><name>Fulbert Lenfant</name><description><![CDATA[<b>Territoire :</b> TàD Roissy Sud<br/><b>Lignes :</b> TàD<br/><b>Identifiant :</b> IDFM:40657]]></description><Point><coordinates>2.611505862646947,48.982999075780356,0</coordinates></Point></Placemark><Placemark><name>Fulbert Lenfant</name><description><![CDATA[<b>Territoire :</b> TàD Roissy Sud<br/><b>Lignes :</b> TàD<br/><b>Identifiant :</b> IDFM:38035]]></description><Point><coordinates>2.611615560492861,48.9829454773356,0</coordinates></Point></Placemark><Placemark><name>Gaillonnet</name><description><![CDATA[<b>Territoire :</b> TàD Nord Meulan - Les Mureaux<br/><b>Lignes :</b> TàD<br/><b>Identifiant :</b> IDFM:32590]]></description><Point><coordinates>1.8747771254126149,49.023846029063535,0</coordinates></Point></Placemark><Placemark><name>Gaillonnet</name><description><![CDATA[<b>Territoire :</b> TàD Nord Meulan - Les Mureaux<br/><b>Lignes :</b> TàD<br/><b>Identifiant :</b> IDFM:32589]]></description><Point><coordinates>1.8750355176780937,49.02391139956323,0</coordinates></Point></Placemark><Placemark><name>Gallieni</name><description><![CDATA[<b>Territoire :</b> TàD 4592<br/><b>Lignes :</b> TàD 4592<br/><b>Identifiant :</b> IDFM:483605]]></description><Point><coordinates>2.322108753781064,48.665724906224675,0</coordinates></Point></Placemark><Placemark><name>Gare</name><description><![CDATA[<b>Territoire :</b> TàD 4591<br/><b>Lignes :</b> TàD 4591<br/><b>Identifiant :</b> IDFM:3128]]></description><Point><coordinates>2.2682997289822517,48.61570784794554,0</coordinates></Point></Placemark><Placemark><name>Gare</name><description><![CDATA[<b>Territoire :</b> TàD 4591<br/><b>Lignes :</b> TàD 4591<br/><b>Identifiant :</b> IDFM:3129]]></description><Point><coordinates>2.2682055244198973,48.61565329630155,0</coordinates></Point></Placemark><Placemark><name>Gare d&apos;Ozoir-la-Ferrière</name><description><![CDATA[<b>Territoire :</b> TàD 3144<br/><b>Lignes :</b> TàD 3144<br/><b>Identifiant :</b> IDFM:494455]]></description><Point><coordinates>2.690294592445982,48.76989377635941,0</coordinates></Point></Placemark><Placemark><name>Gare d&apos;Ozoir-la-Ferrière</name><description><![CDATA[<b>Territoire :</b> TàD 3144<br/><b>Lignes :</b> TàD 3144<br/><b>Identifiant :</b> IDFM:494454]]></description><Point><coordinates>2.6903775095344136,48.76967813601088,0</coordinates></Point></Placemark><Placemark><name>Gare d&apos;Étampes</name><description><![CDATA[<b>Territoire :</b> TàD 4342<br/><b>Lignes :</b> TàD 4342, TàD 4344<br/><b>Identifiant :</b> IDFM:11806]]></description><Point><coordinates>2.159857741621364,48.436614754023736,0</coordinates></Point></Placemark><Placemark><name>Gare de Ballancourt</name><description><![CDATA[<b>Territoire :</b> TàD 4301/4530<br/><b>Lignes :</b> TàD 4301<br/><b>Identifiant :</b> IDFM:492899]]></description><Point><coordinates>2.371021173277814,48.532572031826476,0</coordinates></Point></Placemark><Placemark><name>Gare de Ballancourt</name><description><![CDATA[<b>Territoire :</b> TàD 4301/4530<br/><b>Lignes :</b> TàD 4301<br/><b>Identifiant :</b> IDFM:492898]]></description><Point><coordinates>2.3704280360829735,48.53233499714854,0</coordinates></Point></Placemark><Placemark><name>Gare de Belloy Saint-Martin</name><description><![CDATA[<b>Territoire :</b> TàD Luzarches - Goussainville<br/><b>Lignes :</b> TàD<br/><b>Identifiant :</b> IDFM:38954]]></description><Point><coordinates>2.3622383289526905,49.09758760398098,0</coordinates></Point></Placemark><Placemark><name>Gare de Boigneville</name><description><![CDATA[<b>Territoire :</b> TàD 4342<br/><b>Lignes :</b> TàD 4342<br/><b>Identifiant :</b> IDFM:485221]]></description><Point><coordinates>2.3786678054612773,48.34217160060337,0</coordinates></Point></Placemark><Placemark><name>Gare de Boigneville</name><description><![CDATA[<b>Territoire :</b> TàD 4342<br/><b>Lignes :</b> TàD 4342, TàD 4343<br/><b>Identifiant :</b> IDFM:7266]]></description><Point><coordinates>2.3784663331668394,48.34208956802877,0</coordinates></Point></Placemark><Placemark><name>Gare de Bouray</name><description><![CDATA[<b>Territoire :</b> TàD 4305<br/><b>Lignes :</b> TàD 4305, TàD 4306<br/><b>Identifiant :</b> IDFM:494629]]></description><Point><coordinates>2.290559544570913,48.53283880805972,0</coordinates></Point></Placemark><Placemark><name>Gare de Bouray</name><description><![CDATA[<b>Territoire :</b> TàD 4305<br/><b>Lignes :</b> TàD 4305, TàD 4306<br/><b>Identifiant :</b> IDFM:494628]]></description><Point><coordinates>2.2907331853804234,48.533019764974064,0</coordinates></Point></Placemark><Placemark><name>Gare de Boutigny-sur-Essonne</name><description><![CDATA[<b>Territoire :</b> TàD 4305<br/><b>Lignes :</b> TàD 4305<br/><b>Identifiant :</b> IDFM:7403]]></description><Point><coordinates>2.3767564753864137,48.435208191663385,0</coordinates></Point></Placemark><Placemark><name>Gare de Boutigny-sur-Essonne</name><description><![CDATA[<b>Territoire :</b> TàD 4344<br/><b>Lignes :</b> TàD 4344<br/><b>Identifiant :</b> IDFM:7271]]></description><Point><coordinates>2.3767976729305995,48.43515442813869,0</coordinates></Point></Placemark><Placemark><name>Gare de Breuillet Village</name><description><![CDATA[<b>Territoire :</b> TàD 4597<br/><b>Lignes :</b> TàD 4597<br/><b>Identifiant :</b> IDFM:3646]]></description><Point><coordinates>2.1723035146144176,48.56491895477137,0</coordinates></Point></Placemark><Placemark><name>Gare de Brétigny Brossolette</name><description><![CDATA[<b>Territoire :</b> TàD 4591<br/><b>Lignes :</b> TàD 4591<br/><b>Identifiant :</b> IDFM:2918]]></description><Point><coordinates>2.3014467226967645,48.60730724007538,0</coordinates></Point></Placemark><Placemark><name>Gare de Brétigny Place</name><description><![CDATA[<b>Territoire :</b> TàD 4301/4530<br/><b>Lignes :</b> TàD 4301<br/><b>Identifiant :</b> IDFM:427101]]></description><Point><coordinates>2.3030404687693795,48.60680383677525,0</coordinates></Point></Placemark><Placemark><name>Gare de Buno - Gironville</name><description><![CDATA[<b>Territoire :</b> TàD 4342<br/><b>Lignes :</b> TàD 4342<br/><b>Identifiant :</b> IDFM:9248]]></description><Point><coordinates>2.385978580991493,48.37028991846383,0</coordinates></Point></Placemark><Placemark><name>Gare de Buno - Gironville</name><description><![CDATA[<b>Territoire :</b> TàD 4342<br/><b>Lignes :</b> TàD 4342<br/><b>Identifiant :</b> IDFM:9247]]></description><Point><coordinates>2.386519727869182,48.37020275020897,0</coordinates></Point></Placemark><Placemark><name>Gare de Chaville - Vélizy</name><description><![CDATA[<b>Territoire :</b> TàD 6131<br/><b>Lignes :</b> TàD 6131<br/><b>Identifiant :</b> IDFM:495800]]></description><Point><coordinates>2.1836291157255867,48.799291355769434,0</coordinates></Point></Placemark><Placemark><name>Gare de Chelles - Gournay</name><description><![CDATA[<b>Territoire :</b> TàD Bassin Chellois<br/><b>Lignes :</b> TàD, TàD, TàD<br/><b>Identifiant :</b> IDFM:496479]]></description><Point><coordinates>2.584760921258117,48.874564951103245,0</coordinates></Point></Placemark><Placemark><name>Gare de Dammartin - Juilly - Saint-Mard</name><description><![CDATA[<b>Territoire :</b> TàD Goêle<br/><b>Lignes :</b> TàD<br/><b>Identifiant :</b> IDFM:473128]]></description><Point><coordinates>2.6988746428541015,49.03260736237111,0</coordinates></Point></Placemark><Placemark><name>Gare de Dammartin - Juilly - Saint-Mard</name><description><![CDATA[<b>Territoire :</b> TàD Roissy Saint-Pathus<br/><b>Lignes :</b> TàD<br/><b>Identifiant :</b> IDFM:490616]]></description><Point><coordinates>2.6990512706008287,49.03280562482182,0</coordinates></Point></Placemark><Placemark><name>Gare de Domont</name><description><![CDATA[<b>Territoire :</b> TàD Eaubonne Domont<br/><b>Lignes :</b> TàD<br/><b>Identifiant :</b> IDFM:14232]]></description><Point><coordinates>2.337697335290863,49.032489361450004,0</coordinates></Point></Placemark><Placemark><name>Gare de Garges - Sarcelles</name><description><![CDATA[<b>Territoire :</b> TàD Roissy Sarcelles<br/><b>Lignes :</b> TàD<br/><b>Identifiant :</b> IDFM:494132]]></description><Point><coordinates>2.3917522247608476,48.97681658439402,0</coordinates></Point></Placemark><Placemark><name>Gare de Garges - Sarcelles</name><description><![CDATA[<b>Territoire :</b> TàD Roissy Sarcelles<br/><b>Lignes :</b> TàD<br/><b>Identifiant :</b> IDFM:487552]]></description><Point><coordinates>2.389735658462419,48.9775347328393,0</coordinates></Point></Placemark><Placemark><name>Gare de Goussainville</name><description><![CDATA[<b>Territoire :</b> TàD Luzarches - Goussainville<br/><b>Lignes :</b> TàD<br/><b>Identifiant :</b> IDFM:37945]]></description><Point><coordinates>2.4627642879538274,49.02405008021774,0</coordinates></Point></Placemark><Placemark><name>Gare de Goussainville</name><description><![CDATA[<b>Territoire :</b> TàD Roissy Goussainville<br/><b>Lignes :</b> TàD<br/><b>Identifiant :</b> IDFM:495780]]></description><Point><coordinates>2.4624513101557017,49.023904807053164,0</coordinates></Point></Placemark><Placemark><name>Gare de Gretz-Armainvilliers</name><description><![CDATA[<b>Territoire :</b> TàD Gretz-Tournan<br/><b>Lignes :</b> TàD<br/><b>Identifiant :</b> IDFM:495916]]></description><Point><coordinates>2.7291449676482116,48.74545241829375,0</coordinates></Point></Placemark><Placemark><name>Gare de la Ferté-Alais</name><description><![CDATA[<b>Territoire :</b> TàD 4305<br/><b>Lignes :</b> TàD 4305, TàD 4306, TàD 4344<br/><b>Identifiant :</b> IDFM:11808]]></description><Point><coordinates>2.350832790725956,48.48492781080779,0</coordinates></Point></Placemark><Placemark><name>Gare de la Ferté-Alais</name><description><![CDATA[<b>Territoire :</b> TàD 4305<br/><b>Lignes :</b> TàD 4305, TàD 4306, TàD 4344<br/><b>Identifiant :</b> IDFM:11807]]></description><Point><coordinates>2.3511416888856176,48.48511842150954,0</coordinates></Point></Placemark><Placemark><name>Gare de La Ferté-sous-Jouarre (Quai J)</name><description><![CDATA[<b>Territoire :</b> TàD 2429<br/><b>Lignes :</b> TàD 2429<br/><b>Identifiant :</b> IDFM:484441]]></description><Point><coordinates>3.1240962202546325,48.95044524596032,0</coordinates></Point></Placemark><Placemark><name>Gare de Louvres</name><description><![CDATA[<b>Territoire :</b> TàD Roissy Fosses<br/><b>Lignes :</b> TàD<br/><b>Identifiant :</b> IDFM:419756]]></description><Point><coordinates>2.50140877169012,49.04923219278951,0</coordinates></Point></Placemark><Placemark><name>Gare de Louvres</name><description><![CDATA[<b>Territoire :</b> TàD Roissy Fosses<br/><b>Lignes :</b> TàD<br/><b>Identifiant :</b> IDFM:461685]]></description><Point><coordinates>2.5010691264513816,49.04898800465187,0</coordinates></Point></Placemark><Placemark><name>Gare de Luzarches</name><description><![CDATA[<b>Territoire :</b> TàD Luzarches - Goussainville<br/><b>Lignes :</b> TàD<br/><b>Identifiant :</b> IDFM:494505]]></description><Point><coordinates>2.4220260957704864,49.11794049699035,0</coordinates></Point></Placemark><Placemark><name>Gare de Maisse</name><description><![CDATA[<b>Territoire :</b> TàD 4342<br/><b>Lignes :</b> TàD 4342<br/><b>Identifiant :</b> IDFM:7324]]></description><Point><coordinates>2.3928767871568906,48.39269200651419,0</coordinates></Point></Placemark><Placemark><name>Gare de Mennecy Rue de l&apos;Abreuvoir</name><description><![CDATA[<b>Territoire :</b> TàD 4308<br/><b>Lignes :</b> TàD 4308, TàD 4318<br/><b>Identifiant :</b> IDFM:422729]]></description><Point><coordinates>2.4335569287781342,48.57159523885999,0</coordinates></Point></Placemark><Placemark><name>Gare de Mennecy Rue de l&apos;Abreuvoir</name><description><![CDATA[<b>Territoire :</b> TàD 4308<br/><b>Lignes :</b> TàD 4308, TàD 4318<br/><b>Identifiant :</b> IDFM:470701]]></description><Point><coordinates>2.433273454383288,48.5714859413718,0</coordinates></Point></Placemark><Placemark><name>Gare de Meulan - Hardricourt</name><description><![CDATA[<b>Territoire :</b> TàD Nord Meulan - Les Mureaux<br/><b>Lignes :</b> TàD<br/><b>Identifiant :</b> IDFM:13592]]></description><Point><coordinates>1.9004020172260057,49.00578318132421,0</coordinates></Point></Placemark><Placemark><name>Gare de Meulan - Hardricourt</name><description><![CDATA[<b>Territoire :</b> TàD Nord Meulan - Les Mureaux<br/><b>Lignes :</b> TàD<br/><b>Identifiant :</b> IDFM:427770]]></description><Point><coordinates>1.9003969153838527,49.00537845665813,0</coordinates></Point></Placemark><Placemark><name>Gare de Mitry - Claye</name><description><![CDATA[<b>Territoire :</b> TàD Goêle<br/><b>Lignes :</b> TàD<br/><b>Identifiant :</b> IDFM:21220]]></description><Point><coordinates>2.6431962994770806,48.97587670910175,0</coordinates></Point></Placemark><Placemark><name>Gare de Mitry - Claye</name><description><![CDATA[<b>Territoire :</b> TàD Roissy Sud<br/><b>Lignes :</b> TàD<br/><b>Identifiant :</b> IDFM:424254]]></description><Point><coordinates>2.6431146482554793,48.975831504623045,0</coordinates></Point></Placemark><Placemark><name>Gare de Roissypôle - Aéroport CDG 1</name><description><![CDATA[<b>Territoire :</b> TàD Roissy Sud<br/><b>Lignes :</b> TàD<br/><b>Identifiant :</b> IDFM:494649]]></description><Point><coordinates>2.5597542605471184,49.01032742614764,0</coordinates></Point></Placemark><Placemark><name>Gare de Roissypôle - Aéroport CDG 1 (D1)</name><description><![CDATA[<b>Territoire :</b> TàD Roissy Saint-Pathus<br/><b>Lignes :</b> TàD<br/><b>Identifiant :</b> IDFM:494986]]></description><Point><coordinates>2.5597396008044906,49.01044426928401,0</coordinates></Point></Placemark><Placemark><name>Gare de Roissypôle - Aéroport CDG 1 (Terminal 3) (D4)</name><description><![CDATA[<b>Territoire :</b> TàD Roissy Fosses<br/><b>Lignes :</b> TàD<br/><b>Identifiant :</b> IDFM:493072]]></description><Point><coordinates>2.5591114372323225,49.0103700271194,0</coordinates></Point></Placemark><Placemark><name>Gare de Roissypôle - Aéroport CDG1 (B4)</name><description><![CDATA[<b>Territoire :</b> TàD Roissy Sarcelles<br/><b>Lignes :</b> TàD<br/><b>Identifiant :</b> IDFM:495004]]></description><Point><coordinates>2.559044847981821,49.010162964884266,0</coordinates></Point></Placemark><Placemark><name>Gare de Roissypôle - Aéroport CDG1 (C3)</name><description><![CDATA[<b>Territoire :</b> TàD Roissy Sud<br/><b>Lignes :</b> TàD<br/><b>Identifiant :</b> IDFM:426812]]></description><Point><coordinates>2.5593152785090347,49.01031649952245,0</coordinates></Point></Placemark><Placemark><name>Gare de Roissypôle - Aéroport CDG1 Terminal 3 (C4)</name><description><![CDATA[<b>Territoire :</b> TàD Roissy Sud<br/><b>Lignes :</b> TàD<br/><b>Identifiant :</b> IDFM:426813]]></description><Point><coordinates>2.559069276593061,49.010290004685544,0</coordinates></Point></Placemark><Placemark><name>Gare de Saint-Michel-sur-Orge</name><description><![CDATA[<b>Territoire :</b> TàD 4595<br/><b>Lignes :</b> TàD 4595<br/><b>Identifiant :</b> IDFM:3403]]></description><Point><coordinates>2.307350024706489,48.63581210550335,0</coordinates></Point></Placemark><Placemark><name>Gare de Sainte-Geneviève-des-Bois</name><description><![CDATA[<b>Territoire :</b> TàD 4592<br/><b>Lignes :</b> TàD 4592<br/><b>Identifiant :</b> IDFM:3350]]></description><Point><coordinates>2.3136857017751913,48.653587309251186,0</coordinates></Point></Placemark><Placemark><name>Gare de Sainte-Geneviève-des-Bois</name><description><![CDATA[<b>Territoire :</b> TàD 4592<br/><b>Lignes :</b> TàD 4592<br/><b>Identifiant :</b> IDFM:483617]]></description><Point><coordinates>2.3154102550753746,48.653561247641505,0</coordinates></Point></Placemark><Placemark><name>Gare de Sarcelles - Saint-Brice</name><description><![CDATA[<b>Territoire :</b> TàD Roissy Sarcelles<br/><b>Lignes :</b> TàD<br/><b>Identifiant :</b> IDFM:5606]]></description><Point><coordinates>2.3675158323730905,48.99495485824596,0</coordinates></Point></Placemark><Placemark><name>Gare de Sevran - Livry</name><description><![CDATA[<b>Territoire :</b> TàD Roissy Sud<br/><b>Lignes :</b> TàD<br/><b>Identifiant :</b> IDFM:497124]]></description><Point><coordinates>2.53411149091094,48.93553073927006,0</coordinates></Point></Placemark><Placemark><name>Gare de Sevran - Livry</name><description><![CDATA[<b>Territoire :</b> TàD Roissy Sud<br/><b>Lignes :</b> TàD<br/><b>Identifiant :</b> IDFM:19264]]></description><Point><coordinates>2.534518877698509,48.93576613277351,0</coordinates></Point></Placemark><Placemark><name>Gare de Sevran Beaudottes</name><description><![CDATA[<b>Territoire :</b> TàD Roissy Sud<br/><b>Lignes :</b> TàD<br/><b>Identifiant :</b> IDFM:490619]]></description><Point><coordinates>2.5237376531441558,48.94745921587213,0</coordinates></Point></Placemark><Placemark><name>Gare de Sevran Beaudottes</name><description><![CDATA[<b>Territoire :</b> TàD Roissy Sud<br/><b>Lignes :</b> TàD<br/><b>Identifiant :</b> IDFM:19175]]></description><Point><coordinates>2.5239833142906134,48.9474691841973,0</coordinates></Point></Placemark><Placemark><name>Gare de Survilliers - Fosses</name><description><![CDATA[<b>Territoire :</b> TàD Roissy Fosses<br/><b>Lignes :</b> TàD<br/><b>Identifiant :</b> IDFM:497078]]></description><Point><coordinates>2.5252835010077335,49.099681528319884,0</coordinates></Point></Placemark><Placemark><name>Gare de Tournan</name><description><![CDATA[<b>Territoire :</b> TàD Gretz-Tournan<br/><b>Lignes :</b> TàD<br/><b>Identifiant :</b> IDFM:16196]]></description><Point><coordinates>2.75968090049199,48.73864624674058,0</coordinates></Point></Placemark><Placemark><name>Gare de Vaires - Torcy</name><description><![CDATA[<b>Territoire :</b> TàD Bassin Chellois<br/><b>Lignes :</b> TàD, TàD, TàD<br/><b>Identifiant :</b> IDFM:472912]]></description><Point><coordinates>2.6389185529821333,48.87588269212155,0</coordinates></Point></Placemark><Placemark><name>Gare de Valmondois</name><description><![CDATA[<b>Territoire :</b> TàD Vexin Est<br/><b>Lignes :</b> TàD<br/><b>Identifiant :</b> IDFM:29694]]></description><Point><coordinates>2.203150496150086,49.09170215060282,0</coordinates></Point></Placemark><Placemark><name>Gare de Valmondois</name><description><![CDATA[<b>Territoire :</b> TàD Vexin Est<br/><b>Lignes :</b> TàD<br/><b>Identifiant :</b> IDFM:422981]]></description><Point><coordinates>2.2028468297797423,49.091861987901005,0</coordinates></Point></Placemark><Placemark><name>Gare de Vernouillet - Verneuil (2B)</name><description><![CDATA[<b>Territoire :</b> TàD Sud Meulan - Les Mureaux<br/><b>Lignes :</b> TàD<br/><b>Identifiant :</b> IDFM:13312]]></description><Point><coordinates>1.9823320550513026,48.980831354873914,0</coordinates></Point></Placemark><Placemark><name>Gare de Villeparisis - Mitry-le-Neuf</name><description><![CDATA[<b>Territoire :</b> TàD Roissy Sud<br/><b>Lignes :</b> TàD<br/><b>Identifiant :</b> IDFM:21238]]></description><Point><coordinates>2.6033137188767888,48.953684021573345,0</coordinates></Point></Placemark><Placemark><name>Gare des Mureaux (B2)</name><description><![CDATA[<b>Territoire :</b> TàD Sud Meulan - Les Mureaux<br/><b>Lignes :</b> TàD<br/><b>Identifiant :</b> IDFM:32736]]></description><Point><coordinates>1.912928042103411,48.993136402153276,0</coordinates></Point></Placemark><Placemark><name>Gare Routière</name><description><![CDATA[<b>Territoire :</b> TàD 4342<br/><b>Lignes :</b> TàD 4342, TàD 4344<br/><b>Identifiant :</b> IDFM:7332]]></description><Point><coordinates>2.47945799673578,48.40064309438715,0</coordinates></Point></Placemark><Placemark><name>Gare Routière</name><description><![CDATA[<b>Territoire :</b> TàD 4342<br/><b>Lignes :</b> TàD 4342, TàD 4344<br/><b>Identifiant :</b> IDFM:7333]]></description><Point><coordinates>2.4797710491906857,48.40041055133962,0</coordinates></Point></Placemark><Placemark><name>Gare SNCF / Nangis</name><description><![CDATA[<b>Territoire :</b> TàD Nangis / Saint-Just<br/><b>Lignes :</b> TàD, TàD<br/><b>Identifiant :</b> IDFM:9706]]></description><Point><coordinates>3.0125220356498703,48.561023937839124,0</coordinates></Point></Placemark><Placemark><name>Gare SNCF Quai 2</name><description><![CDATA[<b>Territoire :</b> TàD 3209<br/><b>Lignes :</b> TàD 3209<br/><b>Identifiant :</b> IDFM:9840]]></description><Point><coordinates>3.30246485213134,48.55586342822248,0</coordinates></Point></Placemark><Placemark><name>Gare Tram d&apos;Épinay-sur-Orge</name><description><![CDATA[<b>Territoire :</b> TàD 4592<br/><b>Lignes :</b> TàD 4592<br/><b>Identifiant :</b> IDFM:492895]]></description><Point><coordinates>2.335098933472684,48.67043049749541,0</coordinates></Point></Placemark><Placemark><name>Garenne</name><description><![CDATA[<b>Territoire :</b> TàD 4592<br/><b>Lignes :</b> TàD 4592<br/><b>Identifiant :</b> IDFM:483608]]></description><Point><coordinates>2.320928582382462,48.66562823866123,0</coordinates></Point></Placemark><Placemark><name>Garenne</name><description><![CDATA[<b>Territoire :</b> TàD Roissy Othis<br/><b>Lignes :</b> TàD, TàD<br/><b>Identifiant :</b> IDFM:42061]]></description><Point><coordinates>2.687921078009767,49.05759431141819,0</coordinates></Point></Placemark><Placemark><name>Gaston Bussière</name><description><![CDATA[<b>Territoire :</b> TàD Roissy Sud<br/><b>Lignes :</b> TàD<br/><b>Identifiant :</b> IDFM:19401]]></description><Point><coordinates>2.5293366425480124,48.93826385262636,0</coordinates></Point></Placemark><Placemark><name>Gaston Bussière</name><description><![CDATA[<b>Territoire :</b> TàD Roissy Sud<br/><b>Lignes :</b> TàD<br/><b>Identifiant :</b> IDFM:19048]]></description><Point><coordinates>2.5299455311463626,48.937348986522714,0</coordinates></Point></Placemark><Placemark><name>Gaudrons</name><description><![CDATA[<b>Territoire :</b> TàD 4595<br/><b>Lignes :</b> TàD 4595<br/><b>Identifiant :</b> IDFM:3167]]></description><Point><coordinates>2.284750290768878,48.64990004746253,0</coordinates></Point></Placemark><Placemark><name>Gendarmerie</name><description><![CDATA[<b>Territoire :</b> TàD 4305<br/><b>Lignes :</b> TàD 4305<br/><b>Identifiant :</b> IDFM:415592]]></description><Point><coordinates>2.354694004883186,48.47796768530011,0</coordinates></Point></Placemark><Placemark><name>Gendarmerie</name><description><![CDATA[<b>Territoire :</b> TàD 4305<br/><b>Lignes :</b> TàD 4305<br/><b>Identifiant :</b> IDFM:415595]]></description><Point><coordinates>2.3552104687078117,48.477781566642,0</coordinates></Point></Placemark><Placemark><name>Gendarmerie</name><description><![CDATA[<b>Territoire :</b> TàD Roissy Fosses<br/><b>Lignes :</b> TàD<br/><b>Identifiant :</b> IDFM:419729]]></description><Point><coordinates>2.5132809344262976,49.09902213632988,0</coordinates></Point></Placemark><Placemark><name>Gendarmerie</name><description><![CDATA[<b>Territoire :</b> TàD Roissy Fosses<br/><b>Lignes :</b> TàD<br/><b>Identifiant :</b> IDFM:419728]]></description><Point><coordinates>2.513376021127661,49.09910344315184,0</coordinates></Point></Placemark><Placemark><name>Gendarmerie</name><description><![CDATA[<b>Territoire :</b> TàD 4308<br/><b>Lignes :</b> TàD 4308, TàD 4318<br/><b>Identifiant :</b> IDFM:9442]]></description><Point><coordinates>2.4289236292526732,48.56389978836908,0</coordinates></Point></Placemark><Placemark><name>Gendarmerie</name><description><![CDATA[<b>Territoire :</b> TàD 4308<br/><b>Lignes :</b> TàD 4308, TàD 4318<br/><b>Identifiant :</b> IDFM:10427]]></description><Point><coordinates>2.429004355495619,48.563954150017096,0</coordinates></Point></Placemark><Placemark><name>Georges Brassens</name><description><![CDATA[<b>Territoire :</b> TàD Roissy Sarcelles<br/><b>Lignes :</b> TàD<br/><b>Identifiant :</b> IDFM:37993]]></description><Point><coordinates>2.407064010526394,48.9745911751165,0</coordinates></Point></Placemark><Placemark><name>Georges Brassens</name><description><![CDATA[<b>Territoire :</b> TàD Roissy Sarcelles<br/><b>Lignes :</b> TàD<br/><b>Identifiant :</b> IDFM:37992]]></description><Point><coordinates>2.4075430120472205,48.974512609635596,0</coordinates></Point></Placemark><Placemark><name>Georges Brassens</name><description><![CDATA[<b>Territoire :</b> TàD Roissy Goussainville<br/><b>Lignes :</b> TàD<br/><b>Identifiant :</b> IDFM:38565]]></description><Point><coordinates>2.4674785198048386,49.04300809806587,0</coordinates></Point></Placemark><Placemark><name>Georges Brassens</name><description><![CDATA[<b>Territoire :</b> TàD Roissy Goussainville<br/><b>Lignes :</b> TàD<br/><b>Identifiant :</b> IDFM:38453]]></description><Point><coordinates>2.467341652739367,49.043016483042464,0</coordinates></Point></Placemark><Placemark><name>Georges Claude</name><description><![CDATA[<b>Territoire :</b> TàD ZI Poincy<br/><b>Lignes :</b> TàD<br/><b>Identifiant :</b> IDFM:478008]]></description><Point><coordinates>2.9159938048710266,48.956747752685466,0</coordinates></Point></Placemark><Placemark><name>Georges Claude Quai 1</name><description><![CDATA[<b>Territoire :</b> TàD ZI Poincy<br/><b>Lignes :</b> TàD<br/><b>Identifiant :</b> IDFM:493643]]></description><Point><coordinates>2.9166492205097727,48.9567661948561,0</coordinates></Point></Placemark><Placemark><name>Georges Sachet</name><description><![CDATA[<b>Territoire :</b> TàD Roissy Sud<br/><b>Lignes :</b> TàD<br/><b>Identifiant :</b> IDFM:38169]]></description><Point><coordinates>2.5472779841769637,48.95498728598427,0</coordinates></Point></Placemark><Placemark><name>Georges Sachet</name><description><![CDATA[<b>Territoire :</b> TàD Roissy Sud<br/><b>Lignes :</b> TàD<br/><b>Identifiant :</b> IDFM:19080]]></description><Point><coordinates>2.5489539624945747,48.953824570966525,0</coordinates></Point></Placemark><Placemark><name>Glatigny</name><description><![CDATA[<b>Territoire :</b> TàD Nangis / La-Chapelle-Rablais<br/><b>Lignes :</b> TàD<br/><b>Identifiant :</b> IDFM:9809]]></description><Point><coordinates>2.9509437538329095,48.54446268754925,0</coordinates></Point></Placemark><Placemark><name>Gouffre du Biercy</name><description><![CDATA[<b>Territoire :</b> TàD 2429<br/><b>Lignes :</b> TàD 2429<br/><b>Identifiant :</b> IDFM:10716]]></description><Point><coordinates>3.1573963583361544,48.9186443357777,0</coordinates></Point></Placemark><Placemark><name>Gouffre du Biercy</name><description><![CDATA[<b>Territoire :</b> TàD 2429<br/><b>Lignes :</b> TàD 2429<br/><b>Identifiant :</b> IDFM:10715]]></description><Point><coordinates>3.157245773398518,48.918482664551014,0</coordinates></Point></Placemark><Placemark><name>Grand Dôme</name><description><![CDATA[<b>Territoire :</b> TàD Courtaboeuf<br/><b>Lignes :</b> TàD<br/><b>Identifiant :</b> IDFM:485332]]></description><Point><coordinates>2.228156694998702,48.69017780083209,0</coordinates></Point></Placemark><Placemark><name>Grand Freneville</name><description><![CDATA[<b>Territoire :</b> TàD 4342<br/><b>Lignes :</b> TàD 4342<br/><b>Identifiant :</b> IDFM:495773]]></description><Point><coordinates>2.2912854047906164,48.41096788969338,0</coordinates></Point></Placemark><Placemark><name>Grand Freneville</name><description><![CDATA[<b>Territoire :</b> TàD 4342<br/><b>Lignes :</b> TàD 4342<br/><b>Identifiant :</b> IDFM:7379]]></description><Point><coordinates>2.2932476242245445,48.411771325407926,0</coordinates></Point></Placemark><Placemark><name>Grande Borne</name><description><![CDATA[<b>Territoire :</b> TàD Roissy Othis<br/><b>Lignes :</b> TàD<br/><b>Identifiant :</b> IDFM:423826]]></description><Point><coordinates>2.6002490390038426,49.01486621678635,0</coordinates></Point></Placemark><Placemark><name>Grande Borne</name><description><![CDATA[<b>Territoire :</b> TàD Roissy Othis<br/><b>Lignes :</b> TàD, TàD<br/><b>Identifiant :</b> IDFM:38027]]></description><Point><coordinates>2.6001108831153967,49.015054588775364,0</coordinates></Point></Placemark><Placemark><name>Grande Place</name><description><![CDATA[<b>Territoire :</b> TàD 4342<br/><b>Lignes :</b> TàD 4342, TàD 4344<br/><b>Identifiant :</b> IDFM:412646]]></description><Point><coordinates>2.2239883909937372,48.42271950788245,0</coordinates></Point></Placemark><Placemark><name>Grande Prairie</name><description><![CDATA[<b>Territoire :</b> TàD Bassin Chellois<br/><b>Lignes :</b> TàD, TàD, TàD<br/><b>Identifiant :</b> IDFM:2269]]></description><Point><coordinates>2.5786361095908217,48.86991204539458,0</coordinates></Point></Placemark><Placemark><name>Grande Prairie</name><description><![CDATA[<b>Territoire :</b> TàD Bassin Chellois<br/><b>Lignes :</b> TàD, TàD, TàD<br/><b>Identifiant :</b> IDFM:2270]]></description><Point><coordinates>2.579277256121905,48.86986034133374,0</coordinates></Point></Placemark><Placemark><name>Grande Rue</name><description><![CDATA[<b>Territoire :</b> TàD Vexin Est<br/><b>Lignes :</b> TàD<br/><b>Identifiant :</b> IDFM:32429]]></description><Point><coordinates>1.8703443272097364,49.08240840925061,0</coordinates></Point></Placemark><Placemark><name>Grande Rue</name><description><![CDATA[<b>Territoire :</b> TàD Vexin Est<br/><b>Lignes :</b> TàD<br/><b>Identifiant :</b> IDFM:29593]]></description><Point><coordinates>2.1497893995533057,49.14967345032616,0</coordinates></Point></Placemark><Placemark><name>Grande Rue</name><description><![CDATA[<b>Territoire :</b> TàD Vexin Est<br/><b>Lignes :</b> TàD<br/><b>Identifiant :</b> IDFM:417059]]></description><Point><coordinates>1.8854369370125708,49.15280295653775,0</coordinates></Point></Placemark><Placemark><name>Grillons</name><description><![CDATA[<b>Territoire :</b> TàD Roissy Sud<br/><b>Lignes :</b> TàD<br/><b>Identifiant :</b> IDFM:38156]]></description><Point><coordinates>2.603273842642161,48.944592410625546,0</coordinates></Point></Placemark><Placemark><name>Gros Merisier</name><description><![CDATA[<b>Territoire :</b> TàD Roissy Saint-Pathus<br/><b>Lignes :</b> TàD<br/><b>Identifiant :</b> IDFM:423842]]></description><Point><coordinates>2.8246151521644345,49.07373256399073,0</coordinates></Point></Placemark><Placemark><name>Gros Saule</name><description><![CDATA[<b>Territoire :</b> TàD Roissy Sud<br/><b>Lignes :</b> TàD<br/><b>Identifiant :</b> IDFM:490620]]></description><Point><coordinates>2.520033328573309,48.94941382590368,0</coordinates></Point></Placemark><Placemark><name>Gros Saule</name><description><![CDATA[<b>Territoire :</b> TàD Roissy Sud<br/><b>Lignes :</b> TàD<br/><b>Identifiant :</b> IDFM:19025]]></description><Point><coordinates>2.5191319031488644,48.94944618410442,0</coordinates></Point></Placemark><Placemark><name>Groupe Scolaire Lachiver</name><description><![CDATA[<b>Territoire :</b> TàD Nord Meulan - Les Mureaux<br/><b>Lignes :</b> TàD<br/><b>Identifiant :</b> IDFM:32612]]></description><Point><coordinates>1.8970958317358944,49.00569888733684,0</coordinates></Point></Placemark><Placemark><name>Groupe Scolaire Lachiver</name><description><![CDATA[<b>Territoire :</b> TàD Nord Meulan - Les Mureaux<br/><b>Lignes :</b> TàD<br/><b>Identifiant :</b> IDFM:32613]]></description><Point><coordinates>1.89714591687194,49.005915175891396,0</coordinates></Point></Placemark><Placemark><name>Guichet</name><description><![CDATA[<b>Territoire :</b> TàD 4301/4530<br/><b>Lignes :</b> TàD 4301<br/><b>Identifiant :</b> IDFM:411533]]></description><Point><coordinates>2.361052512462768,48.57810966266798,0</coordinates></Point></Placemark><Placemark><name>Guichet</name><description><![CDATA[<b>Territoire :</b> TàD 4301/4530<br/><b>Lignes :</b> TàD 4301<br/><b>Identifiant :</b> IDFM:35329]]></description><Point><coordinates>2.3608769433080132,48.578054745938395,0</coordinates></Point></Placemark><Placemark><name>Guignonville</name><description><![CDATA[<b>Territoire :</b> TàD 4342<br/><b>Lignes :</b> TàD 4342<br/><b>Identifiant :</b> IDFM:37347]]></description><Point><coordinates>2.2098461424319504,48.398676169825876,0</coordinates></Point></Placemark><Placemark><name>Guillaume de Beaumont</name><description><![CDATA[<b>Territoire :</b> TàD Nord Meulan - Les Mureaux<br/><b>Lignes :</b> TàD<br/><b>Identifiant :</b> IDFM:32610]]></description><Point><coordinates>1.8973790555645225,49.00716732267349,0</coordinates></Point></Placemark><Placemark><name>Guincourt</name><description><![CDATA[<b>Territoire :</b> TàD Roissy Othis<br/><b>Lignes :</b> TàD, TàD<br/><b>Identifiant :</b> IDFM:38050]]></description><Point><coordinates>2.6742108248482985,49.079569121506466,0</coordinates></Point></Placemark><Placemark><name>Guincourt</name><description><![CDATA[<b>Territoire :</b> TàD Roissy Othis<br/><b>Lignes :</b> TàD, TàD<br/><b>Identifiant :</b> IDFM:423584]]></description><Point><coordinates>2.6740591344065865,49.07974853844322,0</coordinates></Point></Placemark><Placemark><name>Guy Môquet</name><description><![CDATA[<b>Territoire :</b> TàD Roissy Sud<br/><b>Lignes :</b> TàD<br/><b>Identifiant :</b> IDFM:38037]]></description><Point><coordinates>2.6326535925859718,48.97544922360945,0</coordinates></Point></Placemark><Placemark><name>Guy Môquet</name><description><![CDATA[<b>Territoire :</b> TàD 4592<br/><b>Lignes :</b> TàD 4592<br/><b>Identifiant :</b> IDFM:11828]]></description><Point><coordinates>2.331226337476044,48.66528168056854,0</coordinates></Point></Placemark><Placemark><name>Guy Môquet</name><description><![CDATA[<b>Territoire :</b> TàD 4592<br/><b>Lignes :</b> TàD 4592<br/><b>Identifiant :</b> IDFM:11827]]></description><Point><coordinates>2.3312638530190477,48.66553375182371,0</coordinates></Point></Placemark><Placemark><name>Guy Môquet</name><description><![CDATA[<b>Territoire :</b> TàD Roissy Sud<br/><b>Lignes :</b> TàD<br/><b>Identifiant :</b> IDFM:39122]]></description><Point><coordinates>2.6328579189557555,48.975530780091,0</coordinates></Point></Placemark><Placemark><name>Gymnase</name><description><![CDATA[<b>Territoire :</b> TàD Bassin Chellois<br/><b>Lignes :</b> TàD, TàD, TàD<br/><b>Identifiant :</b> IDFM:16738]]></description><Point><coordinates>2.632603100664278,48.86856101441343,0</coordinates></Point></Placemark><Placemark><name>Gymnase</name><description><![CDATA[<b>Territoire :</b> TàD Bassin Chellois<br/><b>Lignes :</b> TàD, TàD, TàD<br/><b>Identifiant :</b> IDFM:16737]]></description><Point><coordinates>2.6317421335131446,48.868864137660594,0</coordinates></Point></Placemark><Placemark><name>Gymnase</name><description><![CDATA[<b>Territoire :</b> TàD Roissy Fosses<br/><b>Lignes :</b> TàD<br/><b>Identifiant :</b> IDFM:419726]]></description><Point><coordinates>2.4994876279453524,49.061201181210784,0</coordinates></Point></Placemark><Placemark><name>Gymnase</name><description><![CDATA[<b>Territoire :</b> TàD Roissy Fosses<br/><b>Lignes :</b> TàD<br/><b>Identifiant :</b> IDFM:419599]]></description><Point><coordinates>2.499637526462715,49.0612647472218,0</coordinates></Point></Placemark><Placemark><name>Gymnase</name><description><![CDATA[<b>Territoire :</b> TàD 4301/4530<br/><b>Lignes :</b> TàD 4301<br/><b>Identifiant :</b> IDFM:35366]]></description><Point><coordinates>2.3686707073783384,48.555670011277684,0</coordinates></Point></Placemark><Placemark><name>Général Leclerc</name><description><![CDATA[<b>Territoire :</b> TàD Roissy Fosses<br/><b>Lignes :</b> TàD<br/><b>Identifiant :</b> IDFM:415757]]></description><Point><coordinates>2.500622450079724,49.05702476698401,0</coordinates></Point></Placemark><Placemark><name>Gérocourt Centre</name><description><![CDATA[<b>Territoire :</b> TàD Vexin Est<br/><b>Lignes :</b> TàD<br/><b>Identifiant :</b> IDFM:29589]]></description><Point><coordinates>2.0565299392518916,49.1029148050073,0</coordinates></Point></Placemark><Placemark><name>Gérocourt Centre</name><description><![CDATA[<b>Territoire :</b> TàD Vexin Est<br/><b>Lignes :</b> TàD<br/><b>Identifiant :</b> IDFM:29570]]></description><Point><coordinates>2.056420398313648,49.10291394554579,0</coordinates></Point></Placemark><Placemark><name>Gérocourt Chapelle</name><description><![CDATA[<b>Territoire :</b> TàD Vexin Est<br/><b>Lignes :</b> TàD<br/><b>Identifiant :</b> IDFM:41902]]></description><Point><coordinates>2.056756756511661,49.10173866187653,0</coordinates></Point></Placemark><Placemark><name>Gérocourt Chapelle</name><description><![CDATA[<b>Territoire :</b> TàD Vexin Est<br/><b>Lignes :</b> TàD<br/><b>Identifiant :</b> IDFM:41901]]></description><Point><coordinates>2.056636306771153,49.101584856758485,0</coordinates></Point></Placemark><Placemark><name>Hameau de Prieuré</name><description><![CDATA[<b>Territoire :</b> TàD Roissy Fosses<br/><b>Lignes :</b> TàD<br/><b>Identifiant :</b> IDFM:419696]]></description><Point><coordinates>2.50413642312413,49.084463659487085,0</coordinates></Point></Placemark><Placemark><name>Hameau des Cèdres</name><description><![CDATA[<b>Territoire :</b> TàD Roissy Fosses<br/><b>Lignes :</b> TàD<br/><b>Identifiant :</b> IDFM:38188]]></description><Point><coordinates>2.501044045482967,49.090016568471654,0</coordinates></Point></Placemark><Placemark><name>Hamel</name><description><![CDATA[<b>Territoire :</b> TàD Goêle<br/><b>Lignes :</b> TàD<br/><b>Identifiant :</b> IDFM:38276]]></description><Point><coordinates>2.659032280257006,49.05235460626136,0</coordinates></Point></Placemark><Placemark><name>Haut de Vigne 1</name><description><![CDATA[<b>Territoire :</b> TàD 4301/4530<br/><b>Lignes :</b> TàD 4301<br/><b>Identifiant :</b> IDFM:462408]]></description><Point><coordinates>2.363278177522366,48.5533743204745,0</coordinates></Point></Placemark><Placemark><name>Haut de Vigne 2</name><description><![CDATA[<b>Territoire :</b> TàD 4301/4530<br/><b>Lignes :</b> TàD 4301<br/><b>Identifiant :</b> IDFM:35364]]></description><Point><coordinates>2.3632140355253366,48.554192597042984,0</coordinates></Point></Placemark><Placemark><name>Haute Grève</name><description><![CDATA[<b>Territoire :</b> TàD Roissy Fosses<br/><b>Lignes :</b> TàD<br/><b>Identifiant :</b> IDFM:423519]]></description><Point><coordinates>2.503489301122689,49.096293691187874,0</coordinates></Point></Placemark><Placemark><name>Hautes Fleurances</name><description><![CDATA[<b>Territoire :</b> TàD 4595<br/><b>Lignes :</b> TàD 4595<br/><b>Identifiant :</b> IDFM:3175]]></description><Point><coordinates>2.283886452605749,48.63068997033489,0</coordinates></Point></Placemark><Placemark><name>Hautes Groux</name><description><![CDATA[<b>Territoire :</b> TàD Nord Meulan - Les Mureaux<br/><b>Lignes :</b> TàD<br/><b>Identifiant :</b> IDFM:32774]]></description><Point><coordinates>1.8765988164087775,49.00474438204877,0</coordinates></Point></Placemark><Placemark><name>Hautes Groux</name><description><![CDATA[<b>Territoire :</b> TàD Nord Meulan - Les Mureaux<br/><b>Lignes :</b> TàD<br/><b>Identifiant :</b> IDFM:32773]]></description><Point><coordinates>1.8766527040020977,49.00478085800684,0</coordinates></Point></Placemark><Placemark><name>Henri Dunant</name><description><![CDATA[<b>Territoire :</b> TàD Roissy Goussainville<br/><b>Lignes :</b> TàD<br/><b>Identifiant :</b> IDFM:37998]]></description><Point><coordinates>2.4639021570043895,49.03700359498103,0</coordinates></Point></Placemark><Placemark><name>Henri Sellier</name><description><![CDATA[<b>Territoire :</b> TàD Roissy Villiers-le-Bel<br/><b>Lignes :</b> TàD<br/><b>Identifiant :</b> IDFM:28350]]></description><Point><coordinates>2.3981303935841405,49.007611570653644,0</coordinates></Point></Placemark><Placemark><name>Henri Sellier</name><description><![CDATA[<b>Territoire :</b> TàD Roissy Villiers-le-Bel<br/><b>Lignes :</b> TàD<br/><b>Identifiant :</b> IDFM:39650]]></description><Point><coordinates>2.3982315090907638,49.008322462363815,0</coordinates></Point></Placemark><Placemark><name>Herse d&apos;Or</name><description><![CDATA[<b>Territoire :</b> TàD Goêle<br/><b>Lignes :</b> TàD<br/><b>Identifiant :</b> IDFM:38249]]></description><Point><coordinates>2.694887822605155,49.05945547937489,0</coordinates></Point></Placemark><Placemark><name>Herse d&apos;Or</name><description><![CDATA[<b>Territoire :</b> TàD Goêle<br/><b>Lignes :</b> TàD<br/><b>Identifiant :</b> IDFM:38248]]></description><Point><coordinates>2.6947919426671203,49.05947321901439,0</coordinates></Point></Placemark><Placemark><name>Hildevert</name><description><![CDATA[<b>Territoire :</b> TàD Roissy Saint-Pathus<br/><b>Lignes :</b> TàD<br/><b>Identifiant :</b> IDFM:415839]]></description><Point><coordinates>2.81649593201718,49.07084318744483,0</coordinates></Point></Placemark><Placemark><name>Honoré de Balzac</name><description><![CDATA[<b>Territoire :</b> TàD Roissy Sud<br/><b>Lignes :</b> TàD<br/><b>Identifiant :</b> IDFM:424995]]></description><Point><coordinates>2.6123515772444867,48.939217547286965,0</coordinates></Point></Placemark><Placemark><name>Hubert Georgette</name><description><![CDATA[<b>Territoire :</b> TàD 6131<br/><b>Lignes :</b> TàD 6131<br/><b>Identifiant :</b> IDFM:12751]]></description><Point><coordinates>2.185502138409148,48.79704660120747,0</coordinates></Point></Placemark><Placemark><name>Héréville Transformateur</name><description><![CDATA[<b>Territoire :</b> TàD Vexin Est<br/><b>Lignes :</b> TàD<br/><b>Identifiant :</b> IDFM:41563]]></description><Point><coordinates>2.11728024249352,49.170388893926884,0</coordinates></Point></Placemark><Placemark><name>Hôpital Administration</name><description><![CDATA[<b>Territoire :</b> TàD Vexin Est<br/><b>Lignes :</b> TàD<br/><b>Identifiant :</b> IDFM:8623]]></description><Point><coordinates>2.0939978632212792,49.06139958062752,0</coordinates></Point></Placemark><Placemark><name>Hôpital Administration</name><description><![CDATA[<b>Territoire :</b> TàD Vexin Est<br/><b>Lignes :</b> TàD<br/><b>Identifiant :</b> IDFM:8689]]></description><Point><coordinates>2.0937322372443297,49.0609389811071,0</coordinates></Point></Placemark><Placemark><name>Hôpital Ballanger</name><description><![CDATA[<b>Territoire :</b> TàD Roissy Sud<br/><b>Lignes :</b> TàD<br/><b>Identifiant :</b> IDFM:40717]]></description><Point><coordinates>2.529014654210002,48.95130192117792,0</coordinates></Point></Placemark><Placemark><name>Hôpital Ballanger</name><description><![CDATA[<b>Territoire :</b> TàD Roissy Sud<br/><b>Lignes :</b> TàD<br/><b>Identifiant :</b> IDFM:462428]]></description><Point><coordinates>2.529425309321506,48.95109670414091,0</coordinates></Point></Placemark><Placemark><name>Hôpital de Gonesse</name><description><![CDATA[<b>Territoire :</b> TàD Roissy Sarcelles<br/><b>Lignes :</b> TàD, TàD<br/><b>Identifiant :</b> IDFM:424888]]></description><Point><coordinates>2.4522755222403596,48.99463431182776,0</coordinates></Point></Placemark><Placemark><name>Hôpital de Gonesse</name><description><![CDATA[<b>Territoire :</b> TàD Roissy Villiers-le-Bel<br/><b>Lignes :</b> TàD<br/><b>Identifiant :</b> IDFM:424887]]></description><Point><coordinates>2.451083103112009,48.994709793594375,0</coordinates></Point></Placemark><Placemark><name>Hôpital de Meulan</name><description><![CDATA[<b>Territoire :</b> TàD Nord Meulan - Les Mureaux<br/><b>Lignes :</b> TàD<br/><b>Identifiant :</b> IDFM:494504]]></description><Point><coordinates>1.9099661055570682,49.003388403872535,0</coordinates></Point></Placemark><Placemark><name>Hôpital Forcilles</name><description><![CDATA[<b>Territoire :</b> TàD 3144<br/><b>Lignes :</b> TàD 3144<br/><b>Identifiant :</b> IDFM:19767]]></description><Point><coordinates>2.6159030146977744,48.72259314412418,0</coordinates></Point></Placemark><Placemark><name>Hôpital Georges Clemenceau</name><description><![CDATA[<b>Territoire :</b> TàD 4308<br/><b>Lignes :</b> TàD 4308, TàD 4318<br/><b>Identifiant :</b> IDFM:9478]]></description><Point><coordinates>2.432130710424947,48.52308303194665,0</coordinates></Point></Placemark><Placemark><name>Hôpital Simone Veil</name><description><![CDATA[<b>Territoire :</b> TàD Eaubonne Domont<br/><b>Lignes :</b> TàD<br/><b>Identifiant :</b> IDFM:23085]]></description><Point><coordinates>2.2694115570342337,48.99971217882621,0</coordinates></Point></Placemark><Placemark><name>Hôpital Simone Veil</name><description><![CDATA[<b>Territoire :</b> TàD Eaubonne Domont<br/><b>Lignes :</b> TàD<br/><b>Identifiant :</b> IDFM:422478]]></description><Point><coordinates>2.269330582149521,49.00061092602333,0</coordinates></Point></Placemark><Placemark><name>Hôtel de Ville</name><description><![CDATA[<b>Territoire :</b> TàD 4306<br/><b>Lignes :</b> TàD 4306<br/><b>Identifiant :</b> IDFM:415582]]></description><Point><coordinates>2.322799226902036,48.45820477572823,0</coordinates></Point></Placemark><Placemark><name>Hôtel de Ville</name><description><![CDATA[<b>Territoire :</b> TàD 4306<br/><b>Lignes :</b> TàD 4306<br/><b>Identifiant :</b> IDFM:415579]]></description><Point><coordinates>2.3232833434785527,48.4584234533233,0</coordinates></Point></Placemark><Placemark><name>Hôtel de Ville</name><description><![CDATA[<b>Territoire :</b> TàD 4306<br/><b>Lignes :</b> TàD 4306<br/><b>Identifiant :</b> IDFM:11833]]></description><Point><coordinates>2.3486047821410474,48.48235165653134,0</coordinates></Point></Placemark><Placemark><name>IME</name><description><![CDATA[<b>Territoire :</b> TàD 4308<br/><b>Lignes :</b> TàD 4308<br/><b>Identifiant :</b> IDFM:21574]]></description><Point><coordinates>2.460596598314186,48.511277916846545,0</coordinates></Point></Placemark><Placemark><name>IME</name><description><![CDATA[<b>Territoire :</b> TàD 4308<br/><b>Lignes :</b> TàD 4308<br/><b>Identifiant :</b> IDFM:21573]]></description><Point><coordinates>2.4599306032999766,48.51152678138292,0</coordinates></Point></Placemark><Placemark><name>Imprimerie Nationale</name><description><![CDATA[<b>Territoire :</b> TàD 4301/4530<br/><b>Lignes :</b> TàD 4301<br/><b>Identifiant :</b> IDFM:8491]]></description><Point><coordinates>2.371437541418495,48.60292971500915,0</coordinates></Point></Placemark><Placemark><name>IUT</name><description><![CDATA[<b>Territoire :</b> TàD Roissy Sud<br/><b>Lignes :</b> TàD<br/><b>Identifiant :</b> IDFM:19397]]></description><Point><coordinates>2.5596131785751206,48.97537415428002,0</coordinates></Point></Placemark><Placemark><name>IUT</name><description><![CDATA[<b>Territoire :</b> TàD Roissy Sud<br/><b>Lignes :</b> TàD<br/><b>Identifiant :</b> IDFM:19230]]></description><Point><coordinates>2.559390963416701,48.97580497175416,0</coordinates></Point></Placemark><Placemark><name>Jacques Decour</name><description><![CDATA[<b>Territoire :</b> TàD Roissy Sarcelles<br/><b>Lignes :</b> TàD<br/><b>Identifiant :</b> IDFM:37994]]></description><Point><coordinates>2.413486699160484,48.976798930829524,0</coordinates></Point></Placemark><Placemark><name>Jacques Decour</name><description><![CDATA[<b>Territoire :</b> TàD Roissy Sarcelles<br/><b>Lignes :</b> TàD<br/><b>Identifiant :</b> IDFM:38591]]></description><Point><coordinates>2.4132112660658964,48.97699541794071,0</coordinates></Point></Placemark><Placemark><name>Jarcy</name><description><![CDATA[<b>Territoire :</b> TàD 4344<br/><b>Lignes :</b> TàD 4344<br/><b>Identifiant :</b> IDFM:12910]]></description><Point><coordinates>2.3855581557869834,48.42594253704653,0</coordinates></Point></Placemark><Placemark><name>Jarcy</name><description><![CDATA[<b>Territoire :</b> TàD 4344<br/><b>Lignes :</b> TàD 4344<br/><b>Identifiant :</b> IDFM:12904]]></description><Point><coordinates>2.3851382947609263,48.42601233545105,0</coordinates></Point></Placemark><Placemark><name>Jardin Frémin</name><description><![CDATA[<b>Territoire :</b> TàD Roissy Fosses<br/><b>Lignes :</b> TàD<br/><b>Identifiant :</b> IDFM:38594]]></description><Point><coordinates>2.5444720584863934,49.10226431891859,0</coordinates></Point></Placemark><Placemark><name>Jardin Frémin</name><description><![CDATA[<b>Territoire :</b> TàD Roissy Fosses<br/><b>Lignes :</b> TàD<br/><b>Identifiant :</b> IDFM:38593]]></description><Point><coordinates>2.5443905313944897,49.10219207980609,0</coordinates></Point></Placemark><Placemark><name>Jaurès</name><description><![CDATA[<b>Territoire :</b> TàD Roissy Sud<br/><b>Lignes :</b> TàD<br/><b>Identifiant :</b> IDFM:424993]]></description><Point><coordinates>2.5832010160659022,48.951596964758494,0</coordinates></Point></Placemark><Placemark><name>Jean Bullant</name><description><![CDATA[<b>Territoire :</b> TàD Roissy Villiers-le-Bel<br/><b>Lignes :</b> TàD<br/><b>Identifiant :</b> IDFM:10109]]></description><Point><coordinates>2.3962100594344795,49.00348348268345,0</coordinates></Point></Placemark><Placemark><name>Jean Bullant</name><description><![CDATA[<b>Territoire :</b> TàD Roissy Villiers-le-Bel<br/><b>Lignes :</b> TàD<br/><b>Identifiant :</b> IDFM:10108]]></description><Point><coordinates>2.3963601873113864,49.00350222236752,0</coordinates></Point></Placemark><Placemark><name>Jean Ferrat</name><description><![CDATA[<b>Territoire :</b> TàD 4595<br/><b>Lignes :</b> TàD 4595<br/><b>Identifiant :</b> IDFM:41687]]></description><Point><coordinates>2.2846940776848212,48.63315954205308,0</coordinates></Point></Placemark><Placemark><name>Jean Guimier</name><description><![CDATA[<b>Territoire :</b> TàD Roissy Sud<br/><b>Lignes :</b> TàD<br/><b>Identifiant :</b> IDFM:490578]]></description><Point><coordinates>2.5766363875172535,48.94989685043364,0</coordinates></Point></Placemark><Placemark><name>Jean Guimier</name><description><![CDATA[<b>Territoire :</b> TàD Roissy Sud<br/><b>Lignes :</b> TàD<br/><b>Identifiant :</b> IDFM:490577]]></description><Point><coordinates>2.576392023278536,48.949725128405206,0</coordinates></Point></Placemark><Placemark><name>Jean Jaurès</name><description><![CDATA[<b>Territoire :</b> TàD Roissy Sarcelles<br/><b>Lignes :</b> TàD<br/><b>Identifiant :</b> IDFM:424039]]></description><Point><coordinates>2.440526743121818,48.98390620685502,0</coordinates></Point></Placemark><Placemark><name>Jean Jaurès</name><description><![CDATA[<b>Territoire :</b> TàD 6131<br/><b>Lignes :</b> TàD 6131<br/><b>Identifiant :</b> IDFM:29145]]></description><Point><coordinates>2.190028982951522,48.79747310836762,0</coordinates></Point></Placemark><Placemark><name>Jean Jaurès</name><description><![CDATA[<b>Territoire :</b> TàD Roissy Sarcelles<br/><b>Lignes :</b> TàD<br/><b>Identifiant :</b> IDFM:423609]]></description><Point><coordinates>2.441034651009885,48.983683764858306,0</coordinates></Point></Placemark><Placemark><name>Jean Macé</name><description><![CDATA[<b>Territoire :</b> TàD 6131<br/><b>Lignes :</b> TàD 6131<br/><b>Identifiant :</b> IDFM:12753]]></description><Point><coordinates>2.1886428667799622,48.797310805984814,0</coordinates></Point></Placemark><Placemark><name>Jean Moulin</name><description><![CDATA[<b>Territoire :</b> TàD Roissy Sud<br/><b>Lignes :</b> TàD<br/><b>Identifiant :</b> IDFM:41790]]></description><Point><coordinates>2.621322205787294,48.982050305018284,0</coordinates></Point></Placemark><Placemark><name>Jeanne d&apos;Arc</name><description><![CDATA[<b>Territoire :</b> TàD 4342<br/><b>Lignes :</b> TàD 4342, TàD 4344<br/><b>Identifiant :</b> IDFM:485616]]></description><Point><coordinates>2.1572618247903055,48.43576863363179,0</coordinates></Point></Placemark><Placemark><name>Jeannine Pernette</name><description><![CDATA[<b>Territoire :</b> TàD Roissy Saint-Pathus<br/><b>Lignes :</b> TàD<br/><b>Identifiant :</b> IDFM:423531]]></description><Point><coordinates>2.8150885467504962,49.07022961266754,0</coordinates></Point></Placemark><Placemark><name>Jeannine Pernette</name><description><![CDATA[<b>Territoire :</b> TàD Roissy Saint-Pathus<br/><b>Lignes :</b> TàD<br/><b>Identifiant :</b> IDFM:423765]]></description><Point><coordinates>2.815540597014296,49.070104427202224,0</coordinates></Point></Placemark><Placemark><name>Jeu d&apos;Arc</name><description><![CDATA[<b>Territoire :</b> TàD Goêle<br/><b>Lignes :</b> TàD<br/><b>Identifiant :</b> IDFM:38278]]></description><Point><coordinates>2.656269609667948,49.05223883374347,0</coordinates></Point></Placemark><Placemark><name>Jeu de Paume</name><description><![CDATA[<b>Territoire :</b> TàD Roissy Othis<br/><b>Lignes :</b> TàD<br/><b>Identifiant :</b> IDFM:38404]]></description><Point><coordinates>2.635241321934771,49.0329974268045,0</coordinates></Point></Placemark><Placemark><name>Jeu de Paume</name><description><![CDATA[<b>Territoire :</b> TàD Roissy Othis<br/><b>Lignes :</b> TàD<br/><b>Identifiant :</b> IDFM:423599]]></description><Point><coordinates>2.636266002699716,49.03313541224107,0</coordinates></Point></Placemark><Placemark><name>Jouy</name><description><![CDATA[<b>Territoire :</b> TàD 4305<br/><b>Lignes :</b> TàD 4305, TàD 4344<br/><b>Identifiant :</b> IDFM:7319]]></description><Point><coordinates>2.3641788156893586,48.45342255129348,0</coordinates></Point></Placemark><Placemark><name>Jouy</name><description><![CDATA[<b>Territoire :</b> TàD 4305<br/><b>Lignes :</b> TàD 4305, TàD 4344<br/><b>Identifiant :</b> IDFM:7320]]></description><Point><coordinates>2.36419092382068,48.453539571100116,0</coordinates></Point></Placemark><Placemark><name>Joyenval</name><description><![CDATA[<b>Territoire :</b> TàD Aigremont - Chambourcy<br/><b>Lignes :</b> TàD<br/><b>Identifiant :</b> IDFM:485707]]></description><Point><coordinates>2.0312613989031925,48.90292383659926,0</coordinates></Point></Placemark><Placemark><name>Jules Ferry</name><description><![CDATA[<b>Territoire :</b> TàD Roissy Villiers-le-Bel<br/><b>Lignes :</b> TàD<br/><b>Identifiant :</b> IDFM:38004]]></description><Point><coordinates>2.429972691712521,48.996958354979995,0</coordinates></Point></Placemark><Placemark><name>Jules Ferry</name><description><![CDATA[<b>Territoire :</b> TàD Roissy Villiers-le-Bel<br/><b>Lignes :</b> TàD<br/><b>Identifiant :</b> IDFM:490645]]></description><Point><coordinates>2.4303567992386688,48.99682529476417,0</coordinates></Point></Placemark><Placemark><name>Jules Ferry</name><description><![CDATA[<b>Territoire :</b> TàD 6131<br/><b>Lignes :</b> TàD 6131<br/><b>Identifiant :</b> IDFM:426542]]></description><Point><coordinates>2.1936228737386005,48.79748841581844,0</coordinates></Point></Placemark><Placemark><name>Jules Ferry</name><description><![CDATA[<b>Territoire :</b> TàD 6131<br/><b>Lignes :</b> TàD 6131<br/><b>Identifiant :</b> IDFM:10233]]></description><Point><coordinates>2.19258956145303,48.797400492332564,0</coordinates></Point></Placemark><Placemark><name>Julien Hébert</name><description><![CDATA[<b>Territoire :</b> TàD 4595<br/><b>Lignes :</b> TàD 4595<br/><b>Identifiant :</b> IDFM:10081]]></description><Point><coordinates>2.2896723371160466,48.632334775342244,0</coordinates></Point></Placemark><Placemark><name>Jussieu</name><description><![CDATA[<b>Territoire :</b> TàD Roissy Sud<br/><b>Lignes :</b> TàD<br/><b>Identifiant :</b> IDFM:40721]]></description><Point><coordinates>2.549668570698506,48.95329669630334,0</coordinates></Point></Placemark><Placemark><name>Jussieu</name><description><![CDATA[<b>Territoire :</b> TàD Roissy Sud<br/><b>Lignes :</b> TàD<br/><b>Identifiant :</b> IDFM:40722]]></description><Point><coordinates>2.5501238193350155,48.952758851711636,0</coordinates></Point></Placemark><Placemark><name>L&apos;Ambrésis</name><description><![CDATA[<b>Territoire :</b> TàD Roissy Sud<br/><b>Lignes :</b> TàD<br/><b>Identifiant :</b> IDFM:39277]]></description><Point><coordinates>2.6217652985204776,48.947071184972266,0</coordinates></Point></Placemark><Placemark><name>L&apos;Odéon</name><description><![CDATA[<b>Territoire :</b> TàD Roissy Sud<br/><b>Lignes :</b> TàD<br/><b>Identifiant :</b> IDFM:19225]]></description><Point><coordinates>2.570757555116327,48.942573951355676,0</coordinates></Point></Placemark><Placemark><name>L&apos;Orme aux Bergers</name><description><![CDATA[<b>Territoire :</b> TàD Roissy Sud<br/><b>Lignes :</b> TàD<br/><b>Identifiant :</b> IDFM:40661]]></description><Point><coordinates>2.6205728604398586,48.98363956871945,0</coordinates></Point></Placemark><Placemark><name>L&apos;Épine</name><description><![CDATA[<b>Territoire :</b> TàD 4305<br/><b>Lignes :</b> TàD 4305<br/><b>Identifiant :</b> IDFM:24960]]></description><Point><coordinates>2.3432917271272222,48.53602948618684,0</coordinates></Point></Placemark><Placemark><name>L&apos;Épine</name><description><![CDATA[<b>Territoire :</b> TàD 4305<br/><b>Lignes :</b> TàD 4305<br/><b>Identifiant :</b> IDFM:24961]]></description><Point><coordinates>2.343028736114271,48.53647783176951,0</coordinates></Point></Placemark><Placemark><name>La Baste</name><description><![CDATA[<b>Territoire :</b> TàD Goêle<br/><b>Lignes :</b> TàD<br/><b>Identifiant :</b> IDFM:38348]]></description><Point><coordinates>2.7748832675877537,48.99739067137509,0</coordinates></Point></Placemark><Placemark><name>La Bigotte</name><description><![CDATA[<b>Territoire :</b> TàD 4308<br/><b>Lignes :</b> TàD 4308<br/><b>Identifiant :</b> IDFM:9476]]></description><Point><coordinates>2.451099008531497,48.513186570933065,0</coordinates></Point></Placemark><Placemark><name>La Bigotte</name><description><![CDATA[<b>Territoire :</b> TàD 4308<br/><b>Lignes :</b> TàD 4308<br/><b>Identifiant :</b> IDFM:9477]]></description><Point><coordinates>2.451072682914128,48.513114481018306,0</coordinates></Point></Placemark><Placemark><name>La Boissière</name><description><![CDATA[<b>Territoire :</b> TàD 4306<br/><b>Lignes :</b> TàD 4306<br/><b>Identifiant :</b> IDFM:11850]]></description><Point><coordinates>2.2983150922755495,48.52619176462331,0</coordinates></Point></Placemark><Placemark><name>La Boissière</name><description><![CDATA[<b>Territoire :</b> TàD 4306<br/><b>Lignes :</b> TàD 4306<br/><b>Identifiant :</b> IDFM:11849]]></description><Point><coordinates>2.298241121387279,48.52665912430892,0</coordinates></Point></Placemark><Placemark><name>La Briqueterie</name><description><![CDATA[<b>Territoire :</b> TàD ZI Poincy<br/><b>Lignes :</b> TàD<br/><b>Identifiant :</b> IDFM:485758]]></description><Point><coordinates>2.920519151929017,48.97101267039213,0</coordinates></Point></Placemark><Placemark><name>La Briqueterie</name><description><![CDATA[<b>Territoire :</b> TàD ZI Poincy<br/><b>Lignes :</b> TàD<br/><b>Identifiant :</b> IDFM:485756]]></description><Point><coordinates>2.9206830442983214,48.971021771154845,0</coordinates></Point></Placemark><Placemark><name>La Brûlerie</name><description><![CDATA[<b>Territoire :</b> TàD Courtaboeuf<br/><b>Lignes :</b> TàD<br/><b>Identifiant :</b> IDFM:3532]]></description><Point><coordinates>2.2184883280523957,48.68530252443282,0</coordinates></Point></Placemark><Placemark><name>La Cerisaie</name><description><![CDATA[<b>Territoire :</b> TàD Roissy Villiers-le-Bel<br/><b>Lignes :</b> TàD<br/><b>Identifiant :</b> IDFM:38142]]></description><Point><coordinates>2.388058191152698,49.00514173032517,0</coordinates></Point></Placemark><Placemark><name>La Cerisaie</name><description><![CDATA[<b>Territoire :</b> TàD Roissy Villiers-le-Bel<br/><b>Lignes :</b> TàD<br/><b>Identifiant :</b> IDFM:40595]]></description><Point><coordinates>2.38861728512061,49.00525248656164,0</coordinates></Point></Placemark><Placemark><name>La Charmeuse</name><description><![CDATA[<b>Territoire :</b> TàD Roissy Goussainville<br/><b>Lignes :</b> TàD<br/><b>Identifiant :</b> IDFM:497123]]></description><Point><coordinates>2.47190246529908,49.03435945005869,0</coordinates></Point></Placemark><Placemark><name>La Charmeuse</name><description><![CDATA[<b>Territoire :</b> TàD Roissy Goussainville<br/><b>Lignes :</b> TàD<br/><b>Identifiant :</b> IDFM:419733]]></description><Point><coordinates>2.472111067533405,49.03401867397773,0</coordinates></Point></Placemark><Placemark><name>La Cigale</name><description><![CDATA[<b>Territoire :</b> TàD Sud Meulan - Les Mureaux<br/><b>Lignes :</b> TàD<br/><b>Identifiant :</b> IDFM:32453]]></description><Point><coordinates>1.9052743380967216,48.96852479498898,0</coordinates></Point></Placemark><Placemark><name>La Cigale</name><description><![CDATA[<b>Territoire :</b> TàD Sud Meulan - Les Mureaux<br/><b>Lignes :</b> TàD<br/><b>Identifiant :</b> IDFM:32454]]></description><Point><coordinates>1.9051628106228848,48.968631694666655,0</coordinates></Point></Placemark><Placemark><name>La Corbie</name><description><![CDATA[<b>Territoire :</b> TàD Roissy Othis<br/><b>Lignes :</b> TàD, TàD<br/><b>Identifiant :</b> IDFM:42060]]></description><Point><coordinates>2.674705364690025,49.055275388936856,0</coordinates></Point></Placemark><Placemark><name>La Croix</name><description><![CDATA[<b>Territoire :</b> TàD Roissy Sud<br/><b>Lignes :</b> TàD<br/><b>Identifiant :</b> IDFM:423703]]></description><Point><coordinates>2.54505974348293,48.98846661295782,0</coordinates></Point></Placemark><Placemark><name>La Croix</name><description><![CDATA[<b>Territoire :</b> TàD Roissy Sud<br/><b>Lignes :</b> TàD<br/><b>Identifiant :</b> IDFM:419276]]></description><Point><coordinates>2.5451512932693023,48.98893455775661,0</coordinates></Point></Placemark><Placemark><name>La Croix Boissée</name><description><![CDATA[<b>Territoire :</b> TàD 4306<br/><b>Lignes :</b> TàD 4306<br/><b>Identifiant :</b> IDFM:492896]]></description><Point><coordinates>2.3438500612206283,48.51197711483903,0</coordinates></Point></Placemark><Placemark><name>La Croix Boissée</name><description><![CDATA[<b>Territoire :</b> TàD 4306<br/><b>Lignes :</b> TàD 4306<br/><b>Identifiant :</b> IDFM:11853]]></description><Point><coordinates>2.3439575846093277,48.51204068144472,0</coordinates></Point></Placemark><Placemark><name>La Ferme</name><description><![CDATA[<b>Territoire :</b> TàD 4591<br/><b>Lignes :</b> TàD 4591<br/><b>Identifiant :</b> IDFM:41677]]></description><Point><coordinates>2.256882776032963,48.611445251981785,0</coordinates></Point></Placemark><Placemark><name>La Ferme</name><description><![CDATA[<b>Territoire :</b> TàD 4306<br/><b>Lignes :</b> TàD 4306<br/><b>Identifiant :</b> IDFM:11855]]></description><Point><coordinates>2.3341602917292117,48.479599635760565,0</coordinates></Point></Placemark><Placemark><name>La Ferme</name><description><![CDATA[<b>Territoire :</b> TàD 4591<br/><b>Lignes :</b> TàD 4591<br/><b>Identifiant :</b> IDFM:3130]]></description><Point><coordinates>2.256199530736612,48.6098847621596,0</coordinates></Point></Placemark><Placemark><name>La Forêt Sainte Croix</name><description><![CDATA[<b>Territoire :</b> TàD 4342<br/><b>Lignes :</b> TàD 4342<br/><b>Identifiant :</b> IDFM:7313]]></description><Point><coordinates>2.230709603361623,48.384633944471226,0</coordinates></Point></Placemark><Placemark><name>La Garenne</name><description><![CDATA[<b>Territoire :</b> TàD Vexin Est<br/><b>Lignes :</b> TàD<br/><b>Identifiant :</b> IDFM:29713]]></description><Point><coordinates>2.170772434194744,49.13267345223334,0</coordinates></Point></Placemark><Placemark><name>La Garenne</name><description><![CDATA[<b>Territoire :</b> TàD Vexin Est<br/><b>Lignes :</b> TàD<br/><b>Identifiant :</b> IDFM:29726]]></description><Point><coordinates>2.1709722996048755,49.132171313128154,0</coordinates></Point></Placemark><Placemark><name>La Grenouillère</name><description><![CDATA[<b>Territoire :</b> TàD 4305<br/><b>Lignes :</b> TàD 4305<br/><b>Identifiant :</b> IDFM:11856]]></description><Point><coordinates>2.3403089950939067,48.53946742323654,0</coordinates></Point></Placemark><Placemark><name>La Halle</name><description><![CDATA[<b>Territoire :</b> TàD Luzarches - Goussainville<br/><b>Lignes :</b> TàD<br/><b>Identifiant :</b> IDFM:38603]]></description><Point><coordinates>2.422159299455205,49.11336458762843,0</coordinates></Point></Placemark><Placemark><name>La Halte</name><description><![CDATA[<b>Territoire :</b> TàD Vexin Est<br/><b>Lignes :</b> TàD<br/><b>Identifiant :</b> IDFM:41579]]></description><Point><coordinates>2.1765991262514657,49.114361947557384,0</coordinates></Point></Placemark><Placemark><name>La Halte</name><description><![CDATA[<b>Territoire :</b> TàD Vexin Est<br/><b>Lignes :</b> TàD<br/><b>Identifiant :</b> IDFM:41582]]></description><Point><coordinates>2.1763988309955957,49.11403688166107,0</coordinates></Point></Placemark><Placemark><name>La Jachère</name><description><![CDATA[<b>Territoire :</b> TàD Nord Meulan - Les Mureaux<br/><b>Lignes :</b> TàD<br/><b>Identifiant :</b> IDFM:476967]]></description><Point><coordinates>1.8811375920369087,49.00471483871923,0</coordinates></Point></Placemark><Placemark><name>La Jachère</name><description><![CDATA[<b>Territoire :</b> TàD Nord Meulan - Les Mureaux<br/><b>Lignes :</b> TàD<br/><b>Identifiant :</b> IDFM:490502]]></description><Point><coordinates>1.881001703402672,49.00467760025974,0</coordinates></Point></Placemark><Placemark><name>La Jalaise</name><description><![CDATA[<b>Territoire :</b> TàD Roissy Othis<br/><b>Lignes :</b> TàD, TàD<br/><b>Identifiant :</b> IDFM:38343]]></description><Point><coordinates>2.6774515754245205,49.07127875899658,0</coordinates></Point></Placemark><Placemark><name>La Jalaise</name><description><![CDATA[<b>Territoire :</b> TàD Roissy Othis<br/><b>Lignes :</b> TàD, TàD<br/><b>Identifiant :</b> IDFM:423766]]></description><Point><coordinates>2.6773571215481105,49.07106270992875,0</coordinates></Point></Placemark><Placemark><name>La Lieue</name><description><![CDATA[<b>Territoire :</b> TàD 4342<br/><b>Lignes :</b> TàD 4342<br/><b>Identifiant :</b> IDFM:37103]]></description><Point><coordinates>2.3033118463543314,48.39165970967162,0</coordinates></Point></Placemark><Placemark><name>La Lieue</name><description><![CDATA[<b>Territoire :</b> TàD 4342<br/><b>Lignes :</b> TàD 4342<br/><b>Identifiant :</b> IDFM:7380]]></description><Point><coordinates>2.303210974047743,48.39213595873168,0</coordinates></Point></Placemark><Placemark><name>La Main Ferme</name><description><![CDATA[<b>Territoire :</b> TàD 4342<br/><b>Lignes :</b> TàD 4342<br/><b>Identifiant :</b> IDFM:37104]]></description><Point><coordinates>2.3051690116992494,48.39832838355042,0</coordinates></Point></Placemark><Placemark><name>La Main Ferme</name><description><![CDATA[<b>Territoire :</b> TàD 4342<br/><b>Lignes :</b> TàD 4342<br/><b>Identifiant :</b> IDFM:7381]]></description><Point><coordinates>2.3054190758199513,48.39780802425595,0</coordinates></Point></Placemark><Placemark><name>La Mare</name><description><![CDATA[<b>Territoire :</b> TàD 4308<br/><b>Lignes :</b> TàD 4308<br/><b>Identifiant :</b> IDFM:21572]]></description><Point><coordinates>2.4928100812580736,48.52775643237711,0</coordinates></Point></Placemark><Placemark><name>La Marinière</name><description><![CDATA[<b>Territoire :</b> TàD 4301/4530<br/><b>Lignes :</b> TàD 4301<br/><b>Identifiant :</b> IDFM:411584]]></description><Point><coordinates>2.3165406813139247,48.60860023171612,0</coordinates></Point></Placemark><Placemark><name>La Marinière</name><description><![CDATA[<b>Territoire :</b> TàD 4301/4530<br/><b>Lignes :</b> TàD 4301<br/><b>Identifiant :</b> IDFM:411583]]></description><Point><coordinates>2.316907255715147,48.60857534889318,0</coordinates></Point></Placemark><Placemark><name>La Marne</name><description><![CDATA[<b>Territoire :</b> TàD ZI Poincy<br/><b>Lignes :</b> TàD<br/><b>Identifiant :</b> IDFM:485753]]></description><Point><coordinates>2.913749358105685,48.95976759766676,0</coordinates></Point></Placemark><Placemark><name>La Marne</name><description><![CDATA[<b>Territoire :</b> TàD ZI Poincy<br/><b>Lignes :</b> TàD<br/><b>Identifiant :</b> IDFM:485755]]></description><Point><coordinates>2.9136812279588926,48.959677625002584,0</coordinates></Point></Placemark><Placemark><name>La Martinière</name><description><![CDATA[<b>Territoire :</b> TàD 4308<br/><b>Lignes :</b> TàD 4308, TàD 4318<br/><b>Identifiant :</b> IDFM:10276]]></description><Point><coordinates>2.412545700275741,48.575298509558685,0</coordinates></Point></Placemark><Placemark><name>La Montagne</name><description><![CDATA[<b>Territoire :</b> TàD 4342<br/><b>Lignes :</b> TàD 4342, TàD 4344<br/><b>Identifiant :</b> IDFM:7349]]></description><Point><coordinates>2.2146990022309194,48.408461191372126,0</coordinates></Point></Placemark><Placemark><name>La Montagne</name><description><![CDATA[<b>Territoire :</b> TàD 4342<br/><b>Lignes :</b> TàD 4342, TàD 4344<br/><b>Identifiant :</b> IDFM:7350]]></description><Point><coordinates>2.2148507243535716,48.40825526495122,0</coordinates></Point></Placemark><Placemark><name>La Muette - Europe</name><description><![CDATA[<b>Territoire :</b> TàD Roissy Sarcelles<br/><b>Lignes :</b> TàD<br/><b>Identifiant :</b> IDFM:419676]]></description><Point><coordinates>2.4157867166613083,48.97513755578922,0</coordinates></Point></Placemark><Placemark><name>La Muette - Europe</name><description><![CDATA[<b>Territoire :</b> TàD Roissy Sarcelles<br/><b>Lignes :</b> TàD<br/><b>Identifiant :</b> IDFM:419587]]></description><Point><coordinates>2.4159075307828037,48.97532698611652,0</coordinates></Point></Placemark><Placemark><name>La Naze</name><description><![CDATA[<b>Territoire :</b> TàD Vexin Est<br/><b>Lignes :</b> TàD<br/><b>Identifiant :</b> IDFM:29716]]></description><Point><coordinates>2.1827261200372874,49.10106024852299,0</coordinates></Point></Placemark><Placemark><name>La Naze</name><description><![CDATA[<b>Territoire :</b> TàD Vexin Est<br/><b>Lignes :</b> TàD<br/><b>Identifiant :</b> IDFM:29722]]></description><Point><coordinates>2.182863185456444,49.101052188363376,0</coordinates></Point></Placemark><Placemark><name>La Paix</name><description><![CDATA[<b>Territoire :</b> TàD Roissy Sud<br/><b>Lignes :</b> TàD<br/><b>Identifiant :</b> IDFM:40672]]></description><Point><coordinates>2.5137618690169865,48.93967648524234,0</coordinates></Point></Placemark><Placemark><name>La Paix</name><description><![CDATA[<b>Territoire :</b> TàD Roissy Sud<br/><b>Lignes :</b> TàD<br/><b>Identifiant :</b> IDFM:39238]]></description><Point><coordinates>2.5651682971175145,48.954693800336784,0</coordinates></Point></Placemark><Placemark><name>La Picarde</name><description><![CDATA[<b>Territoire :</b> TàD Eaubonne Domont<br/><b>Lignes :</b> TàD<br/><b>Identifiant :</b> IDFM:13290]]></description><Point><coordinates>2.2886916068595013,49.015978204139586,0</coordinates></Point></Placemark><Placemark><name>La Picarde</name><description><![CDATA[<b>Territoire :</b> TàD Eaubonne Domont<br/><b>Lignes :</b> TàD<br/><b>Identifiant :</b> IDFM:13289]]></description><Point><coordinates>2.288460693093322,49.01586892871554,0</coordinates></Point></Placemark><Placemark><name>La Poste</name><description><![CDATA[<b>Territoire :</b> TàD 4308<br/><b>Lignes :</b> TàD 4308, TàD 4318<br/><b>Identifiant :</b> IDFM:10407]]></description><Point><coordinates>2.4309670338358496,48.56293804493248,0</coordinates></Point></Placemark><Placemark><name>La Poste</name><description><![CDATA[<b>Territoire :</b> TàD 4308<br/><b>Lignes :</b> TàD 4308, TàD 4318<br/><b>Identifiant :</b> IDFM:20140]]></description><Point><coordinates>2.4325339191880193,48.56342230137261,0</coordinates></Point></Placemark><Placemark><name>La Pépinière</name><description><![CDATA[<b>Territoire :</b> TàD Roissy Fosses<br/><b>Lignes :</b> TàD<br/><b>Identifiant :</b> IDFM:423521]]></description><Point><coordinates>2.5016651665016068,49.05387300223543,0</coordinates></Point></Placemark><Placemark><name>La Pépinière</name><description><![CDATA[<b>Territoire :</b> TàD Roissy Fosses<br/><b>Lignes :</b> TàD<br/><b>Identifiant :</b> IDFM:419719]]></description><Point><coordinates>2.5014287129326225,49.054276649201846,0</coordinates></Point></Placemark><Placemark><name>La Rochelle</name><description><![CDATA[<b>Territoire :</b> TàD Roissy Juilly<br/><b>Lignes :</b> TàD<br/><b>Identifiant :</b> IDFM:40765]]></description><Point><coordinates>2.703976852622073,49.010778732109756,0</coordinates></Point></Placemark><Placemark><name>La Rochelle</name><description><![CDATA[<b>Territoire :</b> TàD Roissy Juilly<br/><b>Lignes :</b> TàD<br/><b>Identifiant :</b> IDFM:40331]]></description><Point><coordinates>2.700902368536025,49.01058227887599,0</coordinates></Point></Placemark><Placemark><name>La Roseraie</name><description><![CDATA[<b>Territoire :</b> TàD Roissy Sud<br/><b>Lignes :</b> TàD<br/><b>Identifiant :</b> IDFM:40751]]></description><Point><coordinates>2.5530511758819583,48.955314691898906,0</coordinates></Point></Placemark><Placemark><name>La Roseraie</name><description><![CDATA[<b>Territoire :</b> TàD Roissy Sud<br/><b>Lignes :</b> TàD<br/><b>Identifiant :</b> IDFM:38179]]></description><Point><coordinates>2.5524381162666345,48.95515053933055,0</coordinates></Point></Placemark><Placemark><name>La Source</name><description><![CDATA[<b>Territoire :</b> TàD 4595<br/><b>Lignes :</b> TàD 4595<br/><b>Identifiant :</b> IDFM:3170]]></description><Point><coordinates>2.2882373193401,48.652034793067436,0</coordinates></Point></Placemark><Placemark><name>La Talmouse</name><description><![CDATA[<b>Territoire :</b> TàD Roissy Sarcelles<br/><b>Lignes :</b> TàD, TàD<br/><b>Identifiant :</b> IDFM:38097]]></description><Point><coordinates>2.4882329042289286,49.010619296667784,0</coordinates></Point></Placemark><Placemark><name>La Talmouse</name><description><![CDATA[<b>Territoire :</b> TàD Roissy Sarcelles<br/><b>Lignes :</b> TàD, TàD<br/><b>Identifiant :</b> IDFM:38098]]></description><Point><coordinates>2.4883914409420225,49.01117748356041,0</coordinates></Point></Placemark><Placemark><name>La Tuilerie</name><description><![CDATA[<b>Territoire :</b> TàD Vexin Est<br/><b>Lignes :</b> TàD<br/><b>Identifiant :</b> IDFM:29557]]></description><Point><coordinates>2.052923614668132,49.120411275247655,0</coordinates></Point></Placemark><Placemark><name>La Villeneuve Saint-Martin</name><description><![CDATA[<b>Territoire :</b> TàD Vexin Est<br/><b>Lignes :</b> TàD<br/><b>Identifiant :</b> IDFM:413587]]></description><Point><coordinates>1.9651574144681545,49.06869479054766,0</coordinates></Point></Placemark><Placemark><name>Labé</name><description><![CDATA[<b>Territoire :</b> TàD Roissy Sud<br/><b>Lignes :</b> TàD<br/><b>Identifiant :</b> IDFM:38171]]></description><Point><coordinates>2.5475767573702686,48.967730775618854,0</coordinates></Point></Placemark><Placemark><name>Labé</name><description><![CDATA[<b>Territoire :</b> TàD Roissy Sud<br/><b>Lignes :</b> TàD<br/><b>Identifiant :</b> IDFM:423712]]></description><Point><coordinates>2.5472594181902974,48.96809826802576,0</coordinates></Point></Placemark><Placemark><name>Lamartine</name><description><![CDATA[<b>Territoire :</b> TàD Roissy Sud<br/><b>Lignes :</b> TàD<br/><b>Identifiant :</b> IDFM:423638]]></description><Point><coordinates>2.5995860032879365,48.956243489388356,0</coordinates></Point></Placemark><Placemark><name>Lamartine</name><description><![CDATA[<b>Territoire :</b> TàD Roissy Sud<br/><b>Lignes :</b> TàD<br/><b>Identifiant :</b> IDFM:419283]]></description><Point><coordinates>2.5994973589007064,48.95615776454404,0</coordinates></Point></Placemark><Placemark><name>Lapin Sauté</name><description><![CDATA[<b>Territoire :</b> TàD Roissy Sud<br/><b>Lignes :</b> TàD<br/><b>Identifiant :</b> IDFM:39013]]></description><Point><coordinates>2.507591915304783,48.94397677804495,0</coordinates></Point></Placemark><Placemark><name>Lapin Sauté</name><description><![CDATA[<b>Territoire :</b> TàD Roissy Sud<br/><b>Lignes :</b> TàD<br/><b>Identifiant :</b> IDFM:423621]]></description><Point><coordinates>2.5068301607555967,48.94368588119587,0</coordinates></Point></Placemark><Placemark><name>Laroche</name><description><![CDATA[<b>Territoire :</b> TàD Roissy Sud<br/><b>Lignes :</b> TàD<br/><b>Identifiant :</b> IDFM:38158]]></description><Point><coordinates>2.6096606224299754,48.950368622851734,0</coordinates></Point></Placemark><Placemark><name>Laurencin</name><description><![CDATA[<b>Territoire :</b> TàD Roissy Sud<br/><b>Lignes :</b> TàD<br/><b>Identifiant :</b> IDFM:38172]]></description><Point><coordinates>2.5491434902482175,48.966612620330025,0</coordinates></Point></Placemark><Placemark><name>Laurencin</name><description><![CDATA[<b>Territoire :</b> TàD Roissy Sud<br/><b>Lignes :</b> TàD<br/><b>Identifiant :</b> IDFM:423713]]></description><Point><coordinates>2.5491972624284718,48.966711739383854,0</coordinates></Point></Placemark><Placemark><name>Lavoir</name><description><![CDATA[<b>Territoire :</b> TàD 4306<br/><b>Lignes :</b> TàD 4306<br/><b>Identifiant :</b> IDFM:11687]]></description><Point><coordinates>2.3216540914122827,48.462039755620026,0</coordinates></Point></Placemark><Placemark><name>Lavoir</name><description><![CDATA[<b>Territoire :</b> TàD 4306<br/><b>Lignes :</b> TàD 4306<br/><b>Identifiant :</b> IDFM:11686]]></description><Point><coordinates>2.321726020099722,48.46170729546511,0</coordinates></Point></Placemark><Placemark><name>Lavoir</name><description><![CDATA[<b>Territoire :</b> TàD Sud Meulan - Les Mureaux<br/><b>Lignes :</b> TàD<br/><b>Identifiant :</b> IDFM:32571]]></description><Point><coordinates>1.874337137637578,48.962770519531496,0</coordinates></Point></Placemark><Placemark><name>Lavoir</name><description><![CDATA[<b>Territoire :</b> TàD Vexin Est<br/><b>Lignes :</b> TàD<br/><b>Identifiant :</b> IDFM:29525]]></description><Point><coordinates>2.061522876128327,49.193245120672074,0</coordinates></Point></Placemark><Placemark><name>Lavoir</name><description><![CDATA[<b>Territoire :</b> TàD Vexin Est<br/><b>Lignes :</b> TàD<br/><b>Identifiant :</b> IDFM:29591]]></description><Point><coordinates>2.1051312975864875,49.1806928890574,0</coordinates></Point></Placemark><Placemark><name>Lavoir</name><description><![CDATA[<b>Territoire :</b> TàD Vexin Est<br/><b>Lignes :</b> TàD<br/><b>Identifiant :</b> IDFM:417065]]></description><Point><coordinates>1.8490982928197355,49.107690622832756,0</coordinates></Point></Placemark><Placemark><name>Lavoir</name><description><![CDATA[<b>Territoire :</b> TàD Vexin Est<br/><b>Lignes :</b> TàD<br/><b>Identifiant :</b> IDFM:417064]]></description><Point><coordinates>1.8487599509605228,49.1075075436524,0</coordinates></Point></Placemark><Placemark><name>Le Boqueteau</name><description><![CDATA[<b>Territoire :</b> TàD 4595<br/><b>Lignes :</b> TàD 4595<br/><b>Identifiant :</b> IDFM:483615]]></description><Point><coordinates>2.304183343255005,48.64227023435925,0</coordinates></Point></Placemark><Placemark><name>Le Boqueteau</name><description><![CDATA[<b>Territoire :</b> TàD 4595<br/><b>Lignes :</b> TàD 4595<br/><b>Identifiant :</b> IDFM:483612]]></description><Point><coordinates>2.3045872364162197,48.643540918895724,0</coordinates></Point></Placemark><Placemark><name>Le Bouchet</name><description><![CDATA[<b>Territoire :</b> TàD 4301/4530<br/><b>Lignes :</b> TàD 4301<br/><b>Identifiant :</b> IDFM:492920]]></description><Point><coordinates>2.362635349960048,48.53268929897715,0</coordinates></Point></Placemark><Placemark><name>Le Bouchet</name><description><![CDATA[<b>Territoire :</b> TàD 4301/4530<br/><b>Lignes :</b> TàD 4301<br/><b>Identifiant :</b> IDFM:492688]]></description><Point><coordinates>2.3630166642104222,48.53252041902086,0</coordinates></Point></Placemark><Placemark><name>Le Champs de Claye - Mauperthuis</name><description><![CDATA[<b>Territoire :</b> TàD Dimanche<br/><b>Lignes :</b> TàD, TàD<br/><b>Identifiant :</b> IDFM:16781]]></description><Point><coordinates>2.6757895693323164,48.9386595379755,0</coordinates></Point></Placemark><Placemark><name>Le Clos Montceleux</name><description><![CDATA[<b>Territoire :</b> TàD Roissy Sud<br/><b>Lignes :</b> TàD<br/><b>Identifiant :</b> IDFM:19272]]></description><Point><coordinates>2.535390864969876,48.954285356428805,0</coordinates></Point></Placemark><Placemark><name>Le Clos Montceleux</name><description><![CDATA[<b>Territoire :</b> TàD Roissy Sud<br/><b>Lignes :</b> TàD<br/><b>Identifiant :</b> IDFM:19024]]></description><Point><coordinates>2.535321709995815,48.954384006587404,0</coordinates></Point></Placemark><Placemark><name>Le Cottage</name><description><![CDATA[<b>Territoire :</b> TàD Vexin Est<br/><b>Lignes :</b> TàD<br/><b>Identifiant :</b> IDFM:41580]]></description><Point><coordinates>2.175899171243487,49.11100331288826,0</coordinates></Point></Placemark><Placemark><name>Le Cottage</name><description><![CDATA[<b>Territoire :</b> TàD Vexin Est<br/><b>Lignes :</b> TàD<br/><b>Identifiant :</b> IDFM:41581]]></description><Point><coordinates>2.176080897841586,49.11163396590158,0</coordinates></Point></Placemark><Placemark><name>Le Domaine</name><description><![CDATA[<b>Territoire :</b> TàD 4305<br/><b>Lignes :</b> TàD 4305, TàD 4301<br/><b>Identifiant :</b> IDFM:492711]]></description><Point><coordinates>2.3446030759248573,48.53298708468618,0</coordinates></Point></Placemark><Placemark><name>Le Domaine</name><description><![CDATA[<b>Territoire :</b> TàD 4305<br/><b>Lignes :</b> TàD 4305, TàD 4301<br/><b>Identifiant :</b> IDFM:492712]]></description><Point><coordinates>2.345129954696678,48.533097939875425,0</coordinates></Point></Placemark><Placemark><name>Le Fay</name><description><![CDATA[<b>Territoire :</b> TàD Vexin Est<br/><b>Lignes :</b> TàD<br/><b>Identifiant :</b> IDFM:29520]]></description><Point><coordinates>2.0435046770168857,49.158676351672845,0</coordinates></Point></Placemark><Placemark><name>Le Gué</name><description><![CDATA[<b>Territoire :</b> TàD Goêle<br/><b>Lignes :</b> TàD<br/><b>Identifiant :</b> IDFM:38300]]></description><Point><coordinates>2.7509375903613855,49.02654925195765,0</coordinates></Point></Placemark><Placemark><name>Le Gué</name><description><![CDATA[<b>Territoire :</b> TàD Goêle<br/><b>Lignes :</b> TàD<br/><b>Identifiant :</b> IDFM:423808]]></description><Point><coordinates>2.7499516776061754,49.026843933463574,0</coordinates></Point></Placemark><Placemark><name>Le Gué</name><description><![CDATA[<b>Territoire :</b> TàD Luzarches - Goussainville<br/><b>Lignes :</b> TàD<br/><b>Identifiant :</b> IDFM:41787]]></description><Point><coordinates>2.4433167716106663,49.079297014830175,0</coordinates></Point></Placemark><Placemark><name>Le Heaulme</name><description><![CDATA[<b>Territoire :</b> TàD Vexin Est<br/><b>Lignes :</b> TàD<br/><b>Identifiant :</b> IDFM:41568]]></description><Point><coordinates>1.9992335753994204,49.165950113486545,0</coordinates></Point></Placemark><Placemark><name>Le Jarrier</name><description><![CDATA[<b>Territoire :</b> TàD Nangis / La-Chapelle-Rablais<br/><b>Lignes :</b> TàD<br/><b>Identifiant :</b> IDFM:10011]]></description><Point><coordinates>2.93414363264466,48.556013865193265,0</coordinates></Point></Placemark><Placemark><name>Le Jarrier</name><description><![CDATA[<b>Territoire :</b> TàD Nangis / La-Chapelle-Rablais<br/><b>Lignes :</b> TàD<br/><b>Identifiant :</b> IDFM:9851]]></description><Point><coordinates>2.9345635354881976,48.55614902969976,0</coordinates></Point></Placemark><Placemark><name>Le Moulin</name><description><![CDATA[<b>Territoire :</b> TàD Roissy Goussainville<br/><b>Lignes :</b> TàD<br/><b>Identifiant :</b> IDFM:38569]]></description><Point><coordinates>2.472026964575515,49.011358400040734,0</coordinates></Point></Placemark><Placemark><name>Le Moulin</name><description><![CDATA[<b>Territoire :</b> TàD Roissy Goussainville<br/><b>Lignes :</b> TàD<br/><b>Identifiant :</b> IDFM:38797]]></description><Point><coordinates>2.472134398808914,49.01154770708938,0</coordinates></Point></Placemark><Placemark><name>Le Parc</name><description><![CDATA[<b>Territoire :</b> TàD 4305<br/><b>Lignes :</b> TàD 4305<br/><b>Identifiant :</b> IDFM:494622]]></description><Point><coordinates>2.3393393542521705,48.5390122421491,0</coordinates></Point></Placemark><Placemark><name>Le Parc</name><description><![CDATA[<b>Territoire :</b> TàD 4592<br/><b>Lignes :</b> TàD 4592<br/><b>Identifiant :</b> IDFM:39852]]></description><Point><coordinates>2.304051005504973,48.65834382779064,0</coordinates></Point></Placemark><Placemark><name>Le Parc de Lormoy</name><description><![CDATA[<b>Territoire :</b> TàD 4595<br/><b>Lignes :</b> TàD 4595<br/><b>Identifiant :</b> IDFM:483621]]></description><Point><coordinates>2.3030758374307525,48.63981705646463,0</coordinates></Point></Placemark><Placemark><name>Le Parc de Lormoy</name><description><![CDATA[<b>Territoire :</b> TàD 4595<br/><b>Lignes :</b> TàD 4595<br/><b>Identifiant :</b> IDFM:483618]]></description><Point><coordinates>2.303237142886238,48.639934938125556,0</coordinates></Point></Placemark><Placemark><name>Le Perray</name><description><![CDATA[<b>Territoire :</b> TàD 4595<br/><b>Lignes :</b> TàD 4595<br/><b>Identifiant :</b> IDFM:3631]]></description><Point><coordinates>2.2907277600681577,48.657599647774376,0</coordinates></Point></Placemark><Placemark><name>Le Perray</name><description><![CDATA[<b>Territoire :</b> TàD 4595<br/><b>Lignes :</b> TàD 4595<br/><b>Identifiant :</b> IDFM:3172]]></description><Point><coordinates>2.2908219417114632,48.65766317410061,0</coordinates></Point></Placemark><Placemark><name>Le Petit Moulin</name><description><![CDATA[<b>Territoire :</b> TàD Sud Meulan - Les Mureaux<br/><b>Lignes :</b> TàD<br/><b>Identifiant :</b> IDFM:14134]]></description><Point><coordinates>1.923244061560583,48.96486539842856,0</coordinates></Point></Placemark><Placemark><name>Le Petit Moulin</name><description><![CDATA[<b>Territoire :</b> TàD Sud Meulan - Les Mureaux<br/><b>Lignes :</b> TàD<br/><b>Identifiant :</b> IDFM:19885]]></description><Point><coordinates>1.923476212939928,48.96486748271183,0</coordinates></Point></Placemark><Placemark><name>Le Poty</name><description><![CDATA[<b>Territoire :</b> TàD 4342<br/><b>Lignes :</b> TàD 4342<br/><b>Identifiant :</b> IDFM:7383]]></description><Point><coordinates>2.3041694592055686,48.386059592829056,0</coordinates></Point></Placemark><Placemark><name>Le Poty</name><description><![CDATA[<b>Territoire :</b> TàD 4342<br/><b>Lignes :</b> TàD 4342<br/><b>Identifiant :</b> IDFM:7382]]></description><Point><coordinates>2.304521219838747,48.386016671791026,0</coordinates></Point></Placemark><Placemark><name>Le Quoniam</name><description><![CDATA[<b>Territoire :</b> TàD Vexin Est<br/><b>Lignes :</b> TàD<br/><b>Identifiant :</b> IDFM:29531]]></description><Point><coordinates>2.038508786506318,49.180395263663094,0</coordinates></Point></Placemark><Placemark><name>Le Rosnel</name><description><![CDATA[<b>Territoire :</b> TàD Vexin Est<br/><b>Lignes :</b> TàD<br/><b>Identifiant :</b> IDFM:29569]]></description><Point><coordinates>2.010119911049844,49.15306561189395,0</coordinates></Point></Placemark><Placemark><name>Le Ruel</name><description><![CDATA[<b>Territoire :</b> TàD Vexin Est<br/><b>Lignes :</b> TàD<br/><b>Identifiant :</b> IDFM:29534]]></description><Point><coordinates>2.025675319380605,49.1707165404066,0</coordinates></Point></Placemark><Placemark><name>Le Trapil</name><description><![CDATA[<b>Territoire :</b> TàD Vexin Est<br/><b>Lignes :</b> TàD<br/><b>Identifiant :</b> IDFM:29755]]></description><Point><coordinates>1.9309670927585774,49.082135569377705,0</coordinates></Point></Placemark><Placemark><name>Le Val Hébert</name><description><![CDATA[<b>Territoire :</b> TàD Nord Meulan - Les Mureaux<br/><b>Lignes :</b> TàD<br/><b>Identifiant :</b> IDFM:8581]]></description><Point><coordinates>1.9475573746125538,49.01540551072608,0</coordinates></Point></Placemark><Placemark><name>Le Verger</name><description><![CDATA[<b>Territoire :</b> TàD 4306<br/><b>Lignes :</b> TàD 4306<br/><b>Identifiant :</b> IDFM:11920]]></description><Point><coordinates>2.3316259367756946,48.47778612232035,0</coordinates></Point></Placemark><Placemark><name>Le Verger</name><description><![CDATA[<b>Territoire :</b> TàD Roissy Villiers-le-Bel<br/><b>Lignes :</b> TàD<br/><b>Identifiant :</b> IDFM:40142]]></description><Point><coordinates>2.5164788936135247,48.99836320380519,0</coordinates></Point></Placemark><Placemark><name>Le Verger</name><description><![CDATA[<b>Territoire :</b> TàD Roissy Villiers-le-Bel<br/><b>Lignes :</b> TàD<br/><b>Identifiant :</b> IDFM:38074]]></description><Point><coordinates>2.5162748277883735,48.9982634672009,0</coordinates></Point></Placemark><Placemark><name>Le Village</name><description><![CDATA[<b>Territoire :</b> TàD 6131<br/><b>Lignes :</b> TàD 6131<br/><b>Identifiant :</b> IDFM:40535]]></description><Point><coordinates>2.1904816034495416,48.78322034890337,0</coordinates></Point></Placemark><Placemark><name>Lenglen</name><description><![CDATA[<b>Territoire :</b> TàD Roissy Sud<br/><b>Lignes :</b> TàD<br/><b>Identifiant :</b> IDFM:490961]]></description><Point><coordinates>2.5141461930488807,48.9511436707861,0</coordinates></Point></Placemark><Placemark><name>Lenglen</name><description><![CDATA[<b>Territoire :</b> TàD Roissy Sud<br/><b>Lignes :</b> TàD<br/><b>Identifiant :</b> IDFM:39010]]></description><Point><coordinates>2.5134747382647786,48.95140173326391,0</coordinates></Point></Placemark><Placemark><name>LEP Boucher</name><description><![CDATA[<b>Territoire :</b> TàD Roissy Sud<br/><b>Lignes :</b> TàD<br/><b>Identifiant :</b> IDFM:38124]]></description><Point><coordinates>2.5788573292958072,48.950462211837156,0</coordinates></Point></Placemark><Placemark><name>LEP Boucher</name><description><![CDATA[<b>Territoire :</b> TàD Roissy Sud<br/><b>Lignes :</b> TàD<br/><b>Identifiant :</b> IDFM:40679]]></description><Point><coordinates>2.57932168549644,48.95044585697856,0</coordinates></Point></Placemark><Placemark><name>LEP Mandela</name><description><![CDATA[<b>Territoire :</b> TàD 4342<br/><b>Lignes :</b> TàD 4342, TàD 4344<br/><b>Identifiant :</b> IDFM:485615]]></description><Point><coordinates>2.1378865957932005,48.43414495607692,0</coordinates></Point></Placemark><Placemark><name>Les 4 Tours</name><description><![CDATA[<b>Territoire :</b> TàD Roissy Sud<br/><b>Lignes :</b> TàD<br/><b>Identifiant :</b> IDFM:427414]]></description><Point><coordinates>2.5576312501229026,48.95785857710774,0</coordinates></Point></Placemark><Placemark><name>Les 4 Tours</name><description><![CDATA[<b>Territoire :</b> TàD Roissy Sud<br/><b>Lignes :</b> TàD<br/><b>Identifiant :</b> IDFM:39313]]></description><Point><coordinates>2.557248752013188,48.957875150396475,0</coordinates></Point></Placemark><Placemark><name>Les Archers</name><description><![CDATA[<b>Territoire :</b> TàD Goêle<br/><b>Lignes :</b> TàD<br/><b>Identifiant :</b> IDFM:483664]]></description><Point><coordinates>2.667567988974295,49.04821538714674,0</coordinates></Point></Placemark><Placemark><name>Les Archers</name><description><![CDATA[<b>Territoire :</b> TàD Goêle<br/><b>Lignes :</b> TàD<br/><b>Identifiant :</b> IDFM:485277]]></description><Point><coordinates>2.6672174647196227,49.04741415637615,0</coordinates></Point></Placemark><Placemark><name>Les Audigers</name><description><![CDATA[<b>Territoire :</b> TàD 4344<br/><b>Lignes :</b> TàD 4344<br/><b>Identifiant :</b> IDFM:7269]]></description><Point><coordinates>2.390521063686222,48.41877975249762,0</coordinates></Point></Placemark><Placemark><name>Les Aulnes</name><description><![CDATA[<b>Territoire :</b> TàD 4592<br/><b>Lignes :</b> TàD 4592<br/><b>Identifiant :</b> IDFM:11876]]></description><Point><coordinates>2.334162758745657,48.661826033529465,0</coordinates></Point></Placemark><Placemark><name>Les Aulnes</name><description><![CDATA[<b>Territoire :</b> TàD 4592<br/><b>Lignes :</b> TàD 4592<br/><b>Identifiant :</b> IDFM:11877]]></description><Point><coordinates>2.3340779722976723,48.66208641636776,0</coordinates></Point></Placemark><Placemark><name>Les Bleuets</name><description><![CDATA[<b>Territoire :</b> TàD Sud Meulan - Les Mureaux<br/><b>Lignes :</b> TàD<br/><b>Identifiant :</b> IDFM:422759]]></description><Point><coordinates>1.8755761139571874,48.969266253694265,0</coordinates></Point></Placemark><Placemark><name>Les Bosquets</name><description><![CDATA[<b>Territoire :</b> TàD Roissy Sud<br/><b>Lignes :</b> TàD<br/><b>Identifiant :</b> IDFM:21202]]></description><Point><coordinates>2.6023921953963773,48.95634275273723,0</coordinates></Point></Placemark><Placemark><name>Les Bosquets</name><description><![CDATA[<b>Territoire :</b> TàD Roissy Sud<br/><b>Lignes :</b> TàD<br/><b>Identifiant :</b> IDFM:39079]]></description><Point><coordinates>2.602964256064934,48.95653349085317,0</coordinates></Point></Placemark><Placemark><name>Les Bédouins</name><description><![CDATA[<b>Territoire :</b> TàD 4306<br/><b>Lignes :</b> TàD 4306<br/><b>Identifiant :</b> IDFM:11878]]></description><Point><coordinates>2.346242837805691,48.50793303637088,0</coordinates></Point></Placemark><Placemark><name>Les Bédouins</name><description><![CDATA[<b>Territoire :</b> TàD 4306<br/><b>Lignes :</b> TàD 4306<br/><b>Identifiant :</b> IDFM:11879]]></description><Point><coordinates>2.3462338956135778,48.507564144212544,0</coordinates></Point></Placemark><Placemark><name>Les Charmilles</name><description><![CDATA[<b>Territoire :</b> TàD Roissy Goussainville<br/><b>Lignes :</b> TàD<br/><b>Identifiant :</b> IDFM:419723]]></description><Point><coordinates>2.4719527984173033,49.00520744402394,0</coordinates></Point></Placemark><Placemark><name>Les Charmilles</name><description><![CDATA[<b>Territoire :</b> TàD Roissy Goussainville<br/><b>Lignes :</b> TàD<br/><b>Identifiant :</b> IDFM:419722]]></description><Point><coordinates>2.472020496359692,49.005270687072,0</coordinates></Point></Placemark><Placemark><name>Les Chatries</name><description><![CDATA[<b>Territoire :</b> TàD 4308<br/><b>Lignes :</b> TàD 4308, TàD 4318<br/><b>Identifiant :</b> IDFM:10406]]></description><Point><coordinates>2.426605623978114,48.56641642616984,0</coordinates></Point></Placemark><Placemark><name>Les Chatries</name><description><![CDATA[<b>Territoire :</b> TàD 4308<br/><b>Lignes :</b> TàD 4308, TàD 4318<br/><b>Identifiant :</b> IDFM:10405]]></description><Point><coordinates>2.426576155766519,48.56663218036289,0</coordinates></Point></Placemark><Placemark><name>Les Chênes</name><description><![CDATA[<b>Territoire :</b> TàD Goêle<br/><b>Lignes :</b> TàD<br/><b>Identifiant :</b> IDFM:480897]]></description><Point><coordinates>2.714280021688436,49.05863996704197,0</coordinates></Point></Placemark><Placemark><name>Les Chênes</name><description><![CDATA[<b>Territoire :</b> TàD Goêle<br/><b>Lignes :</b> TàD<br/><b>Identifiant :</b> IDFM:487485]]></description><Point><coordinates>2.714526937516877,49.05852366349002,0</coordinates></Point></Placemark><Placemark><name>Les Closeaux</name><description><![CDATA[<b>Territoire :</b> TàD Vexin Est<br/><b>Lignes :</b> TàD<br/><b>Identifiant :</b> IDFM:41749]]></description><Point><coordinates>1.9635269265323478,49.11057455371507,0</coordinates></Point></Placemark><Placemark><name>Les Coteaux</name><description><![CDATA[<b>Territoire :</b> TàD Roissy Goussainville<br/><b>Lignes :</b> TàD<br/><b>Identifiant :</b> IDFM:38500]]></description><Point><coordinates>2.4812214137685844,49.02831252170919,0</coordinates></Point></Placemark><Placemark><name>Les Cèdres</name><description><![CDATA[<b>Territoire :</b> TàD Roissy Sud<br/><b>Lignes :</b> TàD<br/><b>Identifiant :</b> IDFM:21235]]></description><Point><coordinates>2.6056520609451086,48.93882699470217,0</coordinates></Point></Placemark><Placemark><name>Les Côteaux</name><description><![CDATA[<b>Territoire :</b> TàD Vexin Est<br/><b>Lignes :</b> TàD<br/><b>Identifiant :</b> IDFM:416961]]></description><Point><coordinates>1.9879399021286166,49.089255870720194,0</coordinates></Point></Placemark><Placemark><name>Les Deux Cèdres</name><description><![CDATA[<b>Territoire :</b> TàD Roissy Sud<br/><b>Lignes :</b> TàD<br/><b>Identifiant :</b> IDFM:18974]]></description><Point><coordinates>2.5275528685778146,49.00089814620478,0</coordinates></Point></Placemark><Placemark><name>Les Deux Cèdres</name><description><![CDATA[<b>Territoire :</b> TàD Roissy Sarcelles<br/><b>Lignes :</b> TàD, TàD, TàD, TàD<br/><b>Identifiant :</b> IDFM:39166]]></description><Point><coordinates>2.5279553459641217,49.001727009395054,0</coordinates></Point></Placemark><Placemark><name>Les Deux Ponts</name><description><![CDATA[<b>Territoire :</b> TàD 4305<br/><b>Lignes :</b> TàD 4305, TàD 4306<br/><b>Identifiant :</b> IDFM:427804]]></description><Point><coordinates>2.3511317076219362,48.48154682082507,0</coordinates></Point></Placemark><Placemark><name>Les Deux Ponts</name><description><![CDATA[<b>Territoire :</b> TàD 4305<br/><b>Lignes :</b> TàD 4305, TàD 4306<br/><b>Identifiant :</b> IDFM:427807]]></description><Point><coordinates>2.3510975640966567,48.48102484584768,0</coordinates></Point></Placemark><Placemark><name>Les Echassons</name><description><![CDATA[<b>Territoire :</b> TàD 4595<br/><b>Lignes :</b> TàD 4595<br/><b>Identifiant :</b> IDFM:3173]]></description><Point><coordinates>2.2798744960625186,48.65498893875372,0</coordinates></Point></Placemark><Placemark><name>Les Echassons</name><description><![CDATA[<b>Territoire :</b> TàD 4595<br/><b>Lignes :</b> TàD 4595<br/><b>Identifiant :</b> IDFM:10173]]></description><Point><coordinates>2.2800724386995355,48.65540391182711,0</coordinates></Point></Placemark><Placemark><name>Les Fleurs</name><description><![CDATA[<b>Territoire :</b> TàD 4301/4530<br/><b>Lignes :</b> TàD 4301<br/><b>Identifiant :</b> IDFM:11885]]></description><Point><coordinates>2.350510627920404,48.53502560700941,0</coordinates></Point></Placemark><Placemark><name>Les Fleurs</name><description><![CDATA[<b>Territoire :</b> TàD 4301/4530<br/><b>Lignes :</b> TàD 4301<br/><b>Identifiant :</b> IDFM:11886]]></description><Point><coordinates>2.3506598436027955,48.5350084300939,0</coordinates></Point></Placemark><Placemark><name>Les Fougères</name><description><![CDATA[<b>Territoire :</b> TàD Roissy Sud<br/><b>Lignes :</b> TàD<br/><b>Identifiant :</b> IDFM:40714]]></description><Point><coordinates>2.5459848911121137,48.9560794867095,0</coordinates></Point></Placemark><Placemark><name>Les Fougères</name><description><![CDATA[<b>Territoire :</b> TàD Roissy Sud<br/><b>Lignes :</b> TàD<br/><b>Identifiant :</b> IDFM:38167]]></description><Point><coordinates>2.5457792065989735,48.95617762561838,0</coordinates></Point></Placemark><Placemark><name>Les Frênes</name><description><![CDATA[<b>Territoire :</b> TàD Roissy Saint-Pathus<br/><b>Lignes :</b> TàD<br/><b>Identifiant :</b> IDFM:38375]]></description><Point><coordinates>2.7894838202166756,49.08373750960008,0</coordinates></Point></Placemark><Placemark><name>Les Grands Prés</name><description><![CDATA[<b>Territoire :</b> TàD Roissy Fosses<br/><b>Lignes :</b> TàD<br/><b>Identifiant :</b> IDFM:38782]]></description><Point><coordinates>2.5480541567071056,49.09976926396716,0</coordinates></Point></Placemark><Placemark><name>Les Grands Prés</name><description><![CDATA[<b>Territoire :</b> TàD Roissy Fosses<br/><b>Lignes :</b> TàD<br/><b>Identifiant :</b> IDFM:419497]]></description><Point><coordinates>2.548177624615896,49.09974275402916,0</coordinates></Point></Placemark><Placemark><name>Les Lierres - Hérivaux</name><description><![CDATA[<b>Territoire :</b> TàD Roissy Villiers-le-Bel<br/><b>Lignes :</b> TàD<br/><b>Identifiant :</b> IDFM:38145]]></description><Point><coordinates>2.394715262192335,49.00743253708836,0</coordinates></Point></Placemark><Placemark><name>Les Lierres - Louise Michel</name><description><![CDATA[<b>Territoire :</b> TàD Roissy Villiers-le-Bel<br/><b>Lignes :</b> TàD<br/><b>Identifiant :</b> IDFM:25472]]></description><Point><coordinates>2.3925883082735475,49.0069721810021,0</coordinates></Point></Placemark><Placemark><name>Les Lochères</name><description><![CDATA[<b>Territoire :</b> TàD Roissy Sarcelles<br/><b>Lignes :</b> TàD<br/><b>Identifiant :</b> IDFM:38555]]></description><Point><coordinates>2.3849982888715653,48.97843676316115,0</coordinates></Point></Placemark><Placemark><name>Les Lochères</name><description><![CDATA[<b>Territoire :</b> TàD Roissy Sarcelles<br/><b>Lignes :</b> TàD<br/><b>Identifiant :</b> IDFM:38085]]></description><Point><coordinates>2.3849275395497607,48.97864322729602,0</coordinates></Point></Placemark><Placemark><name>Les Meuniers</name><description><![CDATA[<b>Territoire :</b> TàD Aigremont - Chambourcy<br/><b>Lignes :</b> TàD<br/><b>Identifiant :</b> IDFM:34679]]></description><Point><coordinates>2.0244483593521414,48.9010428511075,0</coordinates></Point></Placemark><Placemark><name>Les Mines</name><description><![CDATA[<b>Territoire :</b> TàD Roissy Villiers-le-Bel<br/><b>Lignes :</b> TàD<br/><b>Identifiant :</b> IDFM:38006]]></description><Point><coordinates>2.473647824042801,48.98495532812761,0</coordinates></Point></Placemark><Placemark><name>Les Mines</name><description><![CDATA[<b>Territoire :</b> TàD Roissy Villiers-le-Bel<br/><b>Lignes :</b> TàD<br/><b>Identifiant :</b> IDFM:423568]]></description><Point><coordinates>2.473057207767192,48.984858315837556,0</coordinates></Point></Placemark><Placemark><name>Les Montagnettes</name><description><![CDATA[<b>Territoire :</b> TàD Roissy Goussainville<br/><b>Lignes :</b> TàD<br/><b>Identifiant :</b> IDFM:38043]]></description><Point><coordinates>2.4701365305662835,49.0358713060174,0</coordinates></Point></Placemark><Placemark><name>Les Montagnettes</name><description><![CDATA[<b>Territoire :</b> TàD Roissy Goussainville<br/><b>Lignes :</b> TàD<br/><b>Identifiant :</b> IDFM:38042]]></description><Point><coordinates>2.4702591522556965,49.035916806529286,0</coordinates></Point></Placemark><Placemark><name>Les Montils</name><description><![CDATA[<b>Territoire :</b> TàD Nangis / La-Chapelle-Rablais<br/><b>Lignes :</b> TàD<br/><b>Identifiant :</b> IDFM:9717]]></description><Point><coordinates>2.9467806174993587,48.50835203618098,0</coordinates></Point></Placemark><Placemark><name>Les Mousseaux</name><description><![CDATA[<b>Territoire :</b> TàD Roissy Sud<br/><b>Lignes :</b> TàD<br/><b>Identifiant :</b> IDFM:38174]]></description><Point><coordinates>2.5408905749783015,48.96237283422793,0</coordinates></Point></Placemark><Placemark><name>Les Mousseaux</name><description><![CDATA[<b>Territoire :</b> TàD Roissy Sud<br/><b>Lignes :</b> TàD<br/><b>Identifiant :</b> IDFM:423601]]></description><Point><coordinates>2.540714075098967,48.96225525600707,0</coordinates></Point></Placemark><Placemark><name>Les Murs</name><description><![CDATA[<b>Territoire :</b> TàD 4305<br/><b>Lignes :</b> TàD 4305<br/><b>Identifiant :</b> IDFM:11890]]></description><Point><coordinates>2.3523861782683286,48.50051783101288,0</coordinates></Point></Placemark><Placemark><name>Les Murs</name><description><![CDATA[<b>Territoire :</b> TàD 4305<br/><b>Lignes :</b> TàD 4305<br/><b>Identifiant :</b> IDFM:11889]]></description><Point><coordinates>2.351844650563522,48.49942633551048,0</coordinates></Point></Placemark><Placemark><name>Les Olympiades</name><description><![CDATA[<b>Territoire :</b> TàD Roissy Goussainville<br/><b>Lignes :</b> TàD<br/><b>Identifiant :</b> IDFM:38675]]></description><Point><coordinates>2.455786786133014,49.02184258418079,0</coordinates></Point></Placemark><Placemark><name>Les Olympiades</name><description><![CDATA[<b>Territoire :</b> TàD Luzarches - Goussainville<br/><b>Lignes :</b> TàD<br/><b>Identifiant :</b> IDFM:38047]]></description><Point><coordinates>2.4559924296728477,49.021789563868815,0</coordinates></Point></Placemark><Placemark><name>Les Ormes</name><description><![CDATA[<b>Territoire :</b> TàD Roissy Saint-Pathus<br/><b>Lignes :</b> TàD<br/><b>Identifiant :</b> IDFM:423537]]></description><Point><coordinates>2.7906681786795042,49.08196828476471,0</coordinates></Point></Placemark><Placemark><name>Les Ormes</name><description><![CDATA[<b>Territoire :</b> TàD Roissy Saint-Pathus<br/><b>Lignes :</b> TàD<br/><b>Identifiant :</b> IDFM:38163]]></description><Point><coordinates>2.7909296282002263,49.081627068682245,0</coordinates></Point></Placemark><Placemark><name>Les Palefreniers</name><description><![CDATA[<b>Territoire :</b> TàD 4595<br/><b>Lignes :</b> TàD 4595<br/><b>Identifiant :</b> IDFM:483625]]></description><Point><coordinates>2.3036973901916715,48.645127874976744,0</coordinates></Point></Placemark><Placemark><name>Les Palefreniers</name><description><![CDATA[<b>Territoire :</b> TàD 4595<br/><b>Lignes :</b> TàD 4595<br/><b>Identifiant :</b> IDFM:483622]]></description><Point><coordinates>2.3037779918744707,48.64519131240857,0</coordinates></Point></Placemark><Placemark><name>Les Plantes</name><description><![CDATA[<b>Territoire :</b> TàD 4305<br/><b>Lignes :</b> TàD 4305, TàD 4301<br/><b>Identifiant :</b> IDFM:11891]]></description><Point><coordinates>2.3494715641494524,48.52269538439357,0</coordinates></Point></Placemark><Placemark><name>Les Plantes</name><description><![CDATA[<b>Territoire :</b> TàD 4305<br/><b>Lignes :</b> TàD 4305, TàD 4301<br/><b>Identifiant :</b> IDFM:11892]]></description><Point><coordinates>2.349399727685428,48.523027845412685,0</coordinates></Point></Placemark><Placemark><name>Les Prés Boucher</name><description><![CDATA[<b>Territoire :</b> TàD Goêle<br/><b>Lignes :</b> TàD<br/><b>Identifiant :</b> IDFM:481043]]></description><Point><coordinates>2.6912669166321246,49.065533509326805,0</coordinates></Point></Placemark><Placemark><name>Les Prés Boucher</name><description><![CDATA[<b>Territoire :</b> TàD Goêle<br/><b>Lignes :</b> TàD<br/><b>Identifiant :</b> IDFM:481045]]></description><Point><coordinates>2.691349820686472,49.06539884943325,0</coordinates></Point></Placemark><Placemark><name>Les Rabiers</name><description><![CDATA[<b>Territoire :</b> TàD 4342<br/><b>Lignes :</b> TàD 4342<br/><b>Identifiant :</b> IDFM:37099]]></description><Point><coordinates>2.3796877794493123,48.34494810543196,0</coordinates></Point></Placemark><Placemark><name>Les Rabiers</name><description><![CDATA[<b>Territoire :</b> TàD 4342<br/><b>Lignes :</b> TàD 4342, TàD 4343<br/><b>Identifiant :</b> IDFM:37100]]></description><Point><coordinates>2.3795531382334265,48.34492040846779,0</coordinates></Point></Placemark><Placemark><name>Les Rios</name><description><![CDATA[<b>Territoire :</b> TàD 4592<br/><b>Lignes :</b> TàD 4592<br/><b>Identifiant :</b> IDFM:23082]]></description><Point><coordinates>2.299753160478858,48.655844996105856,0</coordinates></Point></Placemark><Placemark><name>Les Rochers</name><description><![CDATA[<b>Territoire :</b> TàD 4318<br/><b>Lignes :</b> TàD 4318<br/><b>Identifiant :</b> IDFM:21583]]></description><Point><coordinates>2.458909592827197,48.573764232483434,0</coordinates></Point></Placemark><Placemark><name>Les Rochers</name><description><![CDATA[<b>Territoire :</b> TàD 4318<br/><b>Lignes :</b> TàD 4318<br/><b>Identifiant :</b> IDFM:9463]]></description><Point><coordinates>2.459100476565156,48.57365715319361,0</coordinates></Point></Placemark><Placemark><name>Les Sablons</name><description><![CDATA[<b>Territoire :</b> TàD Goêle<br/><b>Lignes :</b> TàD<br/><b>Identifiant :</b> IDFM:38252]]></description><Point><coordinates>2.688143635193716,49.05243370167812,0</coordinates></Point></Placemark><Placemark><name>Les Sablons</name><description><![CDATA[<b>Territoire :</b> TàD Goêle<br/><b>Lignes :</b> TàD<br/><b>Identifiant :</b> IDFM:423813]]></description><Point><coordinates>2.688170509310968,49.05251469617813,0</coordinates></Point></Placemark><Placemark><name>Les Sources</name><description><![CDATA[<b>Territoire :</b> TàD Roissy Saint-Pathus<br/><b>Lignes :</b> TàD<br/><b>Identifiant :</b> IDFM:415829]]></description><Point><coordinates>2.7906899488670143,49.07657350278965,0</coordinates></Point></Placemark><Placemark><name>Les Sources</name><description><![CDATA[<b>Territoire :</b> TàD Roissy Saint-Pathus<br/><b>Lignes :</b> TàD<br/><b>Identifiant :</b> IDFM:38383]]></description><Point><coordinates>2.7902118635419813,49.07633889312937,0</coordinates></Point></Placemark><Placemark><name>Les Tilleuls</name><description><![CDATA[<b>Territoire :</b> TàD 4595<br/><b>Lignes :</b> TàD 4595<br/><b>Identifiant :</b> IDFM:483628]]></description><Point><coordinates>2.303370904525343,48.639063181015196,0</coordinates></Point></Placemark><Placemark><name>Les Tilleuls</name><description><![CDATA[<b>Territoire :</b> TàD 4595<br/><b>Lignes :</b> TàD 4595<br/><b>Identifiant :</b> IDFM:483626]]></description><Point><coordinates>2.302948232658907,48.63818816890947,0</coordinates></Point></Placemark><Placemark><name>Les Tilleuls</name><description><![CDATA[<b>Territoire :</b> TàD Luzarches - Goussainville<br/><b>Lignes :</b> TàD<br/><b>Identifiant :</b> IDFM:38950]]></description><Point><coordinates>2.4530466158199977,49.09637153694906,0</coordinates></Point></Placemark><Placemark><name>Les Tournelles</name><description><![CDATA[<b>Territoire :</b> TàD Goêle<br/><b>Lignes :</b> TàD<br/><b>Identifiant :</b> IDFM:423756]]></description><Point><coordinates>2.692583931225152,49.03956005123006,0</coordinates></Point></Placemark><Placemark><name>Les Tournelles</name><description><![CDATA[<b>Territoire :</b> TàD Goêle<br/><b>Lignes :</b> TàD<br/><b>Identifiant :</b> IDFM:487253]]></description><Point><coordinates>2.6926084096958336,49.04004566813984,0</coordinates></Point></Placemark><Placemark><name>Les Tuileries</name><description><![CDATA[<b>Territoire :</b> TàD Vexin Est<br/><b>Lignes :</b> TàD<br/><b>Identifiant :</b> IDFM:29529]]></description><Point><coordinates>2.0269286230377888,49.177721808791595,0</coordinates></Point></Placemark><Placemark><name>Les Verdiers</name><description><![CDATA[<b>Territoire :</b> TàD Goêle<br/><b>Lignes :</b> TàD<br/><b>Identifiant :</b> IDFM:40644]]></description><Point><coordinates>2.7051415116192468,49.01751657692662,0</coordinates></Point></Placemark><Placemark><name>Les Verdiers</name><description><![CDATA[<b>Territoire :</b> TàD Goêle<br/><b>Lignes :</b> TàD<br/><b>Identifiant :</b> IDFM:41633]]></description><Point><coordinates>2.7050050060906234,49.01748027385381,0</coordinates></Point></Placemark><Placemark><name>Les Écoles</name><description><![CDATA[<b>Territoire :</b> TàD Roissy Saint-Pathus<br/><b>Lignes :</b> TàD<br/><b>Identifiant :</b> IDFM:423535]]></description><Point><coordinates>2.793839151606571,49.07281154666793,0</coordinates></Point></Placemark><Placemark><name>Les Écoles</name><description><![CDATA[<b>Territoire :</b> TàD Roissy Saint-Pathus<br/><b>Lignes :</b> TàD<br/><b>Identifiant :</b> IDFM:38374]]></description><Point><coordinates>2.7923183220784273,49.07324051650285,0</coordinates></Point></Placemark><Placemark><name>Leuville</name><description><![CDATA[<b>Territoire :</b> TàD 4595<br/><b>Lignes :</b> TàD 4595<br/><b>Identifiant :</b> IDFM:3174]]></description><Point><coordinates>2.288420499438631,48.628585245662876,0</coordinates></Point></Placemark><Placemark><name>Levasseur</name><description><![CDATA[<b>Territoire :</b> TàD Bassin Chellois<br/><b>Lignes :</b> TàD, TàD, TàD<br/><b>Identifiant :</b> IDFM:16756]]></description><Point><coordinates>2.6039278708491556,48.9035245968161,0</coordinates></Point></Placemark><Placemark><name>Levasseur</name><description><![CDATA[<b>Territoire :</b> TàD Bassin Chellois<br/><b>Lignes :</b> TàD, TàD, TàD<br/><b>Identifiant :</b> IDFM:16755]]></description><Point><coordinates>2.6027265049896102,48.903646519309994,0</coordinates></Point></Placemark><Placemark><name>Libération</name><description><![CDATA[<b>Territoire :</b> TàD 3209<br/><b>Lignes :</b> TàD 3209<br/><b>Identifiant :</b> IDFM:425140]]></description><Point><coordinates>3.3083250810153664,48.56154257426509,0</coordinates></Point></Placemark><Placemark><name>Libération</name><description><![CDATA[<b>Territoire :</b> TàD 3209<br/><b>Lignes :</b> TàD 3209<br/><b>Identifiant :</b> IDFM:10458]]></description><Point><coordinates>3.3087055441559654,48.56171250287824,0</coordinates></Point></Placemark><Placemark><name>Lieutenant Martin</name><description><![CDATA[<b>Territoire :</b> TàD Nord Meulan - Les Mureaux<br/><b>Lignes :</b> TàD<br/><b>Identifiant :</b> IDFM:32611]]></description><Point><coordinates>1.8967546823900556,49.00760223378284,0</coordinates></Point></Placemark><Placemark><name>Lilas</name><description><![CDATA[<b>Territoire :</b> TàD Roissy Sud<br/><b>Lignes :</b> TàD<br/><b>Identifiant :</b> IDFM:39113]]></description><Point><coordinates>2.602899246123472,48.96147014623013,0</coordinates></Point></Placemark><Placemark><name>Linas</name><description><![CDATA[<b>Territoire :</b> TàD 4595<br/><b>Lignes :</b> TàD 4595<br/><b>Identifiant :</b> IDFM:3164]]></description><Point><coordinates>2.2844460780541165,48.62946097169609,0</coordinates></Point></Placemark><Placemark><name>Lindau</name><description><![CDATA[<b>Territoire :</b> TàD Bassin Chellois<br/><b>Lignes :</b> TàD, TàD, TàD<br/><b>Identifiant :</b> IDFM:16760]]></description><Point><coordinates>2.6063300167522336,48.88351405407329,0</coordinates></Point></Placemark><Placemark><name>Lindau</name><description><![CDATA[<b>Territoire :</b> TàD Bassin Chellois<br/><b>Lignes :</b> TàD, TàD, TàD<br/><b>Identifiant :</b> IDFM:16759]]></description><Point><coordinates>2.6070271354366326,48.88329151663273,0</coordinates></Point></Placemark><Placemark><name>Logis Vert</name><description><![CDATA[<b>Territoire :</b> TàD Roissy Saint-Pathus<br/><b>Lignes :</b> TàD<br/><b>Identifiant :</b> IDFM:415843]]></description><Point><coordinates>2.8090462419322417,49.042445233057606,0</coordinates></Point></Placemark><Placemark><name>Logis Vert</name><description><![CDATA[<b>Territoire :</b> TàD Roissy Saint-Pathus<br/><b>Lignes :</b> TàD<br/><b>Identifiant :</b> IDFM:423550]]></description><Point><coordinates>2.8091424810486365,49.04231051079614,0</coordinates></Point></Placemark><Placemark><name>Longpont</name><description><![CDATA[<b>Territoire :</b> TàD 4592<br/><b>Lignes :</b> TàD 4592<br/><b>Identifiant :</b> IDFM:483601]]></description><Point><coordinates>2.327589197589022,48.666169717495094,0</coordinates></Point></Placemark><Placemark><name>Longpont</name><description><![CDATA[<b>Territoire :</b> TàD 4592<br/><b>Lignes :</b> TàD 4592<br/><b>Identifiant :</b> IDFM:483604]]></description><Point><coordinates>2.3276424719159863,48.66625097321957,0</coordinates></Point></Placemark><Placemark><name>Longue Raie</name><description><![CDATA[<b>Territoire :</b> TàD 4301/4530<br/><b>Lignes :</b> TàD 4301<br/><b>Identifiant :</b> IDFM:11900]]></description><Point><coordinates>2.354393892243416,48.53537960740757,0</coordinates></Point></Placemark><Placemark><name>Longue Raie</name><description><![CDATA[<b>Territoire :</b> TàD 4301/4530<br/><b>Lignes :</b> TàD 4301<br/><b>Identifiant :</b> IDFM:11899]]></description><Point><coordinates>2.3543653626536494,48.53549640002402,0</coordinates></Point></Placemark><Placemark><name>Lotissement</name><description><![CDATA[<b>Territoire :</b> TàD Nangis / La-Chapelle-Rablais<br/><b>Lignes :</b> TàD<br/><b>Identifiant :</b> IDFM:424860]]></description><Point><coordinates>2.9223550831768996,48.55563793784833,0</coordinates></Point></Placemark><Placemark><name>Lotissement</name><description><![CDATA[<b>Territoire :</b> TàD Nangis / La-Chapelle-Rablais<br/><b>Lignes :</b> TàD<br/><b>Identifiant :</b> IDFM:9728]]></description><Point><coordinates>2.9226805493839874,48.555467234925956,0</coordinates></Point></Placemark><Placemark><name>Lotissement</name><description><![CDATA[<b>Territoire :</b> TàD 3209<br/><b>Lignes :</b> TàD 3209<br/><b>Identifiant :</b> IDFM:10020]]></description><Point><coordinates>3.3182657947683873,48.56714759461682,0</coordinates></Point></Placemark><Placemark><name>Lotissement</name><description><![CDATA[<b>Territoire :</b> TàD 4305<br/><b>Lignes :</b> TàD 4305<br/><b>Identifiant :</b> IDFM:35973]]></description><Point><coordinates>2.3233286545167116,48.54308733177421,0</coordinates></Point></Placemark><Placemark><name>Louis Blériot</name><description><![CDATA[<b>Territoire :</b> TàD Roissy Juilly<br/><b>Lignes :</b> TàD<br/><b>Identifiant :</b> IDFM:39062]]></description><Point><coordinates>2.6560883848372705,48.99494191747471,0</coordinates></Point></Placemark><Placemark><name>Louis Perrein</name><description><![CDATA[<b>Territoire :</b> TàD Roissy Villiers-le-Bel<br/><b>Lignes :</b> TàD<br/><b>Identifiant :</b> IDFM:37935]]></description><Point><coordinates>2.405991223648121,49.00152701991279,0</coordinates></Point></Placemark><Placemark><name>Louteville Pavillons</name><description><![CDATA[<b>Territoire :</b> TàD 4308<br/><b>Lignes :</b> TàD 4308<br/><b>Identifiant :</b> IDFM:9474]]></description><Point><coordinates>2.467266450935152,48.50911296755078,0</coordinates></Point></Placemark><Placemark><name>Louteville Pavillons</name><description><![CDATA[<b>Territoire :</b> TàD 4308<br/><b>Lignes :</b> TàD 4308<br/><b>Identifiant :</b> IDFM:9475]]></description><Point><coordinates>2.4666694869014303,48.509236234675015,0</coordinates></Point></Placemark><Placemark><name>Louvois</name><description><![CDATA[<b>Territoire :</b> TàD 6131<br/><b>Lignes :</b> TàD 6131<br/><b>Identifiant :</b> IDFM:38967]]></description><Point><coordinates>2.195521300989109,48.7803222538409,0</coordinates></Point></Placemark><Placemark><name>Lucie Aubrac</name><description><![CDATA[<b>Territoire :</b> TàD Goêle<br/><b>Lignes :</b> TàD<br/><b>Identifiant :</b> IDFM:481051]]></description><Point><coordinates>2.673204930911351,49.061079887788445,0</coordinates></Point></Placemark><Placemark><name>Lucien Clause</name><description><![CDATA[<b>Territoire :</b> TàD 4591<br/><b>Lignes :</b> TàD 4591<br/><b>Identifiant :</b> IDFM:9891]]></description><Point><coordinates>2.3002588089665665,48.605860985009336,0</coordinates></Point></Placemark><Placemark><name>Lycée</name><description><![CDATA[<b>Territoire :</b> TàD 4301/4530<br/><b>Lignes :</b> TàD 4301<br/><b>Identifiant :</b> IDFM:2742]]></description><Point><coordinates>2.313937141255278,48.60853128607405,0</coordinates></Point></Placemark><Placemark><name>Lycée</name><description><![CDATA[<b>Territoire :</b> TàD 4301/4530<br/><b>Lignes :</b> TàD 4301<br/><b>Identifiant :</b> IDFM:2743]]></description><Point><coordinates>2.3135689149463605,48.608682086815854,0</coordinates></Point></Placemark><Placemark><name>Lycée A. Denis</name><description><![CDATA[<b>Territoire :</b> TàD 4306<br/><b>Lignes :</b> TàD 4306<br/><b>Identifiant :</b> IDFM:11874]]></description><Point><coordinates>2.3337238957747486,48.484131356204735,0</coordinates></Point></Placemark><Placemark><name>Lycée A. Denis</name><description><![CDATA[<b>Territoire :</b> TàD 4306<br/><b>Lignes :</b> TàD 4306<br/><b>Identifiant :</b> IDFM:11875]]></description><Point><coordinates>2.331553318829844,48.48348941567504,0</coordinates></Point></Placemark><Placemark><name>Lycée Charles de Gaulle</name><description><![CDATA[<b>Territoire :</b> TàD Roissy Othis<br/><b>Lignes :</b> TàD<br/><b>Identifiant :</b> IDFM:38280]]></description><Point><coordinates>2.6669182614709253,49.04714357633433,0</coordinates></Point></Placemark><Placemark><name>Lycée Charles de Gaulle</name><description><![CDATA[<b>Territoire :</b> TàD Goêle<br/><b>Lignes :</b> TàD<br/><b>Identifiant :</b> IDFM:487088]]></description><Point><coordinates>2.6670002186541515,49.04716178694571,0</coordinates></Point></Placemark><Placemark><name>Lycée Jean Zay</name><description><![CDATA[<b>Territoire :</b> TàD Roissy Sud<br/><b>Lignes :</b> TàD<br/><b>Identifiant :</b> IDFM:18932]]></description><Point><coordinates>2.5088621556366295,48.93957557456266,0</coordinates></Point></Placemark><Placemark><name>Lycée Jean Zay</name><description><![CDATA[<b>Territoire :</b> TàD Roissy Sud<br/><b>Lignes :</b> TàD<br/><b>Identifiant :</b> IDFM:18999]]></description><Point><coordinates>2.509585453541287,48.939596521491524,0</coordinates></Point></Placemark><Placemark><name>Lycée Pissarro</name><description><![CDATA[<b>Territoire :</b> TàD Vexin Est<br/><b>Lignes :</b> TàD<br/><b>Identifiant :</b> IDFM:8626]]></description><Point><coordinates>2.0907165564424743,49.05811965314721,0</coordinates></Point></Placemark><Placemark><name>Lycée Pissarro</name><description><![CDATA[<b>Territoire :</b> TàD Vexin Est<br/><b>Lignes :</b> TàD<br/><b>Identifiant :</b> IDFM:8685]]></description><Point><coordinates>2.091337092560399,49.05706327780653,0</coordinates></Point></Placemark><Placemark><name>Lycée René Cassin</name><description><![CDATA[<b>Territoire :</b> TàD Roissy Sarcelles<br/><b>Lignes :</b> TàD<br/><b>Identifiant :</b> IDFM:28311]]></description><Point><coordinates>2.4333525529368254,48.982775464065924,0</coordinates></Point></Placemark><Placemark><name>Lycée René Cassin</name><description><![CDATA[<b>Territoire :</b> TàD Roissy Sarcelles<br/><b>Lignes :</b> TàD<br/><b>Identifiant :</b> IDFM:38005]]></description><Point><coordinates>2.4339682057944714,48.98269743887762,0</coordinates></Point></Placemark><Placemark><name>Lycée Saint Hilaire</name><description><![CDATA[<b>Territoire :</b> TàD 4342<br/><b>Lignes :</b> TàD 4342, TàD 4344<br/><b>Identifiant :</b> IDFM:11903]]></description><Point><coordinates>2.1498823997909295,48.43559903487928,0</coordinates></Point></Placemark><Placemark><name>Léon Blum</name><description><![CDATA[<b>Territoire :</b> TàD Roissy Sarcelles<br/><b>Lignes :</b> TàD<br/><b>Identifiant :</b> IDFM:38611]]></description><Point><coordinates>2.428474265069424,48.9816102874996,0</coordinates></Point></Placemark><Placemark><name>Léon Blum</name><description><![CDATA[<b>Territoire :</b> TàD Roissy Sarcelles<br/><b>Lignes :</b> TàD<br/><b>Identifiant :</b> IDFM:38017]]></description><Point><coordinates>2.42929423784359,48.98158721393673,0</coordinates></Point></Placemark><Placemark><name>Madeleine</name><description><![CDATA[<b>Territoire :</b> TàD Bassin Chellois<br/><b>Lignes :</b> TàD, TàD, TàD<br/><b>Identifiant :</b> IDFM:21244]]></description><Point><coordinates>2.6070954432694307,48.888696582529704,0</coordinates></Point></Placemark><Placemark><name>Madeleine</name><description><![CDATA[<b>Territoire :</b> TàD Bassin Chellois<br/><b>Lignes :</b> TàD, TàD, TàD<br/><b>Identifiant :</b> IDFM:21243]]></description><Point><coordinates>2.6067979399850163,48.88836286272697,0</coordinates></Point></Placemark><Placemark><name>Mairie</name><description><![CDATA[<b>Territoire :</b> TàD Bassin Chellois<br/><b>Lignes :</b> TàD, TàD, TàD<br/><b>Identifiant :</b> IDFM:493049]]></description><Point><coordinates>2.664845469683524,48.914798740908296,0</coordinates></Point></Placemark><Placemark><name>Mairie</name><description><![CDATA[<b>Territoire :</b> TàD Dimanche<br/><b>Lignes :</b> TàD, TàD<br/><b>Identifiant :</b> IDFM:16765]]></description><Point><coordinates>2.6884578792549916,48.94538361168966,0</coordinates></Point></Placemark><Placemark><name>Mairie</name><description><![CDATA[<b>Territoire :</b> TàD Bassin Chellois<br/><b>Lignes :</b> TàD, TàD, TàD<br/><b>Identifiant :</b> IDFM:16769]]></description><Point><coordinates>2.6646955018787484,48.91478033564773,0</coordinates></Point></Placemark><Placemark><name>Mairie</name><description><![CDATA[<b>Territoire :</b> TàD Bassin Chellois<br/><b>Lignes :</b> TàD, TàD, TàD<br/><b>Identifiant :</b> IDFM:16768]]></description><Point><coordinates>2.629710073486858,48.915010045525115,0</coordinates></Point></Placemark><Placemark><name>Mairie</name><description><![CDATA[<b>Territoire :</b> TàD Bassin Chellois<br/><b>Lignes :</b> TàD, TàD, TàD<br/><b>Identifiant :</b> IDFM:16762]]></description><Point><coordinates>2.6307312574593986,48.88262054549841,0</coordinates></Point></Placemark><Placemark><name>Mairie</name><description><![CDATA[<b>Territoire :</b> TàD Bassin Chellois<br/><b>Lignes :</b> TàD, TàD, TàD<br/><b>Identifiant :</b> IDFM:16761]]></description><Point><coordinates>2.6310312387760213,48.882621470347694,0</coordinates></Point></Placemark><Placemark><name>Mairie</name><description><![CDATA[<b>Territoire :</b> TàD Nangis / La-Chapelle-Rablais<br/><b>Lignes :</b> TàD<br/><b>Identifiant :</b> IDFM:425302]]></description><Point><coordinates>2.9156843892539235,48.55799921664967,0</coordinates></Point></Placemark><Placemark><name>Mairie</name><description><![CDATA[<b>Territoire :</b> TàD Nangis / Saint-Just<br/><b>Lignes :</b> TàD<br/><b>Identifiant :</b> IDFM:425318]]></description><Point><coordinates>3.11660822818706,48.61285233183144,0</coordinates></Point></Placemark><Placemark><name>Mairie</name><description><![CDATA[<b>Territoire :</b> TàD Roissy Saint-Pathus<br/><b>Lignes :</b> TàD<br/><b>Identifiant :</b> IDFM:415841]]></description><Point><coordinates>2.8014463975319126,49.06975827623527,0</coordinates></Point></Placemark><Placemark><name>Mairie</name><description><![CDATA[<b>Territoire :</b> TàD Eaubonne Domont<br/><b>Lignes :</b> TàD<br/><b>Identifiant :</b> IDFM:14234]]></description><Point><coordinates>2.3270799681203056,49.02740806452239,0</coordinates></Point></Placemark><Placemark><name>Mairie</name><description><![CDATA[<b>Territoire :</b> TàD Roissy Othis<br/><b>Lignes :</b> TàD, TàD<br/><b>Identifiant :</b> IDFM:37984]]></description><Point><coordinates>2.678120276744317,49.05393584278329,0</coordinates></Point></Placemark><Placemark><name>Mairie</name><description><![CDATA[<b>Territoire :</b> TàD Vexin Est<br/><b>Lignes :</b> TàD<br/><b>Identifiant :</b> IDFM:413571]]></description><Point><coordinates>1.8734134088447647,49.086699517653706,0</coordinates></Point></Placemark><Placemark><name>Mairie</name><description><![CDATA[<b>Territoire :</b> TàD Vexin Est<br/><b>Lignes :</b> TàD<br/><b>Identifiant :</b> IDFM:29648]]></description><Point><coordinates>1.9502995929424185,49.125943694388404,0</coordinates></Point></Placemark><Placemark><name>Mairie</name><description><![CDATA[<b>Territoire :</b> TàD Vexin Est<br/><b>Lignes :</b> TàD<br/><b>Identifiant :</b> IDFM:29600]]></description><Point><coordinates>2.095130340689991,49.095325685980725,0</coordinates></Point></Placemark><Placemark><name>Mairie</name><description><![CDATA[<b>Territoire :</b> TàD 4592<br/><b>Lignes :</b> TàD 4592<br/><b>Identifiant :</b> IDFM:11918]]></description><Point><coordinates>2.3301519493884415,48.662226328928746,0</coordinates></Point></Placemark><Placemark><name>Mairie</name><description><![CDATA[<b>Territoire :</b> TàD 4592<br/><b>Lignes :</b> TàD 4592<br/><b>Identifiant :</b> IDFM:11919]]></description><Point><coordinates>2.329661192051808,48.66237648592101,0</coordinates></Point></Placemark><Placemark><name>Mairie</name><description><![CDATA[<b>Territoire :</b> TàD Luzarches - Goussainville<br/><b>Lignes :</b> TàD<br/><b>Identifiant :</b> IDFM:38635]]></description><Point><coordinates>2.4300363002261354,49.120712046220696,0</coordinates></Point></Placemark><Placemark><name>Mairie</name><description><![CDATA[<b>Territoire :</b> TàD Nangis / Saint-Just<br/><b>Lignes :</b> TàD<br/><b>Identifiant :</b> IDFM:9713]]></description><Point><coordinates>3.1165940418607327,48.61257349732718,0</coordinates></Point></Placemark><Placemark><name>Mairie</name><description><![CDATA[<b>Territoire :</b> TàD Roissy Fosses<br/><b>Lignes :</b> TàD<br/><b>Identifiant :</b> IDFM:38784]]></description><Point><coordinates>2.5434317844610783,49.09754893045887,0</coordinates></Point></Placemark><Placemark><name>Mairie</name><description><![CDATA[<b>Territoire :</b> TàD 4301/4530<br/><b>Lignes :</b> TàD 4301<br/><b>Identifiant :</b> IDFM:477381]]></description><Point><coordinates>2.366623255612802,48.55128715634199,0</coordinates></Point></Placemark><Placemark><name>Mairie</name><description><![CDATA[<b>Territoire :</b> TàD Nangis / La-Chapelle-Rablais<br/><b>Lignes :</b> TàD<br/><b>Identifiant :</b> IDFM:9729]]></description><Point><coordinates>2.9154945419766394,48.558080041480785,0</coordinates></Point></Placemark><Placemark><name>Mairie</name><description><![CDATA[<b>Territoire :</b> TàD Vexin Est<br/><b>Lignes :</b> TàD<br/><b>Identifiant :</b> IDFM:2250]]></description><Point><coordinates>1.9089647204816358,49.13761587518784,0</coordinates></Point></Placemark><Placemark><name>Mairie</name><description><![CDATA[<b>Territoire :</b> TàD Roissy Saint-Pathus<br/><b>Lignes :</b> TàD<br/><b>Identifiant :</b> IDFM:38377]]></description><Point><coordinates>2.8014186149426545,49.06986612768112,0</coordinates></Point></Placemark><Placemark><name>Mairie</name><description><![CDATA[<b>Territoire :</b> TàD Roissy Saint-Pathus<br/><b>Lignes :</b> TàD<br/><b>Identifiant :</b> IDFM:38302]]></description><Point><coordinates>2.7704678576648694,49.05028137482701,0</coordinates></Point></Placemark><Placemark><name>Mairie</name><description><![CDATA[<b>Territoire :</b> TàD 3209<br/><b>Lignes :</b> TàD 3209<br/><b>Identifiant :</b> IDFM:10021]]></description><Point><coordinates>3.32293874408028,48.56664924462588,0</coordinates></Point></Placemark><Placemark><name>Mairie</name><description><![CDATA[<b>Territoire :</b> TàD 4301/4530<br/><b>Lignes :</b> TàD 4301<br/><b>Identifiant :</b> IDFM:411647]]></description><Point><coordinates>2.3264104844491085,48.5657833758686,0</coordinates></Point></Placemark><Placemark><name>Mairie</name><description><![CDATA[<b>Territoire :</b> TàD 4308<br/><b>Lignes :</b> TàD 4308, TàD 4318<br/><b>Identifiant :</b> IDFM:9512]]></description><Point><coordinates>2.4444111919863576,48.51565639232455,0</coordinates></Point></Placemark><Placemark><name>Mairie</name><description><![CDATA[<b>Territoire :</b> TàD 4306<br/><b>Lignes :</b> TàD 4306<br/><b>Identifiant :</b> IDFM:485645]]></description><Point><coordinates>2.348247927652961,48.481665976245466,0</coordinates></Point></Placemark><Placemark><name>Mairie</name><description><![CDATA[<b>Territoire :</b> TàD 4308<br/><b>Lignes :</b> TàD 4308, TàD 4318<br/><b>Identifiant :</b> IDFM:9498]]></description><Point><coordinates>2.4451628335765503,48.5150031934806,0</coordinates></Point></Placemark><Placemark><name>Mairie</name><description><![CDATA[<b>Territoire :</b> TàD Roissy Othis<br/><b>Lignes :</b> TàD, TàD<br/><b>Identifiant :</b> IDFM:38052]]></description><Point><coordinates>2.675283313060493,49.074419933673994,0</coordinates></Point></Placemark><Placemark><name>Mairie</name><description><![CDATA[<b>Territoire :</b> TàD Sud Meulan - Les Mureaux<br/><b>Lignes :</b> TàD<br/><b>Identifiant :</b> IDFM:32480]]></description><Point><coordinates>1.9338232423803439,48.96716323871631,0</coordinates></Point></Placemark><Placemark><name>Mairie</name><description><![CDATA[<b>Territoire :</b> TàD Nord Meulan - Les Mureaux<br/><b>Lignes :</b> TàD<br/><b>Identifiant :</b> IDFM:32588]]></description><Point><coordinates>1.8920991707102588,49.02398913832853,0</coordinates></Point></Placemark><Placemark><name>Mairie</name><description><![CDATA[<b>Territoire :</b> TàD Sud Meulan - Les Mureaux<br/><b>Lignes :</b> TàD<br/><b>Identifiant :</b> IDFM:32573]]></description><Point><coordinates>1.870102365777541,48.96469121893203,0</coordinates></Point></Placemark><Placemark><name>Mairie</name><description><![CDATA[<b>Territoire :</b> TàD Sud Meulan - Les Mureaux<br/><b>Lignes :</b> TàD<br/><b>Identifiant :</b> IDFM:32574]]></description><Point><coordinates>1.8701318268984575,48.96459257090291,0</coordinates></Point></Placemark><Placemark><name>Mairie</name><description><![CDATA[<b>Territoire :</b> TàD 4305<br/><b>Lignes :</b> TàD 4305<br/><b>Identifiant :</b> IDFM:480260]]></description><Point><coordinates>2.3601955357913136,48.49285936320734,0</coordinates></Point></Placemark><Placemark><name>Mairie</name><description><![CDATA[<b>Territoire :</b> TàD Luzarches - Goussainville<br/><b>Lignes :</b> TàD<br/><b>Identifiant :</b> IDFM:419485]]></description><Point><coordinates>2.389849182714729,49.07225490274034,0</coordinates></Point></Placemark><Placemark><name>Mairie</name><description><![CDATA[<b>Territoire :</b> TàD Roissy Fosses<br/><b>Lignes :</b> TàD<br/><b>Identifiant :</b> IDFM:419495]]></description><Point><coordinates>2.543293281112435,49.097728230977516,0</coordinates></Point></Placemark><Placemark><name>Mairie</name><description><![CDATA[<b>Territoire :</b> TàD Vexin Est<br/><b>Lignes :</b> TàD<br/><b>Identifiant :</b> IDFM:29559]]></description><Point><coordinates>1.9668101037121775,49.101363655648825,0</coordinates></Point></Placemark><Placemark><name>Mairie</name><description><![CDATA[<b>Territoire :</b> TàD Vexin Est<br/><b>Lignes :</b> TàD<br/><b>Identifiant :</b> IDFM:29555]]></description><Point><coordinates>2.065280546588087,49.124194473994486,0</coordinates></Point></Placemark><Placemark><name>Mairie</name><description><![CDATA[<b>Territoire :</b> TàD 4305<br/><b>Lignes :</b> TàD 4305<br/><b>Identifiant :</b> IDFM:485653]]></description><Point><coordinates>2.36056018500943,48.49292430038563,0</coordinates></Point></Placemark><Placemark><name>Mairie</name><description><![CDATA[<b>Territoire :</b> TàD 4595<br/><b>Lignes :</b> TàD 4595<br/><b>Identifiant :</b> IDFM:3176]]></description><Point><coordinates>2.2924642103062336,48.64265098158697,0</coordinates></Point></Placemark><Placemark><name>Mairie</name><description><![CDATA[<b>Territoire :</b> TàD Sud Meulan - Les Mureaux<br/><b>Lignes :</b> TàD<br/><b>Identifiant :</b> IDFM:13616]]></description><Point><coordinates>1.93387270559205,48.96741548566981,0</coordinates></Point></Placemark><Placemark><name>Mairie</name><description><![CDATA[<b>Territoire :</b> TàD Nord Meulan - Les Mureaux<br/><b>Lignes :</b> TàD<br/><b>Identifiant :</b> IDFM:32904]]></description><Point><coordinates>1.9199382779289547,49.02405395820583,0</coordinates></Point></Placemark><Placemark><name>Mairie</name><description><![CDATA[<b>Territoire :</b> TàD Roissy Fosses<br/><b>Lignes :</b> TàD<br/><b>Identifiant :</b> IDFM:414483]]></description><Point><coordinates>2.499277563932171,49.078715936683025,0</coordinates></Point></Placemark><Placemark><name>Mairie</name><description><![CDATA[<b>Territoire :</b> TàD Vexin Est<br/><b>Lignes :</b> TàD<br/><b>Identifiant :</b> IDFM:29594]]></description><Point><coordinates>2.150174792471337,49.14790489728478,0</coordinates></Point></Placemark><Placemark><name>Mairie</name><description><![CDATA[<b>Territoire :</b> TàD Vexin Est<br/><b>Lignes :</b> TàD<br/><b>Identifiant :</b> IDFM:29597]]></description><Point><coordinates>2.14392196416238,49.135632403384335,0</coordinates></Point></Placemark><Placemark><name>Mairie</name><description><![CDATA[<b>Territoire :</b> TàD ZI Poincy<br/><b>Lignes :</b> TàD<br/><b>Identifiant :</b> IDFM:4950]]></description><Point><coordinates>2.934686264466788,48.968719199040926,0</coordinates></Point></Placemark><Placemark><name>Mairie</name><description><![CDATA[<b>Territoire :</b> TàD ZI Poincy<br/><b>Lignes :</b> TàD<br/><b>Identifiant :</b> IDFM:4951]]></description><Point><coordinates>2.9345771796038256,48.96857526299838,0</coordinates></Point></Placemark><Placemark><name>Mairie</name><description><![CDATA[<b>Territoire :</b> TàD 4306<br/><b>Lignes :</b> TàD 4306, TàD 4344<br/><b>Identifiant :</b> IDFM:7409]]></description><Point><coordinates>2.3252503628600576,48.45692323064382,0</coordinates></Point></Placemark><Placemark><name>Mairie</name><description><![CDATA[<b>Territoire :</b> TàD Roissy Saint-Pathus<br/><b>Lignes :</b> TàD<br/><b>Identifiant :</b> IDFM:423783]]></description><Point><coordinates>2.7715769778318005,49.050040714969235,0</coordinates></Point></Placemark><Placemark><name>Mairie</name><description><![CDATA[<b>Territoire :</b> TàD 4306<br/><b>Lignes :</b> TàD 4306, TàD 4344<br/><b>Identifiant :</b> IDFM:7391]]></description><Point><coordinates>2.325344457491436,48.45696874817357,0</coordinates></Point></Placemark><Placemark><name>Mairie</name><description><![CDATA[<b>Territoire :</b> TàD 4305<br/><b>Lignes :</b> TàD 4305, TàD 4344<br/><b>Identifiant :</b> IDFM:7387]]></description><Point><coordinates>2.3538097670340337,48.43767648801004,0</coordinates></Point></Placemark><Placemark><name>Mairie</name><description><![CDATA[<b>Territoire :</b> TàD 4305<br/><b>Lignes :</b> TàD 4305, TàD 4344<br/><b>Identifiant :</b> IDFM:7386]]></description><Point><coordinates>2.353929342699609,48.4378480755035,0</coordinates></Point></Placemark><Placemark><name>Mairie</name><description><![CDATA[<b>Territoire :</b> TàD 4342<br/><b>Lignes :</b> TàD 4342, TàD 4343<br/><b>Identifiant :</b> IDFM:7365]]></description><Point><coordinates>2.3775109411909563,48.35668705712025,0</coordinates></Point></Placemark><Placemark><name>Mairie</name><description><![CDATA[<b>Territoire :</b> TàD 4342<br/><b>Lignes :</b> TàD 4342, TàD 4343<br/><b>Identifiant :</b> IDFM:7364]]></description><Point><coordinates>2.3774710829173142,48.356632864596406,0</coordinates></Point></Placemark><Placemark><name>Mairie</name><description><![CDATA[<b>Territoire :</b> TàD 4342<br/><b>Lignes :</b> TàD 4342<br/><b>Identifiant :</b> IDFM:7369]]></description><Point><coordinates>2.2640933544746065,48.40629481659434,0</coordinates></Point></Placemark><Placemark><name>Mairie</name><description><![CDATA[<b>Territoire :</b> TàD 4342<br/><b>Lignes :</b> TàD 4342<br/><b>Identifiant :</b> IDFM:7368]]></description><Point><coordinates>2.2639581133943323,48.40630297425342,0</coordinates></Point></Placemark><Placemark><name>Mairie</name><description><![CDATA[<b>Territoire :</b> TàD Eaubonne Domont<br/><b>Lignes :</b> TàD<br/><b>Identifiant :</b> IDFM:427867]]></description><Point><coordinates>2.327408265868608,49.02802605212393,0</coordinates></Point></Placemark><Placemark><name>Mairie</name><description><![CDATA[<b>Territoire :</b> TàD Roissy Othis<br/><b>Lignes :</b> TàD, TàD<br/><b>Identifiant :</b> IDFM:423581]]></description><Point><coordinates>2.6752531831225292,49.074860433384735,0</coordinates></Point></Placemark><Placemark><name>Mairie</name><description><![CDATA[<b>Territoire :</b> TàD Eaubonne Domont<br/><b>Lignes :</b> TàD<br/><b>Identifiant :</b> IDFM:13255]]></description><Point><coordinates>2.2847725205138554,49.008698146786756,0</coordinates></Point></Placemark><Placemark><name>Mairie</name><description><![CDATA[<b>Territoire :</b> TàD 4342<br/><b>Lignes :</b> TàD 4342, TàD 4343<br/><b>Identifiant :</b> IDFM:7296]]></description><Point><coordinates>2.3781279120133876,48.41757283983783,0</coordinates></Point></Placemark><Placemark><name>Mairie</name><description><![CDATA[<b>Territoire :</b> TàD 4342<br/><b>Lignes :</b> TàD 4342<br/><b>Identifiant :</b> IDFM:7297]]></description><Point><coordinates>2.3779225315167296,48.41779668216854,0</coordinates></Point></Placemark><Placemark><name>Mairie</name><description><![CDATA[<b>Territoire :</b> TàD 4342<br/><b>Lignes :</b> TàD 4342, TàD 4343<br/><b>Identifiant :</b> IDFM:7284]]></description><Point><coordinates>2.388364238481163,48.36021648858592,0</coordinates></Point></Placemark><Placemark><name>Mairie</name><description><![CDATA[<b>Territoire :</b> TàD 4342<br/><b>Lignes :</b> TàD 4342, TàD 4343<br/><b>Identifiant :</b> IDFM:7285]]></description><Point><coordinates>2.388091835028489,48.360422016511336,0</coordinates></Point></Placemark><Placemark><name>Mairie</name><description><![CDATA[<b>Territoire :</b> TàD 4342<br/><b>Lignes :</b> TàD 4342<br/><b>Identifiant :</b> IDFM:7286]]></description><Point><coordinates>2.3196484393715155,48.342243170009354,0</coordinates></Point></Placemark><Placemark><name>Mairie</name><description><![CDATA[<b>Territoire :</b> TàD 4342<br/><b>Lignes :</b> TàD 4342<br/><b>Identifiant :</b> IDFM:7287]]></description><Point><coordinates>2.319717077833401,48.342153590925506,0</coordinates></Point></Placemark><Placemark><name>Mairie</name><description><![CDATA[<b>Territoire :</b> TàD 4595<br/><b>Lignes :</b> TàD 4595<br/><b>Identifiant :</b> IDFM:10174]]></description><Point><coordinates>2.2924245871971842,48.64256978914698,0</coordinates></Point></Placemark><Placemark><name>Mairie</name><description><![CDATA[<b>Territoire :</b> TàD Roissy Fosses<br/><b>Lignes :</b> TàD<br/><b>Identifiant :</b> IDFM:423611]]></description><Point><coordinates>2.4990712180102346,49.078822975165664,0</coordinates></Point></Placemark><Placemark><name>Mairie</name><description><![CDATA[<b>Territoire :</b> TàD Vexin Est<br/><b>Lignes :</b> TàD<br/><b>Identifiant :</b> IDFM:29711]]></description><Point><coordinates>2.171125132969125,49.154308861886626,0</coordinates></Point></Placemark><Placemark><name>Mairie</name><description><![CDATA[<b>Territoire :</b> TàD Vexin Est<br/><b>Lignes :</b> TàD<br/><b>Identifiant :</b> IDFM:29714]]></description><Point><coordinates>2.171256936997458,49.12808219497855,0</coordinates></Point></Placemark><Placemark><name>Mairie</name><description><![CDATA[<b>Territoire :</b> TàD Bassin Chellois<br/><b>Lignes :</b> TàD, TàD, TàD<br/><b>Identifiant :</b> IDFM:19061]]></description><Point><coordinates>2.591018507331081,48.878075843580696,0</coordinates></Point></Placemark><Placemark><name>Mairie</name><description><![CDATA[<b>Territoire :</b> TàD Vexin Est<br/><b>Lignes :</b> TàD<br/><b>Identifiant :</b> IDFM:29721]]></description><Point><coordinates>2.1900973330681293,49.096425476987356,0</coordinates></Point></Placemark><Placemark><name>Mairie - Tarron</name><description><![CDATA[<b>Territoire :</b> TàD 6131<br/><b>Lignes :</b> TàD 6131<br/><b>Identifiant :</b> IDFM:20380]]></description><Point><coordinates>2.1903989318690633,48.78196958476922,0</coordinates></Point></Placemark><Placemark><name>Mairie - Église</name><description><![CDATA[<b>Territoire :</b> TàD Vexin Est<br/><b>Lignes :</b> TàD<br/><b>Identifiant :</b> IDFM:29513]]></description><Point><coordinates>2.111274067427276,49.1400442622945,0</coordinates></Point></Placemark><Placemark><name>Mairie / Le Christ</name><description><![CDATA[<b>Territoire :</b> TàD Vexin Est<br/><b>Lignes :</b> TàD<br/><b>Identifiant :</b> IDFM:422961]]></description><Point><coordinates>2.0465204937910872,49.17358074465976,0</coordinates></Point></Placemark><Placemark><name>Mairie / Les Noues</name><description><![CDATA[<b>Territoire :</b> TàD Roissy Goussainville<br/><b>Lignes :</b> TàD<br/><b>Identifiant :</b> IDFM:477082]]></description><Point><coordinates>2.4739069645028193,49.03223715986987,0</coordinates></Point></Placemark><Placemark><name>Mairie / Les Noues</name><description><![CDATA[<b>Territoire :</b> TàD Roissy Goussainville<br/><b>Lignes :</b> TàD<br/><b>Identifiant :</b> IDFM:38013]]></description><Point><coordinates>2.4742097190164385,49.03204965503787,0</coordinates></Point></Placemark><Placemark><name>Mairie Annexe</name><description><![CDATA[<b>Territoire :</b> TàD Roissy Sarcelles<br/><b>Lignes :</b> TàD<br/><b>Identifiant :</b> IDFM:22523]]></description><Point><coordinates>2.4229388890623884,48.97935366729131,0</coordinates></Point></Placemark><Placemark><name>Mairie Annexe</name><description><![CDATA[<b>Territoire :</b> TàD Roissy Sarcelles<br/><b>Lignes :</b> TàD<br/><b>Identifiant :</b> IDFM:20533]]></description><Point><coordinates>2.4250293040178597,48.98056869018957,0</coordinates></Point></Placemark><Placemark><name>Mairie Annexe</name><description><![CDATA[<b>Territoire :</b> TàD 6131<br/><b>Lignes :</b> TàD 6131<br/><b>Identifiant :</b> IDFM:12754]]></description><Point><coordinates>2.194290590623773,48.79744794820538,0</coordinates></Point></Placemark><Placemark><name>Mairie Annexe de Puiseux-en-France</name><description><![CDATA[<b>Territoire :</b> TàD Luzarches - Goussainville<br/><b>Lignes :</b> TàD<br/><b>Identifiant :</b> IDFM:495742]]></description><Point><coordinates>2.5008765989258674,49.057628267320894,0</coordinates></Point></Placemark><Placemark><name>Mairie d&apos;Hardricourt</name><description><![CDATA[<b>Territoire :</b> TàD Nord Meulan - Les Mureaux<br/><b>Lignes :</b> TàD<br/><b>Identifiant :</b> IDFM:32982]]></description><Point><coordinates>1.894315043534865,49.007903525644636,0</coordinates></Point></Placemark><Placemark><name>Mairie de Compans</name><description><![CDATA[<b>Territoire :</b> TàD Roissy Juilly<br/><b>Lignes :</b> TàD<br/><b>Identifiant :</b> IDFM:40641]]></description><Point><coordinates>2.6631774478374495,48.9938559910671,0</coordinates></Point></Placemark><Placemark><name>Mairie de Compans</name><description><![CDATA[<b>Territoire :</b> TàD Roissy Juilly<br/><b>Lignes :</b> TàD<br/><b>Identifiant :</b> IDFM:40564]]></description><Point><coordinates>2.663747659302729,48.99390255103826,0</coordinates></Point></Placemark><Placemark><name>Mairie de Gonesse</name><description><![CDATA[<b>Territoire :</b> TàD Roissy Sarcelles<br/><b>Lignes :</b> TàD<br/><b>Identifiant :</b> IDFM:14612]]></description><Point><coordinates>2.449872348802311,48.98644930231309,0</coordinates></Point></Placemark><Placemark><name>Mairie de Gonesse</name><description><![CDATA[<b>Territoire :</b> TàD Roissy Sarcelles<br/><b>Lignes :</b> TàD<br/><b>Identifiant :</b> IDFM:14611]]></description><Point><coordinates>2.450144553723976,48.98654946601064,0</coordinates></Point></Placemark><Placemark><name>Mairie de Juilly</name><description><![CDATA[<b>Territoire :</b> TàD Goêle<br/><b>Lignes :</b> TàD<br/><b>Identifiant :</b> IDFM:38262]]></description><Point><coordinates>2.705578157598302,49.0152516794303,0</coordinates></Point></Placemark><Placemark><name>Mairie de Juilly</name><description><![CDATA[<b>Territoire :</b> TàD Goêle<br/><b>Lignes :</b> TàD, TàD<br/><b>Identifiant :</b> IDFM:39066]]></description><Point><coordinates>2.705714963360699,49.01523403097427,0</coordinates></Point></Placemark><Placemark><name>Mairie de Mitry-Mory</name><description><![CDATA[<b>Territoire :</b> TàD Roissy Sud<br/><b>Lignes :</b> TàD<br/><b>Identifiant :</b> IDFM:39115]]></description><Point><coordinates>2.6191891103075364,48.98416572768874,0</coordinates></Point></Placemark><Placemark><name>Mairie de Vélizy</name><description><![CDATA[<b>Territoire :</b> TàD 6131<br/><b>Lignes :</b> TàD 6131<br/><b>Identifiant :</b> IDFM:2160]]></description><Point><coordinates>2.1911890089415604,48.780607804720525,0</coordinates></Point></Placemark><Placemark><name>Mairie Le Thillay</name><description><![CDATA[<b>Territoire :</b> TàD Roissy Sarcelles<br/><b>Lignes :</b> TàD<br/><b>Identifiant :</b> IDFM:497121]]></description><Point><coordinates>2.4715417812223848,49.00261588532638,0</coordinates></Point></Placemark><Placemark><name>Mairie Le Thillay</name><description><![CDATA[<b>Territoire :</b> TàD Roissy Sarcelles<br/><b>Lignes :</b> TàD<br/><b>Identifiant :</b> IDFM:38796]]></description><Point><coordinates>2.4708870545633492,49.002487109829666,0</coordinates></Point></Placemark><Placemark><name>Maison de Retraite</name><description><![CDATA[<b>Territoire :</b> TàD Roissy Sud<br/><b>Lignes :</b> TàD<br/><b>Identifiant :</b> IDFM:38127]]></description><Point><coordinates>2.5663569692284014,48.95297153693368,0</coordinates></Point></Placemark><Placemark><name>Maison de Retraite</name><description><![CDATA[<b>Territoire :</b> TàD Roissy Sud<br/><b>Lignes :</b> TàD<br/><b>Identifiant :</b> IDFM:39231]]></description><Point><coordinates>2.5661382066902148,48.95300671570898,0</coordinates></Point></Placemark><Placemark><name>Maison petite enfance</name><description><![CDATA[<b>Territoire :</b> TàD Bassin Chellois<br/><b>Lignes :</b> TàD, TàD, TàD<br/><b>Identifiant :</b> IDFM:462609]]></description><Point><coordinates>2.570271857938225,48.87412710691659,0</coordinates></Point></Placemark><Placemark><name>Maison petite enfance</name><description><![CDATA[<b>Territoire :</b> TàD Bassin Chellois<br/><b>Lignes :</b> TàD, TàD, TàD<br/><b>Identifiant :</b> IDFM:462612]]></description><Point><coordinates>2.5704217493867545,48.874136638114486,0</coordinates></Point></Placemark><Placemark><name>Maison Rouge</name><description><![CDATA[<b>Territoire :</b> TàD 4592<br/><b>Lignes :</b> TàD 4592<br/><b>Identifiant :</b> IDFM:23080]]></description><Point><coordinates>2.296151820747136,48.653071267587336,0</coordinates></Point></Placemark><Placemark><name>Maison Rouge</name><description><![CDATA[<b>Territoire :</b> TàD 4342<br/><b>Lignes :</b> TàD 4342<br/><b>Identifiant :</b> IDFM:37105]]></description><Point><coordinates>2.3006735275972603,48.40212566413158,0</coordinates></Point></Placemark><Placemark><name>Maison Rouge</name><description><![CDATA[<b>Territoire :</b> TàD 4342<br/><b>Lignes :</b> TàD 4342<br/><b>Identifiant :</b> IDFM:7384]]></description><Point><coordinates>2.300608129150714,48.40196333333297,0</coordinates></Point></Placemark><Placemark><name>Maisonneuve</name><description><![CDATA[<b>Territoire :</b> TàD Roissy Saint-Pathus<br/><b>Lignes :</b> TàD<br/><b>Identifiant :</b> IDFM:424499]]></description><Point><coordinates>2.7972380661157437,49.07156752061648,0</coordinates></Point></Placemark><Placemark><name>Maisonneuve</name><description><![CDATA[<b>Territoire :</b> TàD Roissy Saint-Pathus<br/><b>Lignes :</b> TàD<br/><b>Identifiant :</b> IDFM:423852]]></description><Point><coordinates>2.7970458742875617,49.07172005054639,0</coordinates></Point></Placemark><Placemark><name>Malcolm X</name><description><![CDATA[<b>Territoire :</b> TàD Roissy Goussainville<br/><b>Lignes :</b> TàD<br/><b>Identifiant :</b> IDFM:37988]]></description><Point><coordinates>2.461120773903502,49.038807511638026,0</coordinates></Point></Placemark><Placemark><name>Marais</name><description><![CDATA[<b>Territoire :</b> TàD 3209<br/><b>Lignes :</b> TàD 3209<br/><b>Identifiant :</b> IDFM:10032]]></description><Point><coordinates>3.2975360040994306,48.55888937508206,0</coordinates></Point></Placemark><Placemark><name>Marcel Cerdan</name><description><![CDATA[<b>Territoire :</b> TàD Roissy Goussainville<br/><b>Lignes :</b> TàD<br/><b>Identifiant :</b> IDFM:37968]]></description><Point><coordinates>2.4595750345295784,49.02306462867048,0</coordinates></Point></Placemark><Placemark><name>Marcel Charon</name><description><![CDATA[<b>Territoire :</b> TàD 4301/4530<br/><b>Lignes :</b> TàD 4301<br/><b>Identifiant :</b> IDFM:411539]]></description><Point><coordinates>2.3675603694958913,48.55447666569901,0</coordinates></Point></Placemark><Placemark><name>Marcel Sembat</name><description><![CDATA[<b>Territoire :</b> TàD 6131<br/><b>Lignes :</b> TàD 6131<br/><b>Identifiant :</b> IDFM:12737]]></description><Point><coordinates>2.1791045103683815,48.78746896772075,0</coordinates></Point></Placemark><Placemark><name>Marcel Sembat</name><description><![CDATA[<b>Territoire :</b> TàD 6131<br/><b>Lignes :</b> TàD 6131<br/><b>Identifiant :</b> IDFM:12738]]></description><Point><coordinates>2.1792713311746708,48.78742064525605,0</coordinates></Point></Placemark><Placemark><name>Marchais</name><description><![CDATA[<b>Territoire :</b> TàD 4344<br/><b>Lignes :</b> TàD 4344<br/><b>Identifiant :</b> IDFM:7390]]></description><Point><coordinates>2.3908362382002473,48.44756165915946,0</coordinates></Point></Placemark><Placemark><name>Marché</name><description><![CDATA[<b>Territoire :</b> TàD 2429<br/><b>Lignes :</b> TàD 2429<br/><b>Identifiant :</b> IDFM:477703]]></description><Point><coordinates>3.1251492642600196,48.94548930124395,0</coordinates></Point></Placemark><Placemark><name>Marché</name><description><![CDATA[<b>Territoire :</b> TàD 2429<br/><b>Lignes :</b> TàD 2429<br/><b>Identifiant :</b> IDFM:11161]]></description><Point><coordinates>3.125285893842618,48.945534120974315,0</coordinates></Point></Placemark><Placemark><name>Marché</name><description><![CDATA[<b>Territoire :</b> TàD 4343<br/><b>Lignes :</b> TàD 4343<br/><b>Identifiant :</b> IDFM:9252]]></description><Point><coordinates>2.377669457737365,48.39122762826226,0</coordinates></Point></Placemark><Placemark><name>Marché</name><description><![CDATA[<b>Territoire :</b> TàD 4343<br/><b>Lignes :</b> TàD 4343<br/><b>Identifiant :</b> IDFM:9251]]></description><Point><coordinates>2.3776145747301953,48.39129931575638,0</coordinates></Point></Placemark><Placemark><name>Marché de Goussainville / Stade Maurice Baquet</name><description><![CDATA[<b>Territoire :</b> TàD Roissy Goussainville<br/><b>Lignes :</b> TàD<br/><b>Identifiant :</b> IDFM:38567]]></description><Point><coordinates>2.4614203590682298,49.028387197000214,0</coordinates></Point></Placemark><Placemark><name>Marché de Goussainville / Stade Maurice Baquet</name><description><![CDATA[<b>Territoire :</b> TàD Roissy Goussainville<br/><b>Lignes :</b> TàD<br/><b>Identifiant :</b> IDFM:490640]]></description><Point><coordinates>2.4616047357135926,49.02774959273148,0</coordinates></Point></Placemark><Placemark><name>Margicourt</name><description><![CDATA[<b>Territoire :</b> TàD Vexin Est<br/><b>Lignes :</b> TàD<br/><b>Identifiant :</b> IDFM:29609]]></description><Point><coordinates>2.108253803995219,49.1785671946134,0</coordinates></Point></Placemark><Placemark><name>Marguilliers</name><description><![CDATA[<b>Territoire :</b> TàD Roissy Sarcelles<br/><b>Lignes :</b> TàD, TàD, TàD<br/><b>Identifiant :</b> IDFM:419500]]></description><Point><coordinates>2.523934598756391,48.99455333807,0</coordinates></Point></Placemark><Placemark><name>Marguilliers</name><description><![CDATA[<b>Territoire :</b> TàD Roissy Sarcelles<br/><b>Lignes :</b> TàD, TàD, TàD<br/><b>Identifiant :</b> IDFM:419499]]></description><Point><coordinates>2.5235921546253826,48.99464190126679,0</coordinates></Point></Placemark><Placemark><name>Marie Curie</name><description><![CDATA[<b>Territoire :</b> TàD 4344<br/><b>Lignes :</b> TàD 4344<br/><b>Identifiant :</b> IDFM:3041]]></description><Point><coordinates>2.1588921043633893,48.431056832365364,0</coordinates></Point></Placemark><Placemark><name>Marie Feuchère</name><description><![CDATA[<b>Territoire :</b> TàD Roissy Fosses<br/><b>Lignes :</b> TàD<br/><b>Identifiant :</b> IDFM:423528]]></description><Point><coordinates>2.509456461743679,49.045911389670486,0</coordinates></Point></Placemark><Placemark><name>Marie Feuchère</name><description><![CDATA[<b>Territoire :</b> TàD Roissy Fosses<br/><b>Lignes :</b> TàD<br/><b>Identifiant :</b> IDFM:423837]]></description><Point><coordinates>2.5092240157953243,49.045901448393415,0</coordinates></Point></Placemark><Placemark><name>Marolles en Beauce</name><description><![CDATA[<b>Territoire :</b> TàD 4342<br/><b>Lignes :</b> TàD 4342<br/><b>Identifiant :</b> IDFM:7327]]></description><Point><coordinates>2.203667142553897,48.37578205850834,0</coordinates></Point></Placemark><Placemark><name>Marolles en Beauce</name><description><![CDATA[<b>Territoire :</b> TàD 4342<br/><b>Lignes :</b> TàD 4342<br/><b>Identifiant :</b> IDFM:7326]]></description><Point><coordinates>2.203869423891736,48.375801411928336,0</coordinates></Point></Placemark><Placemark><name>Marquants / Croix boissée</name><description><![CDATA[<b>Territoire :</b> TàD 4301/4530<br/><b>Lignes :</b> TàD 4301<br/><b>Identifiant :</b> IDFM:411530]]></description><Point><coordinates>2.3587470444083434,48.572636889033774,0</coordinates></Point></Placemark><Placemark><name>Marronniers</name><description><![CDATA[<b>Territoire :</b> TàD Roissy Sud<br/><b>Lignes :</b> TàD<br/><b>Identifiant :</b> IDFM:38130]]></description><Point><coordinates>2.5788280859980093,48.95913090599747,0</coordinates></Point></Placemark><Placemark><name>Martyrs de Châteaubriant</name><description><![CDATA[<b>Territoire :</b> TàD Roissy Sud<br/><b>Lignes :</b> TàD<br/><b>Identifiant :</b> IDFM:21217]]></description><Point><coordinates>2.601874872861535,48.959704226379266,0</coordinates></Point></Placemark><Placemark><name>Maréchal Foch</name><description><![CDATA[<b>Territoire :</b> TàD Roissy Villiers-le-Bel<br/><b>Lignes :</b> TàD<br/><b>Identifiant :</b> IDFM:423565]]></description><Point><coordinates>2.419475737745508,49.00075672551219,0</coordinates></Point></Placemark><Placemark><name>Mascadées</name><description><![CDATA[<b>Territoire :</b> TàD 4592<br/><b>Lignes :</b> TàD 4592<br/><b>Identifiant :</b> IDFM:41667]]></description><Point><coordinates>2.2910978221451006,48.65133222953893,0</coordinates></Point></Placemark><Placemark><name>Maternelle - Primaire</name><description><![CDATA[<b>Territoire :</b> TàD 2429<br/><b>Lignes :</b> TàD 2429<br/><b>Identifiant :</b> IDFM:6595]]></description><Point><coordinates>3.233426962854767,48.84864450366119,0</coordinates></Point></Placemark><Placemark><name>Matisse Delacroix</name><description><![CDATA[<b>Territoire :</b> TàD Roissy Sud<br/><b>Lignes :</b> TàD<br/><b>Identifiant :</b> IDFM:19435]]></description><Point><coordinates>2.4991024724255113,48.95368062445734,0</coordinates></Point></Placemark><Placemark><name>Matisse Delacroix</name><description><![CDATA[<b>Territoire :</b> TàD Roissy Sud<br/><b>Lignes :</b> TàD<br/><b>Identifiant :</b> IDFM:39015]]></description><Point><coordinates>2.4988879074578425,48.953275061224595,0</coordinates></Point></Placemark><Placemark><name>Maximilien Michelin</name><description><![CDATA[<b>Territoire :</b> TàD 3209<br/><b>Lignes :</b> TàD 3209<br/><b>Identifiant :</b> IDFM:18214]]></description><Point><coordinates>3.2932933269401894,48.558702009249565,0</coordinates></Point></Placemark><Placemark><name>Mercier</name><description><![CDATA[<b>Territoire :</b> TàD Roissy Juilly<br/><b>Lignes :</b> TàD<br/><b>Identifiant :</b> IDFM:39057]]></description><Point><coordinates>2.6481572477719317,48.98966749577037,0</coordinates></Point></Placemark><Placemark><name>Mercier</name><description><![CDATA[<b>Territoire :</b> TàD Roissy Juilly<br/><b>Lignes :</b> TàD<br/><b>Identifiant :</b> IDFM:39058]]></description><Point><coordinates>2.6479242352336527,48.98977471859961,0</coordinates></Point></Placemark><Placemark><name>Merisiers</name><description><![CDATA[<b>Territoire :</b> TàD Roissy Sud<br/><b>Lignes :</b> TàD<br/><b>Identifiant :</b> IDFM:41651]]></description><Point><coordinates>2.562722234206935,48.953291060008844,0</coordinates></Point></Placemark><Placemark><name>Merisiers</name><description><![CDATA[<b>Territoire :</b> TàD Roissy Sud<br/><b>Lignes :</b> TàD<br/><b>Identifiant :</b> IDFM:41650]]></description><Point><coordinates>2.5624983234980054,48.95393770661838,0</coordinates></Point></Placemark><Placemark><name>Mesnil-Girault</name><description><![CDATA[<b>Territoire :</b> TàD 4342<br/><b>Lignes :</b> TàD 4342<br/><b>Identifiant :</b> IDFM:480273]]></description><Point><coordinates>2.2010299022066304,48.38936806042819,0</coordinates></Point></Placemark><Placemark><name>Mesnil-Girault</name><description><![CDATA[<b>Territoire :</b> TàD 4342<br/><b>Lignes :</b> TàD 4342<br/><b>Identifiant :</b> IDFM:480276]]></description><Point><coordinates>2.201125271570817,48.38931472026334,0</coordinates></Point></Placemark><Placemark><name>Mespuits</name><description><![CDATA[<b>Territoire :</b> TàD 4342<br/><b>Lignes :</b> TàD 4342<br/><b>Identifiant :</b> IDFM:7330]]></description><Point><coordinates>2.271698264520399,48.35576894253516,0</coordinates></Point></Placemark><Placemark><name>Mespuits</name><description><![CDATA[<b>Territoire :</b> TàD 4342<br/><b>Lignes :</b> TàD 4342<br/><b>Identifiant :</b> IDFM:7331]]></description><Point><coordinates>2.2719081423388907,48.356211099768814,0</coordinates></Point></Placemark><Placemark><name>Messelan</name><description><![CDATA[<b>Territoire :</b> TàD Vexin Est<br/><b>Lignes :</b> TàD<br/><b>Identifiant :</b> IDFM:29592]]></description><Point><coordinates>2.1396101825150926,49.160930028689705,0</coordinates></Point></Placemark><Placemark><name>Michel Lefèvre</name><description><![CDATA[<b>Territoire :</b> TàD Bassin Chellois<br/><b>Lignes :</b> TàD, TàD, TàD<br/><b>Identifiant :</b> IDFM:16775]]></description><Point><coordinates>2.5948494716751993,48.90967236802761,0</coordinates></Point></Placemark><Placemark><name>Mollières</name><description><![CDATA[<b>Territoire :</b> TàD 4592<br/><b>Lignes :</b> TàD 4592<br/><b>Identifiant :</b> IDFM:23083]]></description><Point><coordinates>2.292520973780435,48.65953526097337,0</coordinates></Point></Placemark><Placemark><name>Monnet</name><description><![CDATA[<b>Territoire :</b> TàD Roissy Sud<br/><b>Lignes :</b> TàD<br/><b>Identifiant :</b> IDFM:38173]]></description><Point><coordinates>2.547522907457124,48.9645022819864,0</coordinates></Point></Placemark><Placemark><name>Montaquoy</name><description><![CDATA[<b>Territoire :</b> TàD 4306<br/><b>Lignes :</b> TàD 4306<br/><b>Identifiant :</b> IDFM:415583]]></description><Point><coordinates>2.3254356357610955,48.471984415938486,0</coordinates></Point></Placemark><Placemark><name>Montaquoy</name><description><![CDATA[<b>Territoire :</b> TàD 4306<br/><b>Lignes :</b> TàD 4306<br/><b>Identifiant :</b> IDFM:415586]]></description><Point><coordinates>2.3256629631239454,48.472192625248915,0</coordinates></Point></Placemark><Placemark><name>Montesquieu</name><description><![CDATA[<b>Territoire :</b> TàD Roissy Sud<br/><b>Lignes :</b> TàD<br/><b>Identifiant :</b> IDFM:490568]]></description><Point><coordinates>2.604244686769965,48.94080073653941,0</coordinates></Point></Placemark><Placemark><name>Montgeroult</name><description><![CDATA[<b>Territoire :</b> TàD Vexin Est<br/><b>Lignes :</b> TàD<br/><b>Identifiant :</b> IDFM:29758]]></description><Point><coordinates>2.0047342845260636,49.08093460834664,0</coordinates></Point></Placemark><Placemark><name>Montgolfier</name><description><![CDATA[<b>Territoire :</b> TàD Roissy Goussainville<br/><b>Lignes :</b> TàD<br/><b>Identifiant :</b> IDFM:38044]]></description><Point><coordinates>2.459404018663725,49.03949217243285,0</coordinates></Point></Placemark><Placemark><name>Montgolfier</name><description><![CDATA[<b>Territoire :</b> TàD Roissy Goussainville<br/><b>Lignes :</b> TàD<br/><b>Identifiant :</b> IDFM:38045]]></description><Point><coordinates>2.4583288257192573,49.03898378207396,0</coordinates></Point></Placemark><Placemark><name>Monument</name><description><![CDATA[<b>Territoire :</b> TàD Eaubonne Domont<br/><b>Lignes :</b> TàD<br/><b>Identifiant :</b> IDFM:14236]]></description><Point><coordinates>2.3297444148957944,49.029313322226365,0</coordinates></Point></Placemark><Placemark><name>Monument</name><description><![CDATA[<b>Territoire :</b> TàD Eaubonne Domont<br/><b>Lignes :</b> TàD<br/><b>Identifiant :</b> IDFM:14237]]></description><Point><coordinates>2.329621418701269,49.029340277313565,0</coordinates></Point></Placemark><Placemark><name>Monument</name><description><![CDATA[<b>Territoire :</b> TàD Roissy Fosses<br/><b>Lignes :</b> TàD<br/><b>Identifiant :</b> IDFM:38664]]></description><Point><coordinates>2.5387839772921597,49.09823251655164,0</coordinates></Point></Placemark><Placemark><name>Monument</name><description><![CDATA[<b>Territoire :</b> TàD Roissy Fosses<br/><b>Lignes :</b> TàD<br/><b>Identifiant :</b> IDFM:419581]]></description><Point><coordinates>2.538686932527241,49.098367014117436,0</coordinates></Point></Placemark><Placemark><name>Monument 1</name><description><![CDATA[<b>Territoire :</b> TàD Gretz-Tournan<br/><b>Lignes :</b> TàD<br/><b>Identifiant :</b> IDFM:16307]]></description><Point><coordinates>2.734774964614304,48.74284775890987,0</coordinates></Point></Placemark><Placemark><name>Monument 2</name><description><![CDATA[<b>Territoire :</b> TàD Gretz-Tournan<br/><b>Lignes :</b> TàD<br/><b>Identifiant :</b> IDFM:16306]]></description><Point><coordinates>2.734707928643948,48.74265873254091,0</coordinates></Point></Placemark><Placemark><name>Monument aux Morts</name><description><![CDATA[<b>Territoire :</b> TàD Vexin Est<br/><b>Lignes :</b> TàD<br/><b>Identifiant :</b> IDFM:29515]]></description><Point><coordinates>2.072207518522307,49.153569144692526,0</coordinates></Point></Placemark><Placemark><name>Mort Rû</name><description><![CDATA[<b>Territoire :</b> TàD 4592<br/><b>Lignes :</b> TàD 4592<br/><b>Identifiant :</b> IDFM:41666]]></description><Point><coordinates>2.289988643498393,48.65303470835598,0</coordinates></Point></Placemark><Placemark><name>Moulin de la Brière</name><description><![CDATA[<b>Territoire :</b> TàD 4305<br/><b>Lignes :</b> TàD 4305, TàD 4301<br/><b>Identifiant :</b> IDFM:11935]]></description><Point><coordinates>2.3403326603822605,48.53004876101246,0</coordinates></Point></Placemark><Placemark><name>Moulin de la Brière</name><description><![CDATA[<b>Territoire :</b> TàD 4305<br/><b>Lignes :</b> TàD 4305, TàD 4301<br/><b>Identifiant :</b> IDFM:11934]]></description><Point><coordinates>2.340211108300799,48.53002109842677,0</coordinates></Point></Placemark><Placemark><name>Moulin du Gué</name><description><![CDATA[<b>Territoire :</b> TàD 4306<br/><b>Lignes :</b> TàD 4306<br/><b>Identifiant :</b> IDFM:11936]]></description><Point><coordinates>2.345417335106274,48.4883706691538,0</coordinates></Point></Placemark><Placemark><name>Moulin du Gué 2</name><description><![CDATA[<b>Territoire :</b> TàD 4306<br/><b>Lignes :</b> TàD 4306<br/><b>Identifiant :</b> IDFM:11938]]></description><Point><coordinates>2.3502010882673705,48.49004325674599,0</coordinates></Point></Placemark><Placemark><name>Moulin à Vent</name><description><![CDATA[<b>Territoire :</b> TàD Roissy Sud<br/><b>Lignes :</b> TàD<br/><b>Identifiant :</b> IDFM:415831]]></description><Point><coordinates>2.623865479344617,48.97986418923534,0</coordinates></Point></Placemark><Placemark><name>Moulin à Vent</name><description><![CDATA[<b>Territoire :</b> TàD Roissy Saint-Pathus<br/><b>Lignes :</b> TàD<br/><b>Identifiant :</b> IDFM:423540]]></description><Point><coordinates>2.8053141353575,49.07111331992097,0</coordinates></Point></Placemark><Placemark><name>Moulin à Vent</name><description><![CDATA[<b>Territoire :</b> TàD Roissy Saint-Pathus<br/><b>Lignes :</b> TàD<br/><b>Identifiant :</b> IDFM:423541]]></description><Point><coordinates>2.8051636323739184,49.0711040845919,0</coordinates></Point></Placemark><Placemark><name>Moulin à Vent</name><description><![CDATA[<b>Territoire :</b> TàD 4306<br/><b>Lignes :</b> TàD 4306<br/><b>Identifiant :</b> IDFM:11931]]></description><Point><coordinates>2.3281895601781324,48.48197704069883,0</coordinates></Point></Placemark><Placemark><name>Moulin à Vent</name><description><![CDATA[<b>Territoire :</b> TàD 4306<br/><b>Lignes :</b> TàD 4306<br/><b>Identifiant :</b> IDFM:11932]]></description><Point><coordinates>2.327905752819365,48.4819484459246,0</coordinates></Point></Placemark><Placemark><name>Myosotis</name><description><![CDATA[<b>Territoire :</b> TàD Vexin Est<br/><b>Lignes :</b> TàD<br/><b>Identifiant :</b> IDFM:41561]]></description><Point><coordinates>2.1043721948152245,49.179383549104834,0</coordinates></Point></Placemark><Placemark><name>Mère Thérèsa</name><description><![CDATA[<b>Territoire :</b> TàD Roissy Sud<br/><b>Lignes :</b> TàD<br/><b>Identifiant :</b> IDFM:38092]]></description><Point><coordinates>2.5313174331182102,48.93810075314027,0</coordinates></Point></Placemark><Placemark><name>Médiathèque Georges Brassens</name><description><![CDATA[<b>Territoire :</b> TàD Roissy Sud<br/><b>Lignes :</b> TàD<br/><b>Identifiant :</b> IDFM:39078]]></description><Point><coordinates>2.600678110183559,48.95550075347152,0</coordinates></Point></Placemark><Placemark><name>Médiathèque Georges Brassens</name><description><![CDATA[<b>Territoire :</b> TàD Roissy Sud<br/><b>Lignes :</b> TàD<br/><b>Identifiant :</b> IDFM:419331]]></description><Point><coordinates>2.6005969423341213,48.95540156551741,0</coordinates></Point></Placemark><Placemark><name>Médiathèque Simone Veil</name><description><![CDATA[<b>Territoire :</b> TàD Bassin Chellois<br/><b>Lignes :</b> TàD, TàD, TàD<br/><b>Identifiant :</b> IDFM:16767]]></description><Point><coordinates>2.602278364022428,48.91766493374933,0</coordinates></Point></Placemark><Placemark><name>Métairie</name><description><![CDATA[<b>Territoire :</b> TàD Vexin Est<br/><b>Lignes :</b> TàD<br/><b>Identifiant :</b> IDFM:29627]]></description><Point><coordinates>1.9688264956889763,49.14918531744049,0</coordinates></Point></Placemark><Placemark><name>Métairie</name><description><![CDATA[<b>Territoire :</b> TàD Vexin Est<br/><b>Lignes :</b> TàD<br/><b>Identifiant :</b> IDFM:474271]]></description><Point><coordinates>1.968704943774276,49.149094361208356,0</coordinates></Point></Placemark><Placemark><name>Nantes</name><description><![CDATA[<b>Territoire :</b> TàD Roissy Sud<br/><b>Lignes :</b> TàD<br/><b>Identifiant :</b> IDFM:39125]]></description><Point><coordinates>2.5867008317492783,48.96169417785664,0</coordinates></Point></Placemark><Placemark><name>Nelson Mandela</name><description><![CDATA[<b>Territoire :</b> TàD Roissy Sud<br/><b>Lignes :</b> TàD<br/><b>Identifiant :</b> IDFM:40767]]></description><Point><coordinates>2.586562982574066,48.961855567038256,0</coordinates></Point></Placemark><Placemark><name>Newton</name><description><![CDATA[<b>Territoire :</b> TàD ZI Poincy<br/><b>Lignes :</b> TàD<br/><b>Identifiant :</b> IDFM:485752]]></description><Point><coordinates>2.9082906998832607,48.96541073709123,0</coordinates></Point></Placemark><Placemark><name>Newton</name><description><![CDATA[<b>Territoire :</b> TàD ZI Poincy<br/><b>Lignes :</b> TàD<br/><b>Identifiant :</b> IDFM:485749]]></description><Point><coordinates>2.9083728818016086,48.96527591514581,0</coordinates></Point></Placemark><Placemark><name>Niepce</name><description><![CDATA[<b>Territoire :</b> TàD ZI Poincy<br/><b>Lignes :</b> TàD<br/><b>Identifiant :</b> IDFM:485748]]></description><Point><coordinates>2.9164942056509284,48.9597605481898,0</coordinates></Point></Placemark><Placemark><name>Niepce</name><description><![CDATA[<b>Territoire :</b> TàD ZI Poincy<br/><b>Lignes :</b> TàD<br/><b>Identifiant :</b> IDFM:485746]]></description><Point><coordinates>2.916644290636829,48.95984158388009,0</coordinates></Point></Placemark><Placemark><name>Nord France</name><description><![CDATA[<b>Territoire :</b> TàD 4595<br/><b>Lignes :</b> TàD 4595<br/><b>Identifiant :</b> IDFM:3177]]></description><Point><coordinates>2.282185954373603,48.64781573209227,0</coordinates></Point></Placemark><Placemark><name>Nord France</name><description><![CDATA[<b>Territoire :</b> TàD 4595<br/><b>Lignes :</b> TàD 4595<br/><b>Identifiant :</b> IDFM:10175]]></description><Point><coordinates>2.281494055845957,48.64778457656202,0</coordinates></Point></Placemark><Placemark><name>Normandie Niémen</name><description><![CDATA[<b>Territoire :</b> TàD Roissy Sud<br/><b>Lignes :</b> TàD<br/><b>Identifiant :</b> IDFM:38162]]></description><Point><coordinates>2.6146733021840536,48.95012405465269,0</coordinates></Point></Placemark><Placemark><name>Noue Brossard</name><description><![CDATA[<b>Territoire :</b> TàD Bassin Chellois<br/><b>Lignes :</b> TàD, TàD, TàD<br/><b>Identifiant :</b> IDFM:16668]]></description><Point><coordinates>2.5780600089686554,48.88549517236999,0</coordinates></Point></Placemark><Placemark><name>Noues</name><description><![CDATA[<b>Territoire :</b> TàD 4301/4530<br/><b>Lignes :</b> TàD 4301<br/><b>Identifiant :</b> IDFM:411528]]></description><Point><coordinates>2.356938038755007,48.576450289287266,0</coordinates></Point></Placemark><Placemark><name>Océane</name><description><![CDATA[<b>Territoire :</b> TàD Courtaboeuf<br/><b>Lignes :</b> TàD<br/><b>Identifiant :</b> IDFM:485333]]></description><Point><coordinates>2.2213784858885512,48.68461982054178,0</coordinates></Point></Placemark><Placemark><name>Ombrages Parc</name><description><![CDATA[<b>Territoire :</b> TàD Gretz-Tournan<br/><b>Lignes :</b> TàD<br/><b>Identifiant :</b> IDFM:16308]]></description><Point><coordinates>2.713915506885961,48.73755598412765,0</coordinates></Point></Placemark><Placemark><name>Ombrages Parc</name><description><![CDATA[<b>Territoire :</b> TàD Gretz-Tournan<br/><b>Lignes :</b> TàD<br/><b>Identifiant :</b> IDFM:16309]]></description><Point><coordinates>2.7141051854172535,48.73768235749176,0</coordinates></Point></Placemark><Placemark><name>Orangerie</name><description><![CDATA[<b>Territoire :</b> TàD Roissy Villiers-le-Bel<br/><b>Lignes :</b> TàD<br/><b>Identifiant :</b> IDFM:38733]]></description><Point><coordinates>2.5198373811534305,49.003169519580005,0</coordinates></Point></Placemark><Placemark><name>Orangerie</name><description><![CDATA[<b>Territoire :</b> TàD Roissy Villiers-le-Bel<br/><b>Lignes :</b> TàD<br/><b>Identifiant :</b> IDFM:419672]]></description><Point><coordinates>2.519908043109118,49.00291802182229,0</coordinates></Point></Placemark><Placemark><name>Ormes</name><description><![CDATA[<b>Territoire :</b> TàD Roissy Sud<br/><b>Lignes :</b> TàD<br/><b>Identifiant :</b> IDFM:39311]]></description><Point><coordinates>2.613329352378454,48.95275454065501,0</coordinates></Point></Placemark><Placemark><name>Orveau</name><description><![CDATA[<b>Territoire :</b> TàD 4306<br/><b>Lignes :</b> TàD 4306, TàD 4344<br/><b>Identifiant :</b> IDFM:7363]]></description><Point><coordinates>2.2956462567974594,48.44758372447555,0</coordinates></Point></Placemark><Placemark><name>Pablo Picasso</name><description><![CDATA[<b>Territoire :</b> TàD Roissy Goussainville<br/><b>Lignes :</b> TàD<br/><b>Identifiant :</b> IDFM:38698]]></description><Point><coordinates>2.4491039048585286,49.033160012926395,0</coordinates></Point></Placemark><Placemark><name>Paradis</name><description><![CDATA[<b>Territoire :</b> TàD 4595<br/><b>Lignes :</b> TàD 4595<br/><b>Identifiant :</b> IDFM:3178]]></description><Point><coordinates>2.282830055371165,48.64440142603535,0</coordinates></Point></Placemark><Placemark><name>Paradis</name><description><![CDATA[<b>Territoire :</b> TàD 4595<br/><b>Lignes :</b> TàD 4595<br/><b>Identifiant :</b> IDFM:10176]]></description><Point><coordinates>2.283116074638371,48.644331185322436,0</coordinates></Point></Placemark><Placemark><name>Parc de la Noue</name><description><![CDATA[<b>Territoire :</b> TàD Roissy Sud<br/><b>Lignes :</b> TàD<br/><b>Identifiant :</b> IDFM:18865]]></description><Point><coordinates>2.544597134468472,48.95861910938076,0</coordinates></Point></Placemark><Placemark><name>Parc de la Noue</name><description><![CDATA[<b>Territoire :</b> TàD Roissy Sud<br/><b>Lignes :</b> TàD<br/><b>Identifiant :</b> IDFM:19084]]></description><Point><coordinates>2.5443518106930374,48.958564222307594,0</coordinates></Point></Placemark><Placemark><name>Parc de Louvres</name><description><![CDATA[<b>Territoire :</b> TàD Roissy Fosses<br/><b>Lignes :</b> TàD<br/><b>Identifiant :</b> IDFM:423527]]></description><Point><coordinates>2.506607449239,49.047752030410734,0</coordinates></Point></Placemark><Placemark><name>Parc de Louvres</name><description><![CDATA[<b>Territoire :</b> TàD Roissy Fosses<br/><b>Lignes :</b> TàD<br/><b>Identifiant :</b> IDFM:423622]]></description><Point><coordinates>2.5063301963915667,49.04813753798484,0</coordinates></Point></Placemark><Placemark><name>Parc de Tréville</name><description><![CDATA[<b>Territoire :</b> TàD 4301/4530<br/><b>Lignes :</b> TàD 4301<br/><b>Identifiant :</b> IDFM:3843]]></description><Point><coordinates>2.369019210257716,48.5953877000909,0</coordinates></Point></Placemark><Placemark><name>Parc du Carrouge</name><description><![CDATA[<b>Territoire :</b> TàD Goêle<br/><b>Lignes :</b> TàD<br/><b>Identifiant :</b> IDFM:38364]]></description><Point><coordinates>2.6989540488630617,49.03542199254118,0</coordinates></Point></Placemark><Placemark><name>Parc du Carrouge</name><description><![CDATA[<b>Territoire :</b> TàD Goêle<br/><b>Lignes :</b> TàD<br/><b>Identifiant :</b> IDFM:38365]]></description><Point><coordinates>2.699539397724805,49.035891030881935,0</coordinates></Point></Placemark><Placemark><name>Parc du Château</name><description><![CDATA[<b>Territoire :</b> TàD Luzarches - Goussainville<br/><b>Lignes :</b> TàD<br/><b>Identifiant :</b> IDFM:40474]]></description><Point><coordinates>2.4413005198044977,49.07587086173681,0</coordinates></Point></Placemark><Placemark><name>Parc du Moulin</name><description><![CDATA[<b>Territoire :</b> TàD Roissy Sarcelles<br/><b>Lignes :</b> TàD, TàD<br/><b>Identifiant :</b> IDFM:38062]]></description><Point><coordinates>2.501665272717421,49.00399465762059,0</coordinates></Point></Placemark><Placemark><name>Parc Mail 1</name><description><![CDATA[<b>Territoire :</b> TàD Roissy Goussainville<br/><b>Lignes :</b> TàD<br/><b>Identifiant :</b> IDFM:41631]]></description><Point><coordinates>2.493716100447808,49.007639179153436,0</coordinates></Point></Placemark><Placemark><name>Parc Mail 2</name><description><![CDATA[<b>Territoire :</b> TàD Roissy Goussainville<br/><b>Lignes :</b> TàD<br/><b>Identifiant :</b> IDFM:497093]]></description><Point><coordinates>2.490735896454537,49.00489295724936,0</coordinates></Point></Placemark><Placemark><name>Parc Mail 2</name><description><![CDATA[<b>Territoire :</b> TàD Roissy Goussainville<br/><b>Lignes :</b> TàD<br/><b>Identifiant :</b> IDFM:38187]]></description><Point><coordinates>2.490898936785953,49.00499256273416,0</coordinates></Point></Placemark><Placemark><name>Parmentier</name><description><![CDATA[<b>Territoire :</b> TàD Roissy Sud<br/><b>Lignes :</b> TàD<br/><b>Identifiant :</b> IDFM:40739]]></description><Point><coordinates>2.5618964846753856,48.94757776047113,0</coordinates></Point></Placemark><Placemark><name>Parmentier</name><description><![CDATA[<b>Territoire :</b> TàD Roissy Sud<br/><b>Lignes :</b> TàD<br/><b>Identifiant :</b> IDFM:38175]]></description><Point><coordinates>2.561581492140883,48.947693512717194,0</coordinates></Point></Placemark><Placemark><name>Pasloup</name><description><![CDATA[<b>Territoire :</b> TàD 4305<br/><b>Lignes :</b> TàD 4305, TàD 4344<br/><b>Identifiant :</b> IDFM:463463]]></description><Point><coordinates>2.3650082152551697,48.446346699097994,0</coordinates></Point></Placemark><Placemark><name>Pasloup</name><description><![CDATA[<b>Territoire :</b> TàD 4305<br/><b>Lignes :</b> TàD 4305, TàD 4344<br/><b>Identifiant :</b> IDFM:463472]]></description><Point><coordinates>2.3649830200103215,48.44619362236756,0</coordinates></Point></Placemark><Placemark><name>Passerelle</name><description><![CDATA[<b>Territoire :</b> TàD Roissy Sarcelles<br/><b>Lignes :</b> TàD, TàD<br/><b>Identifiant :</b> IDFM:38702]]></description><Point><coordinates>2.5113314916920118,49.003665725373324,0</coordinates></Point></Placemark><Placemark><name>Passerelle</name><description><![CDATA[<b>Territoire :</b> TàD Roissy Sarcelles<br/><b>Lignes :</b> TàD, TàD<br/><b>Identifiant :</b> IDFM:38056]]></description><Point><coordinates>2.5117013504988677,49.003577309136226,0</coordinates></Point></Placemark><Placemark><name>Pasteur</name><description><![CDATA[<b>Territoire :</b> TàD 4301/4530<br/><b>Lignes :</b> TàD 4301<br/><b>Identifiant :</b> IDFM:411535]]></description><Point><coordinates>2.3662536936218794,48.54711111137461,0</coordinates></Point></Placemark><Placemark><name>Pasteur</name><description><![CDATA[<b>Territoire :</b> TàD 4301/4530<br/><b>Lignes :</b> TàD 4301<br/><b>Identifiant :</b> IDFM:35337]]></description><Point><coordinates>2.3661731671556225,48.54704771113554,0</coordinates></Point></Placemark><Placemark><name>Pasteur</name><description><![CDATA[<b>Territoire :</b> TàD Roissy Sud<br/><b>Lignes :</b> TàD<br/><b>Identifiant :</b> IDFM:39132]]></description><Point><coordinates>2.5979644475008947,48.95855812693884,0</coordinates></Point></Placemark><Placemark><name>Pasteur</name><description><![CDATA[<b>Territoire :</b> TàD Roissy Sud<br/><b>Lignes :</b> TàD<br/><b>Identifiant :</b> IDFM:39131]]></description><Point><coordinates>2.598483352683556,48.95855986561701,0</coordinates></Point></Placemark><Placemark><name>Pasteur</name><description><![CDATA[<b>Territoire :</b> TàD 2429<br/><b>Lignes :</b> TàD 2429<br/><b>Identifiant :</b> IDFM:477987]]></description><Point><coordinates>3.126203962119781,48.94129768735102,0</coordinates></Point></Placemark><Placemark><name>Pasteur</name><description><![CDATA[<b>Territoire :</b> TàD 2429<br/><b>Lignes :</b> TàD 2429<br/><b>Identifiant :</b> IDFM:477986]]></description><Point><coordinates>3.126511503915422,48.94145922858673,0</coordinates></Point></Placemark><Placemark><name>Paul Algis</name><description><![CDATA[<b>Territoire :</b> TàD Bassin Chellois<br/><b>Lignes :</b> TàD, TàD, TàD<br/><b>Identifiant :</b> IDFM:16864]]></description><Point><coordinates>2.6263232336431708,48.869827602242346,0</coordinates></Point></Placemark><Placemark><name>Paul Fort</name><description><![CDATA[<b>Territoire :</b> TàD 4591<br/><b>Lignes :</b> TàD 4591<br/><b>Identifiant :</b> IDFM:3134]]></description><Point><coordinates>2.265488567705678,48.61687794313693,0</coordinates></Point></Placemark><Placemark><name>Paul Fort</name><description><![CDATA[<b>Territoire :</b> TàD 4591<br/><b>Lignes :</b> TàD 4591<br/><b>Identifiant :</b> IDFM:3133]]></description><Point><coordinates>2.2658012131274785,48.616834893765336,0</coordinates></Point></Placemark><Placemark><name>Paul Gauguin</name><description><![CDATA[<b>Territoire :</b> TàD Bassin Chellois<br/><b>Lignes :</b> TàD, TàD, TàD<br/><b>Identifiant :</b> IDFM:19268]]></description><Point><coordinates>2.5800007058112926,48.891725203920174,0</coordinates></Point></Placemark><Placemark><name>Paul Gauguin</name><description><![CDATA[<b>Territoire :</b> TàD Bassin Chellois<br/><b>Lignes :</b> TàD, TàD, TàD<br/><b>Identifiant :</b> IDFM:19018]]></description><Point><coordinates>2.5797793792727464,48.89211112853121,0</coordinates></Point></Placemark><Placemark><name>Paul Vaillant Couturier</name><description><![CDATA[<b>Territoire :</b> TàD Roissy Sud<br/><b>Lignes :</b> TàD<br/><b>Identifiant :</b> IDFM:41812]]></description><Point><coordinates>2.6147517804141573,48.983764893492896,0</coordinates></Point></Placemark><Placemark><name>Paul Vaillant Couturier</name><description><![CDATA[<b>Territoire :</b> TàD Roissy Sud<br/><b>Lignes :</b> TàD<br/><b>Identifiant :</b> IDFM:21206]]></description><Point><coordinates>2.6154096875416317,48.98347925191121,0</coordinates></Point></Placemark><Placemark><name>Paul Valéry</name><description><![CDATA[<b>Territoire :</b> TàD Roissy Sarcelles<br/><b>Lignes :</b> TàD<br/><b>Identifiant :</b> IDFM:37326]]></description><Point><coordinates>2.3803725053545968,48.97913235607124,0</coordinates></Point></Placemark><Placemark><name>Paul Valéry</name><description><![CDATA[<b>Territoire :</b> TàD Roissy Sarcelles<br/><b>Lignes :</b> TàD<br/><b>Identifiant :</b> IDFM:461024]]></description><Point><coordinates>2.3803699325875822,48.97934816209029,0</coordinates></Point></Placemark><Placemark><name>Petit Argenteuil</name><description><![CDATA[<b>Territoire :</b> TàD Roissy Fosses<br/><b>Lignes :</b> TàD<br/><b>Identifiant :</b> IDFM:38681]]></description><Point><coordinates>2.5326955200369237,49.09922502926458,0</coordinates></Point></Placemark><Placemark><name>Petit Argenteuil</name><description><![CDATA[<b>Territoire :</b> TàD Roissy Fosses<br/><b>Lignes :</b> TàD<br/><b>Identifiant :</b> IDFM:419592]]></description><Point><coordinates>2.532488999362515,49.09935010496719,0</coordinates></Point></Placemark><Placemark><name>Petit Biard</name><description><![CDATA[<b>Territoire :</b> TàD Vexin Est<br/><b>Lignes :</b> TàD<br/><b>Identifiant :</b> IDFM:481244]]></description><Point><coordinates>2.14598573698078,49.140115765429236,0</coordinates></Point></Placemark><Placemark><name>Petit Gironville</name><description><![CDATA[<b>Territoire :</b> TàD 4342<br/><b>Lignes :</b> TàD 4342, TàD 4343<br/><b>Identifiant :</b> IDFM:9253]]></description><Point><coordinates>2.3791659574683544,48.36058251782634,0</coordinates></Point></Placemark><Placemark><name>Petit Gironville</name><description><![CDATA[<b>Territoire :</b> TàD 4342<br/><b>Lignes :</b> TàD 4342, TàD 4343<br/><b>Identifiant :</b> IDFM:9254]]></description><Point><coordinates>2.380814327202183,48.36047418039433,0</coordinates></Point></Placemark><Placemark><name>Petit Marais</name><description><![CDATA[<b>Territoire :</b> TàD 4342<br/><b>Lignes :</b> TàD 4342<br/><b>Identifiant :</b> IDFM:7370]]></description><Point><coordinates>2.2719133876734814,48.41047267872344,0</coordinates></Point></Placemark><Placemark><name>Petit Marais</name><description><![CDATA[<b>Territoire :</b> TàD 4342<br/><b>Lignes :</b> TàD 4342<br/><b>Identifiant :</b> IDFM:7371]]></description><Point><coordinates>2.27201059209416,48.41028434004049,0</coordinates></Point></Placemark><Placemark><name>Petit Paris</name><description><![CDATA[<b>Territoire :</b> TàD 4591<br/><b>Lignes :</b> TàD 4591<br/><b>Identifiant :</b> IDFM:3135]]></description><Point><coordinates>2.2778753255811224,48.61392222907943,0</coordinates></Point></Placemark><Placemark><name>Petit Paris</name><description><![CDATA[<b>Territoire :</b> TàD 4591<br/><b>Lignes :</b> TàD 4591<br/><b>Identifiant :</b> IDFM:3136]]></description><Point><coordinates>2.2777249926051,48.61400227654866,0</coordinates></Point></Placemark><Placemark><name>Petit Saint Vrain</name><description><![CDATA[<b>Territoire :</b> TàD 4305<br/><b>Lignes :</b> TàD 4305<br/><b>Identifiant :</b> IDFM:11953]]></description><Point><coordinates>2.32349201140133,48.53987670700591,0</coordinates></Point></Placemark><Placemark><name>Petit Saint Vrain</name><description><![CDATA[<b>Territoire :</b> TàD 4305<br/><b>Lignes :</b> TàD 4305<br/><b>Identifiant :</b> IDFM:11954]]></description><Point><coordinates>2.3235908950017623,48.53956241085522,0</coordinates></Point></Placemark><Placemark><name>Petit Tremblay</name><description><![CDATA[<b>Territoire :</b> TàD Roissy Sud<br/><b>Lignes :</b> TàD<br/><b>Identifiant :</b> IDFM:19154]]></description><Point><coordinates>2.550233767755907,48.98425075620412,0</coordinates></Point></Placemark><Placemark><name>Petite Saussette</name><description><![CDATA[<b>Territoire :</b> TàD Vexin Est<br/><b>Lignes :</b> TàD<br/><b>Identifiant :</b> IDFM:422959]]></description><Point><coordinates>2.039377324541739,49.171285174617054,0</coordinates></Point></Placemark><Placemark><name>Philippe de Beaumanoir</name><description><![CDATA[<b>Territoire :</b> TàD Sud Meulan - Les Mureaux<br/><b>Lignes :</b> TàD<br/><b>Identifiant :</b> IDFM:13528]]></description><Point><coordinates>1.9665056160606738,48.95360892986718,0</coordinates></Point></Placemark><Placemark><name>Philippe de Beaumanoir</name><description><![CDATA[<b>Territoire :</b> TàD Sud Meulan - Les Mureaux<br/><b>Lignes :</b> TàD<br/><b>Identifiant :</b> IDFM:13529]]></description><Point><coordinates>1.9664481441483548,48.953752325306745,0</coordinates></Point></Placemark><Placemark><name>Pierre Curie</name><description><![CDATA[<b>Territoire :</b> TàD 4591<br/><b>Lignes :</b> TàD 4591<br/><b>Identifiant :</b> IDFM:3132]]></description><Point><coordinates>2.258913518919905,48.615568846876435,0</coordinates></Point></Placemark><Placemark><name>Pierre Curie</name><description><![CDATA[<b>Territoire :</b> TàD 4591<br/><b>Lignes :</b> TàD 4591<br/><b>Identifiant :</b> IDFM:3131]]></description><Point><coordinates>2.2592488387393432,48.615840797352476,0</coordinates></Point></Placemark><Placemark><name>Pierre et Marie Curie</name><description><![CDATA[<b>Territoire :</b> TàD Gretz-Tournan<br/><b>Lignes :</b> TàD<br/><b>Identifiant :</b> IDFM:495840]]></description><Point><coordinates>2.726860476886266,48.737595298378935,0</coordinates></Point></Placemark><Placemark><name>Pierre et Marie Curie</name><description><![CDATA[<b>Territoire :</b> TàD Gretz-Tournan<br/><b>Lignes :</b> TàD<br/><b>Identifiant :</b> IDFM:16311]]></description><Point><coordinates>2.7269426744750946,48.73747856172913,0</coordinates></Point></Placemark><Placemark><name>Pierre Salvi</name><description><![CDATA[<b>Territoire :</b> TàD Roissy Villiers-le-Bel<br/><b>Lignes :</b> TàD<br/><b>Identifiant :</b> IDFM:14556]]></description><Point><coordinates>2.432967847928689,48.99173902761554,0</coordinates></Point></Placemark><Placemark><name>Pierre Salvi</name><description><![CDATA[<b>Territoire :</b> TàD Roissy Villiers-le-Bel<br/><b>Lignes :</b> TàD<br/><b>Identifiant :</b> IDFM:14555]]></description><Point><coordinates>2.432941697571402,48.99163099618355,0</coordinates></Point></Placemark><Placemark><name>Pierre Sémard</name><description><![CDATA[<b>Territoire :</b> TàD Roissy Villiers-le-Bel<br/><b>Lignes :</b> TàD<br/><b>Identifiant :</b> IDFM:10112]]></description><Point><coordinates>2.402012006113873,49.00289206615129,0</coordinates></Point></Placemark><Placemark><name>Pierre Sémard</name><description><![CDATA[<b>Territoire :</b> TàD Roissy Villiers-le-Bel<br/><b>Lignes :</b> TàD<br/><b>Identifiant :</b> IDFM:40593]]></description><Point><coordinates>2.4016563576670986,49.002917270327444,0</coordinates></Point></Placemark><Placemark><name>Pierre-Augustin Caron</name><description><![CDATA[<b>Territoire :</b> TàD Goêle<br/><b>Lignes :</b> TàD<br/><b>Identifiant :</b> IDFM:38346]]></description><Point><coordinates>2.650772674477256,49.08438564139028,0</coordinates></Point></Placemark><Placemark><name>Pierre-Augustin Caron</name><description><![CDATA[<b>Territoire :</b> TàD Goêle<br/><b>Lignes :</b> TàD<br/><b>Identifiant :</b> IDFM:40303]]></description><Point><coordinates>2.650335549530114,49.08424950005208,0</coordinates></Point></Placemark><Placemark><name>Piétrasanta</name><description><![CDATA[<b>Territoire :</b> TàD Roissy Sud<br/><b>Lignes :</b> TàD<br/><b>Identifiant :</b> IDFM:39305]]></description><Point><coordinates>2.6152765897094086,48.94055338451215,0</coordinates></Point></Placemark><Placemark><name>Place</name><description><![CDATA[<b>Territoire :</b> TàD Vexin Est<br/><b>Lignes :</b> TàD<br/><b>Identifiant :</b> IDFM:41577]]></description><Point><coordinates>1.9434665314006958,49.13718642292218,0</coordinates></Point></Placemark><Placemark><name>Place Adeline</name><description><![CDATA[<b>Territoire :</b> TàD 4308<br/><b>Lignes :</b> TàD 4308<br/><b>Identifiant :</b> IDFM:426724]]></description><Point><coordinates>2.4671479251683457,48.496787778653605,0</coordinates></Point></Placemark><Placemark><name>Place Albert Thomas</name><description><![CDATA[<b>Territoire :</b> TàD Roissy Sud<br/><b>Lignes :</b> TàD<br/><b>Identifiant :</b> IDFM:490596]]></description><Point><coordinates>2.5852871548410348,48.9420315860844,0</coordinates></Point></Placemark><Placemark><name>Place centrale</name><description><![CDATA[<b>Territoire :</b> TàD Roissy Sud<br/><b>Lignes :</b> TàD<br/><b>Identifiant :</b> IDFM:39133]]></description><Point><coordinates>2.5887405154508714,48.95590103537985,0</coordinates></Point></Placemark><Placemark><name>Place centrale</name><description><![CDATA[<b>Territoire :</b> TàD Roissy Sud<br/><b>Lignes :</b> TàD<br/><b>Identifiant :</b> IDFM:39134]]></description><Point><coordinates>2.5885907406929953,48.95584656648985,0</coordinates></Point></Placemark><Placemark><name>Place Clément Ader</name><description><![CDATA[<b>Territoire :</b> TàD Gretz-Tournan<br/><b>Lignes :</b> TàD<br/><b>Identifiant :</b> IDFM:16298]]></description><Point><coordinates>2.717215414210702,48.73836433103428,0</coordinates></Point></Placemark><Placemark><name>Place Clément Ader</name><description><![CDATA[<b>Territoire :</b> TàD Gretz-Tournan<br/><b>Lignes :</b> TàD<br/><b>Identifiant :</b> IDFM:16297]]></description><Point><coordinates>2.716971285423661,48.738246827836505,0</coordinates></Point></Placemark><Placemark><name>Place d&apos;Orgeval</name><description><![CDATA[<b>Territoire :</b> TàD 4592<br/><b>Lignes :</b> TàD 4592<br/><b>Identifiant :</b> IDFM:11961]]></description><Point><coordinates>2.335478631957033,48.65658025546522,0</coordinates></Point></Placemark><Placemark><name>Place de l&apos;Aviation</name><description><![CDATA[<b>Territoire :</b> TàD 6131<br/><b>Lignes :</b> TàD 6131<br/><b>Identifiant :</b> IDFM:21606]]></description><Point><coordinates>2.1855025397189687,48.78394203025975,0</coordinates></Point></Placemark><Placemark><name>Place de l&apos;Aviation</name><description><![CDATA[<b>Territoire :</b> TàD 6131<br/><b>Lignes :</b> TàD 6131<br/><b>Identifiant :</b> IDFM:21607]]></description><Point><coordinates>2.1847353895938437,48.78338814781263,0</coordinates></Point></Placemark><Placemark><name>Place de l&apos;Église</name><description><![CDATA[<b>Territoire :</b> TàD Vexin Est<br/><b>Lignes :</b> TàD<br/><b>Identifiant :</b> IDFM:413514]]></description><Point><coordinates>1.931374806115335,49.06234731935817,0</coordinates></Point></Placemark><Placemark><name>Place de l&apos;Église</name><description><![CDATA[<b>Territoire :</b> TàD Nangis / La-Chapelle-Rablais<br/><b>Lignes :</b> TàD<br/><b>Identifiant :</b> IDFM:9718]]></description><Point><coordinates>2.970768653946573,48.511904720904376,0</coordinates></Point></Placemark><Placemark><name>Place de l&apos;Église</name><description><![CDATA[<b>Territoire :</b> TàD 4344<br/><b>Lignes :</b> TàD 4344<br/><b>Identifiant :</b> IDFM:7277]]></description><Point><coordinates>2.2842205155894213,48.431600190270224,0</coordinates></Point></Placemark><Placemark><name>Place de l&apos;Église</name><description><![CDATA[<b>Territoire :</b> TàD 4344<br/><b>Lignes :</b> TàD 4344<br/><b>Identifiant :</b> IDFM:7276]]></description><Point><coordinates>2.2840300371272884,48.43168900867153,0</coordinates></Point></Placemark><Placemark><name>Place de la Fontaine</name><description><![CDATA[<b>Territoire :</b> TàD Nord Meulan - Les Mureaux<br/><b>Lignes :</b> TàD<br/><b>Identifiant :</b> IDFM:413509]]></description><Point><coordinates>1.8667149123685343,49.0354966672294,0</coordinates></Point></Placemark><Placemark><name>Place de la Fontaine</name><description><![CDATA[<b>Territoire :</b> TàD Nord Meulan - Les Mureaux<br/><b>Lignes :</b> TàD, TàD<br/><b>Identifiant :</b> IDFM:32832]]></description><Point><coordinates>1.8668349175401155,49.03554485815433,0</coordinates></Point></Placemark><Placemark><name>Place de la Libération</name><description><![CDATA[<b>Territoire :</b> TàD 4592<br/><b>Lignes :</b> TàD 4592<br/><b>Identifiant :</b> IDFM:23078]]></description><Point><coordinates>2.3015645541206595,48.65847320492955,0</coordinates></Point></Placemark><Placemark><name>Place de la Libération</name><description><![CDATA[<b>Territoire :</b> TàD Roissy Sud<br/><b>Lignes :</b> TàD<br/><b>Identifiant :</b> IDFM:29096]]></description><Point><coordinates>2.4662770444952904,48.94301758260275,0</coordinates></Point></Placemark><Placemark><name>Place de la République</name><description><![CDATA[<b>Territoire :</b> TàD Eaubonne Domont<br/><b>Lignes :</b> TàD<br/><b>Identifiant :</b> IDFM:13244]]></description><Point><coordinates>2.3243914295168704,49.02510466080752,0</coordinates></Point></Placemark><Placemark><name>Place de la République</name><description><![CDATA[<b>Territoire :</b> TàD Eaubonne Domont<br/><b>Lignes :</b> TàD<br/><b>Identifiant :</b> IDFM:13243]]></description><Point><coordinates>2.3242834529800143,49.02499614758844,0</coordinates></Point></Placemark><Placemark><name>Place de la Tolinette</name><description><![CDATA[<b>Territoire :</b> TàD Roissy Villiers-le-Bel<br/><b>Lignes :</b> TàD<br/><b>Identifiant :</b> IDFM:10107]]></description><Point><coordinates>2.3922374833051476,49.00424575728728,0</coordinates></Point></Placemark><Placemark><name>Place de la Tolinette</name><description><![CDATA[<b>Territoire :</b> TàD Roissy Villiers-le-Bel<br/><b>Lignes :</b> TàD<br/><b>Identifiant :</b> IDFM:8286]]></description><Point><coordinates>2.392239061246428,49.00411088154151,0</coordinates></Point></Placemark><Placemark><name>Place de Lattre de Tassigny / Maréchal Foch</name><description><![CDATA[<b>Territoire :</b> TàD Roissy Villiers-le-Bel<br/><b>Lignes :</b> TàD<br/><b>Identifiant :</b> IDFM:14644]]></description><Point><coordinates>2.4196123002767234,49.000766378281185,0</coordinates></Point></Placemark><Placemark><name>Place de Neuilly</name><description><![CDATA[<b>Territoire :</b> TàD Vexin Est<br/><b>Lignes :</b> TàD<br/><b>Identifiant :</b> IDFM:29535]]></description><Point><coordinates>1.975933492322494,49.1682537863184,0</coordinates></Point></Placemark><Placemark><name>Place de Rueil</name><description><![CDATA[<b>Territoire :</b> TàD Nord Meulan - Les Mureaux<br/><b>Lignes :</b> TàD<br/><b>Identifiant :</b> IDFM:488508]]></description><Point><coordinates>1.8767393507854717,49.047550970846814,0</coordinates></Point></Placemark><Placemark><name>Place de Rueil</name><description><![CDATA[<b>Territoire :</b> TàD Nord Meulan - Les Mureaux<br/><b>Lignes :</b> TàD, TàD<br/><b>Identifiant :</b> IDFM:32822]]></description><Point><coordinates>1.8768347048893728,49.04756984753533,0</coordinates></Point></Placemark><Placemark><name>Place de Selves</name><description><![CDATA[<b>Territoire :</b> TàD 4306<br/><b>Lignes :</b> TàD 4306<br/><b>Identifiant :</b> IDFM:11761]]></description><Point><coordinates>2.3280357034055963,48.47496797930635,0</coordinates></Point></Placemark><Placemark><name>Place des FFI</name><description><![CDATA[<b>Territoire :</b> TàD 4591<br/><b>Lignes :</b> TàD 4591<br/><b>Identifiant :</b> IDFM:3127]]></description><Point><coordinates>2.2619726060605867,48.61510208920912,0</coordinates></Point></Placemark><Placemark><name>Place des Marronniers</name><description><![CDATA[<b>Territoire :</b> TàD Roissy Villiers-le-Bel<br/><b>Lignes :</b> TàD<br/><b>Identifiant :</b> IDFM:14629]]></description><Point><coordinates>2.4274496454011887,48.99896960474392,0</coordinates></Point></Placemark><Placemark><name>Place des Marronniers</name><description><![CDATA[<b>Territoire :</b> TàD Roissy Villiers-le-Bel<br/><b>Lignes :</b> TàD<br/><b>Identifiant :</b> IDFM:14631]]></description><Point><coordinates>2.427336651584724,48.999301779295116,0</coordinates></Point></Placemark><Placemark><name>Place du 19 Mars 1962</name><description><![CDATA[<b>Territoire :</b> TàD Roissy Fosses<br/><b>Lignes :</b> TàD<br/><b>Identifiant :</b> IDFM:38213]]></description><Point><coordinates>2.502129363894223,49.092475722340446,0</coordinates></Point></Placemark><Placemark><name>Place du Carrouge</name><description><![CDATA[<b>Territoire :</b> TàD Vexin Est<br/><b>Lignes :</b> TàD<br/><b>Identifiant :</b> IDFM:29511]]></description><Point><coordinates>2.114321212727848,49.18064393324645,0</coordinates></Point></Placemark><Placemark><name>Place du Châtel</name><description><![CDATA[<b>Territoire :</b> TàD 3209<br/><b>Lignes :</b> TàD 3209<br/><b>Identifiant :</b> IDFM:10017]]></description><Point><coordinates>3.288257789019724,48.562186597884825,0</coordinates></Point></Placemark><Placemark><name>Place du Général de Gaulle - Gare</name><description><![CDATA[<b>Territoire :</b> TàD Vexin Est<br/><b>Lignes :</b> TàD<br/><b>Identifiant :</b> IDFM:422954]]></description><Point><coordinates>2.0962857380887,49.04710132110879,0</coordinates></Point></Placemark><Placemark><name>Place du Souvenir</name><description><![CDATA[<b>Territoire :</b> TàD Luzarches - Goussainville<br/><b>Lignes :</b> TàD<br/><b>Identifiant :</b> IDFM:40490]]></description><Point><coordinates>2.371825760720469,49.08833187014218,0</coordinates></Point></Placemark><Placemark><name>Place du Souvenir</name><description><![CDATA[<b>Territoire :</b> TàD Eaubonne Domont<br/><b>Lignes :</b> TàD<br/><b>Identifiant :</b> IDFM:13256]]></description><Point><coordinates>2.283178267148275,49.00635063189429,0</coordinates></Point></Placemark><Placemark><name>Place du Souvenir</name><description><![CDATA[<b>Territoire :</b> TàD Eaubonne Domont<br/><b>Lignes :</b> TàD<br/><b>Identifiant :</b> IDFM:13257]]></description><Point><coordinates>2.2830197168684165,49.005954022056166,0</coordinates></Point></Placemark><Placemark><name>Place du Tilleul</name><description><![CDATA[<b>Territoire :</b> TàD Nord Meulan - Les Mureaux<br/><b>Lignes :</b> TàD<br/><b>Identifiant :</b> IDFM:490501]]></description><Point><coordinates>1.8854222575886053,49.0012384876572,0</coordinates></Point></Placemark><Placemark><name>Place du Tilleul</name><description><![CDATA[<b>Territoire :</b> TàD Nord Meulan - Les Mureaux<br/><b>Lignes :</b> TàD<br/><b>Identifiant :</b> IDFM:32779]]></description><Point><coordinates>1.885503092844154,49.001293195823756,0</coordinates></Point></Placemark><Placemark><name>Place du Vert Clos</name><description><![CDATA[<b>Territoire :</b> TàD Roissy Fosses<br/><b>Lignes :</b> TàD<br/><b>Identifiant :</b> IDFM:38214]]></description><Point><coordinates>2.5030667689732184,49.08037710819658,0</coordinates></Point></Placemark><Placemark><name>Place du Vert Clos</name><description><![CDATA[<b>Territoire :</b> TàD Roissy Fosses<br/><b>Lignes :</b> TàD<br/><b>Identifiant :</b> IDFM:419501]]></description><Point><coordinates>2.5026866259152145,49.0800518418774,0</coordinates></Point></Placemark><Placemark><name>Place du Vexin</name><description><![CDATA[<b>Territoire :</b> TàD Nord Meulan - Les Mureaux<br/><b>Lignes :</b> TàD<br/><b>Identifiant :</b> IDFM:13666]]></description><Point><coordinates>1.9068334184628275,49.00484822538386,0</coordinates></Point></Placemark><Placemark><name>Place du Vexin</name><description><![CDATA[<b>Territoire :</b> TàD Nord Meulan - Les Mureaux<br/><b>Lignes :</b> TàD<br/><b>Identifiant :</b> IDFM:13667]]></description><Point><coordinates>1.9066565434014828,49.00477017503386,0</coordinates></Point></Placemark><Placemark><name>Place du Village</name><description><![CDATA[<b>Territoire :</b> TàD Vexin Est<br/><b>Lignes :</b> TàD<br/><b>Identifiant :</b> IDFM:29512]]></description><Point><coordinates>2.1104081621275794,49.150566703310794,0</coordinates></Point></Placemark><Placemark><name>Place Gaston Tessier</name><description><![CDATA[<b>Territoire :</b> TàD Roissy Villiers-le-Bel<br/><b>Lignes :</b> TàD<br/><b>Identifiant :</b> IDFM:14645]]></description><Point><coordinates>2.4236725918149586,49.00435586342219,0</coordinates></Point></Placemark><Placemark><name>Place Gaston Tessier</name><description><![CDATA[<b>Territoire :</b> TàD Roissy Villiers-le-Bel<br/><b>Lignes :</b> TàD<br/><b>Identifiant :</b> IDFM:423570]]></description><Point><coordinates>2.4243308119833236,49.00416119350495,0</coordinates></Point></Placemark><Placemark><name>Place Henri Barbusse</name><description><![CDATA[<b>Territoire :</b> TàD Roissy Sud<br/><b>Lignes :</b> TàD<br/><b>Identifiant :</b> IDFM:38132]]></description><Point><coordinates>2.5707745358767244,48.961525823510584,0</coordinates></Point></Placemark><Placemark><name>Place Henri Barbusse</name><description><![CDATA[<b>Territoire :</b> TàD Roissy Sud<br/><b>Lignes :</b> TàD<br/><b>Identifiant :</b> IDFM:423598]]></description><Point><coordinates>2.5705446584285037,48.96174531612533,0</coordinates></Point></Placemark><Placemark><name>Place Hubeaut</name><description><![CDATA[<b>Territoire :</b> TàD Vexin Est<br/><b>Lignes :</b> TàD<br/><b>Identifiant :</b> IDFM:32936]]></description><Point><coordinates>2.0032719407919415,49.07867447955211,0</coordinates></Point></Placemark><Placemark><name>Place Jacques Chirac - Gare</name><description><![CDATA[<b>Territoire :</b> TàD Roissy Sud<br/><b>Lignes :</b> TàD<br/><b>Identifiant :</b> IDFM:490567]]></description><Point><coordinates>2.601922832285636,48.95165609197668,0</coordinates></Point></Placemark><Placemark><name>Place Jean-Baptiste Delambre</name><description><![CDATA[<b>Territoire :</b> TàD Roissy Othis<br/><b>Lignes :</b> TàD, TàD<br/><b>Identifiant :</b> IDFM:42062]]></description><Point><coordinates>2.6802258639787384,49.0541392814075,0</coordinates></Point></Placemark><Placemark><name>Place Melun</name><description><![CDATA[<b>Territoire :</b> TàD Roissy Sud<br/><b>Lignes :</b> TàD<br/><b>Identifiant :</b> IDFM:424992]]></description><Point><coordinates>2.590769538321473,48.960080494825256,0</coordinates></Point></Placemark><Placemark><name>Place Melun</name><description><![CDATA[<b>Territoire :</b> TàD Roissy Sud<br/><b>Lignes :</b> TàD<br/><b>Identifiant :</b> IDFM:419332]]></description><Point><coordinates>2.590244662760953,48.960487860032636,0</coordinates></Point></Placemark><Placemark><name>Place Peyron</name><description><![CDATA[<b>Territoire :</b> TàD Vexin Est<br/><b>Lignes :</b> TàD<br/><b>Identifiant :</b> IDFM:29547]]></description><Point><coordinates>1.9807354794915764,49.143037663636164,0</coordinates></Point></Placemark><Placemark><name>Place Peyron</name><description><![CDATA[<b>Territoire :</b> TàD Vexin Est<br/><b>Lignes :</b> TàD<br/><b>Identifiant :</b> IDFM:29550]]></description><Point><coordinates>1.9807801263507867,49.142858211305274,0</coordinates></Point></Placemark><Placemark><name>Place Pierre Curie</name><description><![CDATA[<b>Territoire :</b> TàD Roissy Sud<br/><b>Lignes :</b> TàD<br/><b>Identifiant :</b> IDFM:39242]]></description><Point><coordinates>2.5780631170686483,48.94064848654038,0</coordinates></Point></Placemark><Placemark><name>Place René Droulot</name><description><![CDATA[<b>Territoire :</b> TàD Roissy Sud<br/><b>Lignes :</b> TàD<br/><b>Identifiant :</b> IDFM:40749]]></description><Point><coordinates>2.5559706431037212,48.95403061286831,0</coordinates></Point></Placemark><Placemark><name>Place René Droulot</name><description><![CDATA[<b>Territoire :</b> TàD Roissy Sud<br/><b>Lignes :</b> TàD<br/><b>Identifiant :</b> IDFM:38178]]></description><Point><coordinates>2.5561071080593467,48.954040110721834,0</coordinates></Point></Placemark><Placemark><name>Place Stalingrad</name><description><![CDATA[<b>Territoire :</b> TàD 4592<br/><b>Lignes :</b> TàD 4592<br/><b>Identifiant :</b> IDFM:11962]]></description><Point><coordinates>2.33101480196917,48.65527797905384,0</coordinates></Point></Placemark><Placemark><name>Plateau</name><description><![CDATA[<b>Territoire :</b> TàD 4306<br/><b>Lignes :</b> TàD 4306<br/><b>Identifiant :</b> IDFM:427798]]></description><Point><coordinates>2.3630146839334145,48.480270690955415,0</coordinates></Point></Placemark><Placemark><name>Plateau</name><description><![CDATA[<b>Territoire :</b> TàD 4306<br/><b>Lignes :</b> TàD 4306<br/><b>Identifiant :</b> IDFM:427795]]></description><Point><coordinates>2.3629484495814697,48.48015338316311,0</coordinates></Point></Placemark><Placemark><name>Poitou</name><description><![CDATA[<b>Territoire :</b> TàD Bassin Chellois<br/><b>Lignes :</b> TàD, TàD, TàD<br/><b>Identifiant :</b> IDFM:16801]]></description><Point><coordinates>2.6508001053573595,48.917523914288,0</coordinates></Point></Placemark><Placemark><name>Ponceau</name><description><![CDATA[<b>Territoire :</b> TàD Goêle<br/><b>Lignes :</b> TàD<br/><b>Identifiant :</b> IDFM:38281]]></description><Point><coordinates>2.658897932010637,49.04989950075555,0</coordinates></Point></Placemark><Placemark><name>Pont</name><description><![CDATA[<b>Territoire :</b> TàD Roissy Sud<br/><b>Lignes :</b> TàD<br/><b>Identifiant :</b> IDFM:39142]]></description><Point><coordinates>2.6412007578472023,48.974063299658376,0</coordinates></Point></Placemark><Placemark><name>Pont au Bois</name><description><![CDATA[<b>Territoire :</b> TàD Vexin Est<br/><b>Lignes :</b> TàD<br/><b>Identifiant :</b> IDFM:32865]]></description><Point><coordinates>1.8984448401810416,49.08582546050227,0</coordinates></Point></Placemark><Placemark><name>Pont Chinois</name><description><![CDATA[<b>Territoire :</b> TàD Roissy Goussainville<br/><b>Lignes :</b> TàD<br/><b>Identifiant :</b> IDFM:419706]]></description><Point><coordinates>2.471719804533289,49.007958020742954,0</coordinates></Point></Placemark><Placemark><name>Pont Chinois</name><description><![CDATA[<b>Territoire :</b> TàD Roissy Goussainville<br/><b>Lignes :</b> TàD<br/><b>Identifiant :</b> IDFM:420197]]></description><Point><coordinates>2.471803642694169,49.00777854666172,0</coordinates></Point></Placemark><Placemark><name>Pont de Villiers</name><description><![CDATA[<b>Territoire :</b> TàD 4306<br/><b>Lignes :</b> TàD 4306<br/><b>Identifiant :</b> IDFM:11972]]></description><Point><coordinates>2.3448844388581436,48.48552489476252,0</coordinates></Point></Placemark><Placemark><name>Pont de Villiers</name><description><![CDATA[<b>Territoire :</b> TàD 4306<br/><b>Lignes :</b> TàD 4306<br/><b>Identifiant :</b> IDFM:11973]]></description><Point><coordinates>2.344758495754,48.485857064175754,0</coordinates></Point></Placemark><Placemark><name>Pont à l&apos;Huile</name><description><![CDATA[<b>Territoire :</b> TàD Roissy Sarcelles<br/><b>Lignes :</b> TàD<br/><b>Identifiant :</b> IDFM:38690]]></description><Point><coordinates>2.465882428865474,49.001385876528374,0</coordinates></Point></Placemark><Placemark><name>Pont à l&apos;Huile</name><description><![CDATA[<b>Territoire :</b> TàD Roissy Sarcelles<br/><b>Lignes :</b> TàD<br/><b>Identifiant :</b> IDFM:419671]]></description><Point><coordinates>2.4671732429107047,48.999458287215795,0</coordinates></Point></Placemark><Placemark><name>Porte d&apos;Étampes</name><description><![CDATA[<b>Territoire :</b> TàD 4596<br/><b>Lignes :</b> TàD 4596<br/><b>Identifiant :</b> IDFM:491789]]></description><Point><coordinates>2.2461724044005473,48.58649606887274,0</coordinates></Point></Placemark><Placemark><name>Porte de Jouy</name><description><![CDATA[<b>Territoire :</b> TàD 3209<br/><b>Lignes :</b> TàD 3209<br/><b>Identifiant :</b> IDFM:41618]]></description><Point><coordinates>3.283881834113608,48.56495874495262,0</coordinates></Point></Placemark><Placemark><name>Porte de Jouy</name><description><![CDATA[<b>Territoire :</b> TàD 3209<br/><b>Lignes :</b> TàD 3209<br/><b>Identifiant :</b> IDFM:492227]]></description><Point><coordinates>3.2837326546329146,48.56494110981399,0</coordinates></Point></Placemark><Placemark><name>Porte du Roy</name><description><![CDATA[<b>Territoire :</b> TàD 4342<br/><b>Lignes :</b> TàD 4342<br/><b>Identifiant :</b> IDFM:7339]]></description><Point><coordinates>2.4570369434058836,48.39864422040422,0</coordinates></Point></Placemark><Placemark><name>Porte Frenneville</name><description><![CDATA[<b>Territoire :</b> TàD 4342<br/><b>Lignes :</b> TàD 4342<br/><b>Identifiant :</b> IDFM:37106]]></description><Point><coordinates>2.2997720450906334,48.405899058031046,0</coordinates></Point></Placemark><Placemark><name>Porte Frenneville</name><description><![CDATA[<b>Territoire :</b> TàD 4342<br/><b>Lignes :</b> TàD 4342<br/><b>Identifiant :</b> IDFM:7385]]></description><Point><coordinates>2.299651999827745,48.405781389129636,0</coordinates></Point></Placemark><Placemark><name>Poste</name><description><![CDATA[<b>Territoire :</b> TàD Eaubonne Domont<br/><b>Lignes :</b> TàD<br/><b>Identifiant :</b> IDFM:14239]]></description><Point><coordinates>2.335102540965614,49.03114419696601,0</coordinates></Point></Placemark><Placemark><name>Poste</name><description><![CDATA[<b>Territoire :</b> TàD Roissy Sud<br/><b>Lignes :</b> TàD<br/><b>Identifiant :</b> IDFM:40748]]></description><Point><coordinates>2.5581355133189403,48.951547672234106,0</coordinates></Point></Placemark><Placemark><name>Poste</name><description><![CDATA[<b>Territoire :</b> TàD Sud Meulan - Les Mureaux<br/><b>Lignes :</b> TàD<br/><b>Identifiant :</b> IDFM:32576]]></description><Point><coordinates>1.874247444816905,48.963758934234725,0</coordinates></Point></Placemark><Placemark><name>Poste</name><description><![CDATA[<b>Territoire :</b> TàD Roissy Sud<br/><b>Lignes :</b> TàD<br/><b>Identifiant :</b> IDFM:39248]]></description><Point><coordinates>2.554067645453785,48.98327591502763,0</coordinates></Point></Placemark><Placemark><name>Poste</name><description><![CDATA[<b>Territoire :</b> TàD Roissy Sud<br/><b>Lignes :</b> TàD<br/><b>Identifiant :</b> IDFM:490594]]></description><Point><coordinates>2.5539135831880837,48.98371596505874,0</coordinates></Point></Placemark><Placemark><name>Poste</name><description><![CDATA[<b>Territoire :</b> TàD Eaubonne Domont<br/><b>Lignes :</b> TàD<br/><b>Identifiant :</b> IDFM:427869]]></description><Point><coordinates>2.334477447294518,49.030835003745906,0</coordinates></Point></Placemark><Placemark><name>Poste</name><description><![CDATA[<b>Territoire :</b> TàD 4344<br/><b>Lignes :</b> TàD 4344<br/><b>Identifiant :</b> IDFM:7279]]></description><Point><coordinates>2.271710673016697,48.430957266270575,0</coordinates></Point></Placemark><Placemark><name>Poste</name><description><![CDATA[<b>Territoire :</b> TàD 4344<br/><b>Lignes :</b> TàD 4344<br/><b>Identifiant :</b> IDFM:7278]]></description><Point><coordinates>2.2714121573650656,48.43103640459613,0</coordinates></Point></Placemark><Placemark><name>Poteau de Marly</name><description><![CDATA[<b>Territoire :</b> TàD Roissy Fosses<br/><b>Lignes :</b> TàD<br/><b>Identifiant :</b> IDFM:38697]]></description><Point><coordinates>2.5032249493432266,49.09387391962808,0</coordinates></Point></Placemark><Placemark><name>Poteau de Marly</name><description><![CDATA[<b>Territoire :</b> TàD Roissy Fosses<br/><b>Lignes :</b> TàD<br/><b>Identifiant :</b> IDFM:419502]]></description><Point><coordinates>2.5028449649521995,49.09352168498907,0</coordinates></Point></Placemark><Placemark><name>Primevères</name><description><![CDATA[<b>Territoire :</b> TàD Roissy Sud<br/><b>Lignes :</b> TàD<br/><b>Identifiant :</b> IDFM:425007]]></description><Point><coordinates>2.5191778226578143,48.94004904824825,0</coordinates></Point></Placemark><Placemark><name>Primevères</name><description><![CDATA[<b>Territoire :</b> TàD Roissy Sud<br/><b>Lignes :</b> TàD<br/><b>Identifiant :</b> IDFM:40568]]></description><Point><coordinates>2.5194380953264157,48.939951172429666,0</coordinates></Point></Placemark><Placemark><name>Promenade du Nord</name><description><![CDATA[<b>Territoire :</b> TàD 2429<br/><b>Lignes :</b> TàD 2429<br/><b>Identifiant :</b> IDFM:6588]]></description><Point><coordinates>3.233615277592536,48.84809554389993,0</coordinates></Point></Placemark><Placemark><name>Promenade du Nord</name><description><![CDATA[<b>Territoire :</b> TàD 2429<br/><b>Lignes :</b> TàD 2429<br/><b>Identifiant :</b> IDFM:477710]]></description><Point><coordinates>3.2335602876448277,48.847987731449244,0</coordinates></Point></Placemark><Placemark><name>Provenchères</name><description><![CDATA[<b>Territoire :</b> TàD 4305<br/><b>Lignes :</b> TàD 4305, TàD 4344<br/><b>Identifiant :</b> IDFM:463467]]></description><Point><coordinates>2.365780107356981,48.44065597693874,0</coordinates></Point></Placemark><Placemark><name>Provenchères</name><description><![CDATA[<b>Territoire :</b> TàD 4305<br/><b>Lignes :</b> TàD 4305, TàD 4344<br/><b>Identifiant :</b> IDFM:463465]]></description><Point><coordinates>2.365265132802155,48.4407521865121,0</coordinates></Point></Placemark><Placemark><name>Pré Seigneur</name><description><![CDATA[<b>Territoire :</b> TàD Sud Meulan - Les Mureaux<br/><b>Lignes :</b> TàD<br/><b>Identifiant :</b> IDFM:32456]]></description><Point><coordinates>1.9047177488675289,48.965767805588996,0</coordinates></Point></Placemark><Placemark><name>Pré Seigneur</name><description><![CDATA[<b>Territoire :</b> TàD Sud Meulan - Les Mureaux<br/><b>Lignes :</b> TàD<br/><b>Identifiant :</b> IDFM:32455]]></description><Point><coordinates>1.904567880231184,48.96445343257606,0</coordinates></Point></Placemark><Placemark><name>Puits La Marlière</name><description><![CDATA[<b>Territoire :</b> TàD Roissy Villiers-le-Bel<br/><b>Lignes :</b> TàD<br/><b>Identifiant :</b> IDFM:28349]]></description><Point><coordinates>2.401442826144807,49.00840146492465,0</coordinates></Point></Placemark><Placemark><name>Puits La Marlière</name><description><![CDATA[<b>Territoire :</b> TàD Roissy Villiers-le-Bel<br/><b>Lignes :</b> TàD<br/><b>Identifiant :</b> IDFM:38211]]></description><Point><coordinates>2.4012361435045317,49.00854430933963,0</coordinates></Point></Placemark><Placemark><name>Pêcheurs</name><description><![CDATA[<b>Territoire :</b> TàD Bassin Chellois<br/><b>Lignes :</b> TàD, TàD, TàD<br/><b>Identifiant :</b> IDFM:16795]]></description><Point><coordinates>2.637113322742562,48.86689304264809,0</coordinates></Point></Placemark><Placemark><name>Rabourdin</name><description><![CDATA[<b>Territoire :</b> TàD 6131<br/><b>Lignes :</b> TàD 6131<br/><b>Identifiant :</b> IDFM:12710]]></description><Point><coordinates>2.195311387475844,48.78246147819969,0</coordinates></Point></Placemark><Placemark><name>Rayon</name><description><![CDATA[<b>Territoire :</b> TàD Vexin Est<br/><b>Lignes :</b> TàD<br/><b>Identifiant :</b> IDFM:29532]]></description><Point><coordinates>2.041050138584292,49.172773060038,0</coordinates></Point></Placemark><Placemark><name>Regnault</name><description><![CDATA[<b>Territoire :</b> TàD Luzarches - Goussainville<br/><b>Lignes :</b> TàD<br/><b>Identifiant :</b> IDFM:38638]]></description><Point><coordinates>2.422039311260154,49.06884723361608,0</coordinates></Point></Placemark><Placemark><name>Rhus</name><description><![CDATA[<b>Territoire :</b> TàD Vexin Est<br/><b>Lignes :</b> TàD<br/><b>Identifiant :</b> IDFM:29514]]></description><Point><coordinates>2.0777424252263548,49.14296593167125,0</coordinates></Point></Placemark><Placemark><name>Rives de la Viosne</name><description><![CDATA[<b>Territoire :</b> TàD Vexin Est<br/><b>Lignes :</b> TàD<br/><b>Identifiant :</b> IDFM:416965]]></description><Point><coordinates>1.97899412485487,49.09301081402893,0</coordinates></Point></Placemark><Placemark><name>Robert Badinter</name><description><![CDATA[<b>Territoire :</b> TàD Goêle<br/><b>Lignes :</b> TàD<br/><b>Identifiant :</b> IDFM:481046]]></description><Point><coordinates>2.6770184409045976,49.063913547533986,0</coordinates></Point></Placemark><Placemark><name>Robert Wagner</name><description><![CDATA[<b>Territoire :</b> TàD 6131<br/><b>Lignes :</b> TàD 6131<br/><b>Identifiant :</b> IDFM:12701]]></description><Point><coordinates>2.1788190584637364,48.78484967707297,0</coordinates></Point></Placemark><Placemark><name>Robert Wagner</name><description><![CDATA[<b>Territoire :</b> TàD 6131<br/><b>Lignes :</b> TàD 6131<br/><b>Identifiant :</b> IDFM:12700]]></description><Point><coordinates>2.1786500832770477,48.78520828639109,0</coordinates></Point></Placemark><Placemark><name>Rochelles</name><description><![CDATA[<b>Territoire :</b> TàD ZI Poincy<br/><b>Lignes :</b> TàD<br/><b>Identifiant :</b> IDFM:485743]]></description><Point><coordinates>2.916311635675021,48.97137849135733,0</coordinates></Point></Placemark><Placemark><name>Roinvilliers</name><description><![CDATA[<b>Territoire :</b> TàD 4342<br/><b>Lignes :</b> TàD 4342<br/><b>Identifiant :</b> IDFM:7374]]></description><Point><coordinates>2.240851589577358,48.356690967714144,0</coordinates></Point></Placemark><Placemark><name>Roinvilliers</name><description><![CDATA[<b>Territoire :</b> TàD 4342<br/><b>Lignes :</b> TàD 4342<br/><b>Identifiant :</b> IDFM:7375]]></description><Point><coordinates>2.2409202512042294,48.35661043178298,0</coordinates></Point></Placemark><Placemark><name>Roissy Parc</name><description><![CDATA[<b>Territoire :</b> TàD Roissy Goussainville<br/><b>Lignes :</b> TàD<br/><b>Identifiant :</b> IDFM:38730]]></description><Point><coordinates>2.5063797026870533,49.005533813914916,0</coordinates></Point></Placemark><Placemark><name>Roissy Parc</name><description><![CDATA[<b>Territoire :</b> TàD Roissy Sarcelles<br/><b>Lignes :</b> TàD, TàD<br/><b>Identifiant :</b> IDFM:38016]]></description><Point><coordinates>2.5063403232456376,49.005362801146234,0</coordinates></Point></Placemark><Placemark><name>Roissypôle - Aéroport CDG1 (B1)</name><description><![CDATA[<b>Territoire :</b> TàD Roissy Othis<br/><b>Lignes :</b> TàD<br/><b>Identifiant :</b> IDFM:426791]]></description><Point><coordinates>2.559796105702373,49.01022866683935,0</coordinates></Point></Placemark><Placemark><name>Roissypôle - Aéroport CDG1 (B3)</name><description><![CDATA[<b>Territoire :</b> TàD Roissy Goussainville<br/><b>Lignes :</b> TàD<br/><b>Identifiant :</b> IDFM:477638]]></description><Point><coordinates>2.559372520906649,49.010209128528416,0</coordinates></Point></Placemark><Placemark><name>Roissypôle - Aéroport CDG1 (C2)</name><description><![CDATA[<b>Territoire :</b> TàD Roissy Sud<br/><b>Lignes :</b> TàD<br/><b>Identifiant :</b> IDFM:426814]]></description><Point><coordinates>2.559576487657948,49.01033576607535,0</coordinates></Point></Placemark><Placemark><name>Roissypôle - Aéroport CDG1 (D2)</name><description><![CDATA[<b>Territoire :</b> TàD Roissy Villiers-le-Bel<br/><b>Lignes :</b> TàD<br/><b>Identifiant :</b> IDFM:13071]]></description><Point><coordinates>2.5595346419988583,49.010434525297,0</coordinates></Point></Placemark><Placemark><name>Roissypôle - Aéroport CDG1 (D3)</name><description><![CDATA[<b>Territoire :</b> TàD Roissy Juilly<br/><b>Lignes :</b> TàD<br/><b>Identifiant :</b> IDFM:13070]]></description><Point><coordinates>2.559302574140099,49.01039770522524,0</coordinates></Point></Placemark><Placemark><name>Rond-Point / Carrefour de l&apos;Europe</name><description><![CDATA[<b>Territoire :</b> TàD Luzarches - Goussainville<br/><b>Lignes :</b> TàD<br/><b>Identifiant :</b> IDFM:35045]]></description><Point><coordinates>2.4642346521689076,49.0193628054703,0</coordinates></Point></Placemark><Placemark><name>Rond-Point des Cèdres</name><description><![CDATA[<b>Territoire :</b> TàD 4308<br/><b>Lignes :</b> TàD 4308, TàD 4318<br/><b>Identifiant :</b> IDFM:426746]]></description><Point><coordinates>2.4430919924490686,48.534055958784364,0</coordinates></Point></Placemark><Placemark><name>Rond-Point des Sciences</name><description><![CDATA[<b>Territoire :</b> TàD Bassin Chellois<br/><b>Lignes :</b> TàD, TàD, TàD<br/><b>Identifiant :</b> IDFM:16819]]></description><Point><coordinates>2.588155157816066,48.90394802784255,0</coordinates></Point></Placemark><Placemark><name>Rond-Point du Christ</name><description><![CDATA[<b>Territoire :</b> TàD Roissy Sarcelles<br/><b>Lignes :</b> TàD<br/><b>Identifiant :</b> IDFM:22528]]></description><Point><coordinates>2.4220064796913396,48.97597701010256,0</coordinates></Point></Placemark><Placemark><name>Rond-Point du Christ</name><description><![CDATA[<b>Territoire :</b> TàD Roissy Sarcelles<br/><b>Lignes :</b> TàD<br/><b>Identifiant :</b> IDFM:28306]]></description><Point><coordinates>2.4223212543931725,48.97592457168865,0</coordinates></Point></Placemark><Placemark><name>Ronsard</name><description><![CDATA[<b>Territoire :</b> TàD Roissy Sud<br/><b>Lignes :</b> TàD<br/><b>Identifiant :</b> IDFM:38135]]></description><Point><coordinates>2.563359718984363,48.95705226264792,0</coordinates></Point></Placemark><Placemark><name>Ronsard</name><description><![CDATA[<b>Territoire :</b> TàD Roissy Sud<br/><b>Lignes :</b> TàD<br/><b>Identifiant :</b> IDFM:40681]]></description><Point><coordinates>2.5632236979942755,48.95698881961285,0</coordinates></Point></Placemark><Placemark><name>Rosa Parks</name><description><![CDATA[<b>Territoire :</b> TàD Goêle<br/><b>Lignes :</b> TàD<br/><b>Identifiant :</b> IDFM:481048]]></description><Point><coordinates>2.672271909399579,49.063657924217516,0</coordinates></Point></Placemark><Placemark><name>Rotonde</name><description><![CDATA[<b>Territoire :</b> TàD 4344<br/><b>Lignes :</b> TàD 4344<br/><b>Identifiant :</b> IDFM:3055]]></description><Point><coordinates>2.155270435405045,48.433487257876955,0</coordinates></Point></Placemark><Placemark><name>Rotonde</name><description><![CDATA[<b>Territoire :</b> TàD 4342<br/><b>Lignes :</b> TàD 4342, TàD 4344<br/><b>Identifiant :</b> IDFM:2765]]></description><Point><coordinates>2.155055444244686,48.433404755035184,0</coordinates></Point></Placemark><Placemark><name>Rousset - Audigers</name><description><![CDATA[<b>Territoire :</b> TàD 4344<br/><b>Lignes :</b> TàD 4344<br/><b>Identifiant :</b> IDFM:12923]]></description><Point><coordinates>2.3899387597353643,48.42120587978477,0</coordinates></Point></Placemark><Placemark><name>Route d&apos;Eve</name><description><![CDATA[<b>Territoire :</b> TàD Roissy Othis<br/><b>Lignes :</b> TàD, TàD<br/><b>Identifiant :</b> IDFM:37985]]></description><Point><coordinates>2.68549443797086,49.06067209639426,0</coordinates></Point></Placemark><Placemark><name>Route d&apos;Eve</name><description><![CDATA[<b>Territoire :</b> TàD Roissy Othis<br/><b>Lignes :</b> TàD, TàD<br/><b>Identifiant :</b> IDFM:423559]]></description><Point><coordinates>2.6861921828898616,49.060682912247465,0</coordinates></Point></Placemark><Placemark><name>Route de Brezolles</name><description><![CDATA[<b>Territoire :</b> TàD Sud Meulan - Les Mureaux<br/><b>Lignes :</b> TàD<br/><b>Identifiant :</b> IDFM:13612]]></description><Point><coordinates>1.9388366435910975,48.96513029533733,0</coordinates></Point></Placemark><Placemark><name>Route de Commeny</name><description><![CDATA[<b>Territoire :</b> TàD Vexin Est<br/><b>Lignes :</b> TàD<br/><b>Identifiant :</b> IDFM:32938]]></description><Point><coordinates>1.908510131455276,49.11301021903042,0</coordinates></Point></Placemark><Placemark><name>Route de Gonesse</name><description><![CDATA[<b>Territoire :</b> TàD Roissy Sud<br/><b>Lignes :</b> TàD<br/><b>Identifiant :</b> IDFM:18828]]></description><Point><coordinates>2.4849102972351105,48.95143528899703,0</coordinates></Point></Placemark><Placemark><name>Route de Maisse</name><description><![CDATA[<b>Territoire :</b> TàD 4342<br/><b>Lignes :</b> TàD 4342, TàD 4343<br/><b>Identifiant :</b> IDFM:7315]]></description><Point><coordinates>2.37862647191638,48.37311266905073,0</coordinates></Point></Placemark><Placemark><name>Route de Marly</name><description><![CDATA[<b>Territoire :</b> TàD Roissy Fosses<br/><b>Lignes :</b> TàD<br/><b>Identifiant :</b> IDFM:415667]]></description><Point><coordinates>2.5005162099158778,49.058112321507444,0</coordinates></Point></Placemark><Placemark><name>Route de Tremblay</name><description><![CDATA[<b>Territoire :</b> TàD Roissy Sud<br/><b>Lignes :</b> TàD<br/><b>Identifiant :</b> IDFM:38180]]></description><Point><coordinates>2.5377097506038098,48.96377243428501,0</coordinates></Point></Placemark><Placemark><name>Route des Parquets</name><description><![CDATA[<b>Territoire :</b> TàD Eaubonne Domont<br/><b>Lignes :</b> TàD<br/><b>Identifiant :</b> IDFM:13258]]></description><Point><coordinates>2.2812698416173633,49.016842215916256,0</coordinates></Point></Placemark><Placemark><name>Rue / Route de Sevran</name><description><![CDATA[<b>Territoire :</b> TàD Roissy Sud<br/><b>Lignes :</b> TàD<br/><b>Identifiant :</b> IDFM:40753]]></description><Point><coordinates>2.531997136875668,48.953282975333416,0</coordinates></Point></Placemark><Placemark><name>Rue / Route de Sevran</name><description><![CDATA[<b>Territoire :</b> TàD Roissy Sud<br/><b>Lignes :</b> TàD<br/><b>Identifiant :</b> IDFM:40754]]></description><Point><coordinates>2.5320826814024886,48.953184390936876,0</coordinates></Point></Placemark><Placemark><name>Rue Barre</name><description><![CDATA[<b>Territoire :</b> TàD Goêle<br/><b>Lignes :</b> TàD<br/><b>Identifiant :</b> IDFM:38264]]></description><Point><coordinates>2.7069418760821486,49.01342065685364,0</coordinates></Point></Placemark><Placemark><name>Rue Barre</name><description><![CDATA[<b>Territoire :</b> TàD Goêle<br/><b>Lignes :</b> TàD<br/><b>Identifiant :</b> IDFM:422943]]></description><Point><coordinates>2.7066030744353085,49.01289829511063,0</coordinates></Point></Placemark><Placemark><name>Rue Curie</name><description><![CDATA[<b>Territoire :</b> TàD Goêle<br/><b>Lignes :</b> TàD<br/><b>Identifiant :</b> IDFM:495050]]></description><Point><coordinates>2.7003473355059593,49.03807804871405,0</coordinates></Point></Placemark><Placemark><name>Rue Curie</name><description><![CDATA[<b>Territoire :</b> TàD Goêle<br/><b>Lignes :</b> TàD<br/><b>Identifiant :</b> IDFM:38361]]></description><Point><coordinates>2.70019699902849,49.03805969001988,0</coordinates></Point></Placemark><Placemark><name>Rue de Condé</name><description><![CDATA[<b>Territoire :</b> TàD Roissy Saint-Pathus<br/><b>Lignes :</b> TàD<br/><b>Identifiant :</b> IDFM:415817]]></description><Point><coordinates>2.820483392533613,49.073330841797436,0</coordinates></Point></Placemark><Placemark><name>Rue de Feucherolles</name><description><![CDATA[<b>Territoire :</b> TàD Aigremont - Chambourcy<br/><b>Lignes :</b> TàD<br/><b>Identifiant :</b> IDFM:34540]]></description><Point><coordinates>2.0225442430755387,48.90727781519693,0</coordinates></Point></Placemark><Placemark><name>Rue de Flandres</name><description><![CDATA[<b>Territoire :</b> TàD Roissy Sud<br/><b>Lignes :</b> TàD<br/><b>Identifiant :</b> IDFM:19165]]></description><Point><coordinates>2.5722620688532416,48.94222861661636,0</coordinates></Point></Placemark><Placemark><name>Rue de l&apos;Aubette</name><description><![CDATA[<b>Territoire :</b> TàD Vexin Est<br/><b>Lignes :</b> TàD<br/><b>Identifiant :</b> IDFM:32634]]></description><Point><coordinates>1.9310388439292416,49.05968996056406,0</coordinates></Point></Placemark><Placemark><name>Rue de l&apos;Aulnaie</name><description><![CDATA[<b>Territoire :</b> TàD Nord Meulan - Les Mureaux<br/><b>Lignes :</b> TàD<br/><b>Identifiant :</b> IDFM:32830]]></description><Point><coordinates>1.875085920093301,49.04746355752579,0</coordinates></Point></Placemark><Placemark><name>Rue de l&apos;Aulnaie</name><description><![CDATA[<b>Territoire :</b> TàD Nord Meulan - Les Mureaux<br/><b>Lignes :</b> TàD<br/><b>Identifiant :</b> IDFM:490497]]></description><Point><coordinates>1.8750579803250298,49.04749027343503,0</coordinates></Point></Placemark><Placemark><name>Rue de l&apos;Yonne</name><description><![CDATA[<b>Territoire :</b> TàD Roissy Saint-Pathus<br/><b>Lignes :</b> TàD<br/><b>Identifiant :</b> IDFM:38386]]></description><Point><coordinates>2.8046408136072722,49.06820799018499,0</coordinates></Point></Placemark><Placemark><name>Rue de l&apos;Yonne</name><description><![CDATA[<b>Territoire :</b> TàD Roissy Saint-Pathus<br/><b>Lignes :</b> TàD<br/><b>Identifiant :</b> IDFM:38387]]></description><Point><coordinates>2.8043127951453206,49.06809955899455,0</coordinates></Point></Placemark><Placemark><name>Rue de l&apos;Épine</name><description><![CDATA[<b>Territoire :</b> TàD Roissy Fosses<br/><b>Lignes :</b> TàD<br/><b>Identifiant :</b> IDFM:38708]]></description><Point><coordinates>2.504563666076841,49.098492012836886,0</coordinates></Point></Placemark><Placemark><name>Rue de l&apos;Épine</name><description><![CDATA[<b>Territoire :</b> TàD Roissy Fosses<br/><b>Lignes :</b> TàD<br/><b>Identifiant :</b> IDFM:419716]]></description><Point><coordinates>2.5051094644545517,49.09869206987341,0</coordinates></Point></Placemark><Placemark><name>Rue de la Belle Borne</name><description><![CDATA[<b>Territoire :</b> TàD Roissy Sud<br/><b>Lignes :</b> TàD<br/><b>Identifiant :</b> IDFM:413744]]></description><Point><coordinates>2.5295272848741326,48.98962966107927,0</coordinates></Point></Placemark><Placemark><name>Rue de la Fossette</name><description><![CDATA[<b>Territoire :</b> TàD Roissy Othis<br/><b>Lignes :</b> TàD, TàD, TàD<br/><b>Identifiant :</b> IDFM:474153]]></description><Point><coordinates>2.584655154075165,49.012628214188815,0</coordinates></Point></Placemark><Placemark><name>Rue de la Fossette</name><description><![CDATA[<b>Territoire :</b> TàD Roissy Othis<br/><b>Lignes :</b> TàD, TàD, TàD<br/><b>Identifiant :</b> IDFM:426877]]></description><Point><coordinates>2.5865288202963934,49.01251778609537,0</coordinates></Point></Placemark><Placemark><name>Rue de la Garenne</name><description><![CDATA[<b>Territoire :</b> TàD Sud Meulan - Les Mureaux<br/><b>Lignes :</b> TàD<br/><b>Identifiant :</b> IDFM:13615]]></description><Point><coordinates>1.9313644226185545,48.9638498665514,0</coordinates></Point></Placemark><Placemark><name>Rue de la Jeune Fille</name><description><![CDATA[<b>Territoire :</b> TàD Roissy Sarcelles<br/><b>Lignes :</b> TàD, TàD, TàD<br/><b>Identifiant :</b> IDFM:39222]]></description><Point><coordinates>2.527451847381977,48.993973753602994,0</coordinates></Point></Placemark><Placemark><name>Rue de Meulan</name><description><![CDATA[<b>Territoire :</b> TàD Sud Meulan - Les Mureaux<br/><b>Lignes :</b> TàD<br/><b>Identifiant :</b> IDFM:32577]]></description><Point><coordinates>1.8714835323136343,48.966502870326124,0</coordinates></Point></Placemark><Placemark><name>Rue de Paris</name><description><![CDATA[<b>Territoire :</b> TàD 4595<br/><b>Lignes :</b> TàD 4595<br/><b>Identifiant :</b> IDFM:3179]]></description><Point><coordinates>2.2896044446361725,48.64333559399182,0</coordinates></Point></Placemark><Placemark><name>Rue de Paris</name><description><![CDATA[<b>Territoire :</b> TàD 4595<br/><b>Lignes :</b> TàD 4595<br/><b>Identifiant :</b> IDFM:483683]]></description><Point><coordinates>2.2896987213385893,48.64339012745536,0</coordinates></Point></Placemark><Placemark><name>Rue de Pontoise</name><description><![CDATA[<b>Territoire :</b> TàD Vexin Est<br/><b>Lignes :</b> TàD<br/><b>Identifiant :</b> IDFM:29598]]></description><Point><coordinates>2.112851398012607,49.13756528863777,0</coordinates></Point></Placemark><Placemark><name>Rue de Saint-Prix</name><description><![CDATA[<b>Territoire :</b> TàD Eaubonne Domont<br/><b>Lignes :</b> TàD<br/><b>Identifiant :</b> IDFM:13259]]></description><Point><coordinates>2.2851766840984844,49.01012133888122,0</coordinates></Point></Placemark><Placemark><name>Rue des Aulnes</name><description><![CDATA[<b>Territoire :</b> TàD Vexin Est<br/><b>Lignes :</b> TàD<br/><b>Identifiant :</b> IDFM:413546]]></description><Point><coordinates>1.9430704788913908,49.04374664283534,0</coordinates></Point></Placemark><Placemark><name>Rue des Aulnes</name><description><![CDATA[<b>Territoire :</b> TàD Vexin Est<br/><b>Lignes :</b> TàD<br/><b>Identifiant :</b> IDFM:32491]]></description><Point><coordinates>1.9433181248658173,49.04367688220113,0</coordinates></Point></Placemark><Placemark><name>Rue des Barreaux</name><description><![CDATA[<b>Territoire :</b> TàD 4305<br/><b>Lignes :</b> TàD 4305, TàD 4344<br/><b>Identifiant :</b> IDFM:37109]]></description><Point><coordinates>2.3618779905816423,48.43351870828225,0</coordinates></Point></Placemark><Placemark><name>Rue des Barreaux</name><description><![CDATA[<b>Territoire :</b> TàD 4305<br/><b>Lignes :</b> TàD 4305, TàD 4344<br/><b>Identifiant :</b> IDFM:7393]]></description><Point><coordinates>2.361620043112788,48.43360728753741,0</coordinates></Point></Placemark><Placemark><name>Rue des Bouleaux</name><description><![CDATA[<b>Territoire :</b> TàD Roissy Saint-Pathus<br/><b>Lignes :</b> TàD<br/><b>Identifiant :</b> IDFM:38371]]></description><Point><coordinates>2.792715167294788,49.080101631054156,0</coordinates></Point></Placemark><Placemark><name>Rue des Fossettes</name><description><![CDATA[<b>Territoire :</b> TàD Vexin Est<br/><b>Lignes :</b> TàD<br/><b>Identifiant :</b> IDFM:29588]]></description><Point><coordinates>2.0684278479388487,49.08782037951998,0</coordinates></Point></Placemark><Placemark><name>Rue des Fossettes</name><description><![CDATA[<b>Territoire :</b> TàD Vexin Est<br/><b>Lignes :</b> TàD<br/><b>Identifiant :</b> IDFM:29571]]></description><Point><coordinates>2.068123466417309,49.08799785819349,0</coordinates></Point></Placemark><Placemark><name>Rue des Prés</name><description><![CDATA[<b>Territoire :</b> TàD Roissy Fosses<br/><b>Lignes :</b> TàD<br/><b>Identifiant :</b> IDFM:38669]]></description><Point><coordinates>2.504546271786094,49.083116628489236,0</coordinates></Point></Placemark><Placemark><name>Rue des Prés</name><description><![CDATA[<b>Territoire :</b> TàD Roissy Fosses<br/><b>Lignes :</b> TàD<br/><b>Identifiant :</b> IDFM:419586]]></description><Point><coordinates>2.504696755009466,49.083126240095,0</coordinates></Point></Placemark><Placemark><name>Rue des Rossignols</name><description><![CDATA[<b>Territoire :</b> TàD Roissy Sarcelles<br/><b>Lignes :</b> TàD, TàD, TàD<br/><b>Identifiant :</b> IDFM:424477]]></description><Point><coordinates>2.526689276894614,48.990679586425124,0</coordinates></Point></Placemark><Placemark><name>Rue des Sablons</name><description><![CDATA[<b>Territoire :</b> TàD 4342<br/><b>Lignes :</b> TàD 4342<br/><b>Identifiant :</b> IDFM:9256]]></description><Point><coordinates>2.376504058694332,48.42002043184065,0</coordinates></Point></Placemark><Placemark><name>Rue des Sablons</name><description><![CDATA[<b>Territoire :</b> TàD 4342<br/><b>Lignes :</b> TàD 4342, TàD 4343<br/><b>Identifiant :</b> IDFM:9255]]></description><Point><coordinates>2.3764345614895777,48.42018200811614,0</coordinates></Point></Placemark><Placemark><name>Rue des Saules</name><description><![CDATA[<b>Territoire :</b> TàD Nord Meulan - Les Mureaux<br/><b>Lignes :</b> TàD<br/><b>Identifiant :</b> IDFM:32614]]></description><Point><coordinates>1.8942019119438387,49.003585914813485,0</coordinates></Point></Placemark><Placemark><name>Rue des Saules</name><description><![CDATA[<b>Territoire :</b> TàD Nord Meulan - Les Mureaux<br/><b>Lignes :</b> TàD<br/><b>Identifiant :</b> IDFM:32615]]></description><Point><coordinates>1.894433278402269,49.003633010769214,0</coordinates></Point></Placemark><Placemark><name>Rue des Vignes</name><description><![CDATA[<b>Territoire :</b> TàD Roissy Sarcelles<br/><b>Lignes :</b> TàD, TàD, TàD, TàD<br/><b>Identifiant :</b> IDFM:19565]]></description><Point><coordinates>2.548334321254883,49.00472787970376,0</coordinates></Point></Placemark><Placemark><name>Rue des Vignes</name><description><![CDATA[<b>Territoire :</b> TàD Roissy Sud<br/><b>Lignes :</b> TàD<br/><b>Identifiant :</b> IDFM:470644]]></description><Point><coordinates>2.547926018101929,49.00452851569328,0</coordinates></Point></Placemark><Placemark><name>Rue du 26 Août 1944</name><description><![CDATA[<b>Territoire :</b> TàD Roissy Saint-Pathus<br/><b>Lignes :</b> TàD<br/><b>Identifiant :</b> IDFM:423738]]></description><Point><coordinates>2.8101719070318207,49.07124697094016,0</coordinates></Point></Placemark><Placemark><name>Rue du Chelléen</name><description><![CDATA[<b>Territoire :</b> TàD Bassin Chellois<br/><b>Lignes :</b> TàD, TàD, TàD<br/><b>Identifiant :</b> IDFM:16830]]></description><Point><coordinates>2.607991728526634,48.87833047490673,0</coordinates></Point></Placemark><Placemark><name>Rue du Chelléen</name><description><![CDATA[<b>Territoire :</b> TàD Bassin Chellois<br/><b>Lignes :</b> TàD, TàD, TàD<br/><b>Identifiant :</b> IDFM:16829]]></description><Point><coordinates>2.608638558351804,48.877532201197766,0</coordinates></Point></Placemark><Placemark><name>Rue du Châpitre</name><description><![CDATA[<b>Territoire :</b> TàD Roissy Sud<br/><b>Lignes :</b> TàD<br/><b>Identifiant :</b> IDFM:423136]]></description><Point><coordinates>2.535738527124495,49.002521703538584,0</coordinates></Point></Placemark><Placemark><name>Rue du Châpitre</name><description><![CDATA[<b>Territoire :</b> TàD Roissy Sarcelles<br/><b>Lignes :</b> TàD, TàD, TàD, TàD<br/><b>Identifiant :</b> IDFM:41795]]></description><Point><coordinates>2.534672106657761,49.00256253427742,0</coordinates></Point></Placemark><Placemark><name>Rue du Cimetière</name><description><![CDATA[<b>Territoire :</b> TàD Eaubonne Domont<br/><b>Lignes :</b> TàD<br/><b>Identifiant :</b> IDFM:13261]]></description><Point><coordinates>2.2801676732182274,49.00956085812012,0</coordinates></Point></Placemark><Placemark><name>Rue du Clos Noyer</name><description><![CDATA[<b>Territoire :</b> TàD 4343<br/><b>Lignes :</b> TàD 4343<br/><b>Identifiant :</b> IDFM:37343]]></description><Point><coordinates>2.3770705380840003,48.400734225530464,0</coordinates></Point></Placemark><Placemark><name>Rue du Clos Saint Gervais</name><description><![CDATA[<b>Territoire :</b> TàD 4342<br/><b>Lignes :</b> TàD 4342, TàD 4343<br/><b>Identifiant :</b> IDFM:9257]]></description><Point><coordinates>2.379291586165563,48.41402520627192,0</coordinates></Point></Placemark><Placemark><name>Rue du Clos Saint Gervais</name><description><![CDATA[<b>Territoire :</b> TàD 4342<br/><b>Lignes :</b> TàD 4342<br/><b>Identifiant :</b> IDFM:9258]]></description><Point><coordinates>2.379169644386685,48.41405155844901,0</coordinates></Point></Placemark><Placemark><name>Rue du Gué</name><description><![CDATA[<b>Territoire :</b> TàD Roissy Othis<br/><b>Lignes :</b> TàD, TàD<br/><b>Identifiant :</b> IDFM:38028]]></description><Point><coordinates>2.59864526259109,49.02073263014406,0</coordinates></Point></Placemark><Placemark><name>Rue du Gué</name><description><![CDATA[<b>Territoire :</b> TàD Roissy Othis<br/><b>Lignes :</b> TàD<br/><b>Identifiant :</b> IDFM:423578]]></description><Point><coordinates>2.5984799502477003,49.02089393262218,0</coordinates></Point></Placemark><Placemark><name>Rue du Noyer</name><description><![CDATA[<b>Territoire :</b> TàD Roissy Sarcelles<br/><b>Lignes :</b> TàD, TàD<br/><b>Identifiant :</b> IDFM:38735]]></description><Point><coordinates>2.5043788515962375,49.00322357577738,0</coordinates></Point></Placemark><Placemark><name>Rue du Pavé</name><description><![CDATA[<b>Territoire :</b> TàD Roissy Sud<br/><b>Lignes :</b> TàD<br/><b>Identifiant :</b> IDFM:38131]]></description><Point><coordinates>2.5336119774200356,48.98667815716246,0</coordinates></Point></Placemark><Placemark><name>Rue du Pavé</name><description><![CDATA[<b>Territoire :</b> TàD Roissy Sud<br/><b>Lignes :</b> TàD<br/><b>Identifiant :</b> IDFM:39241]]></description><Point><coordinates>2.531992649681509,48.987463172573115,0</coordinates></Point></Placemark><Placemark><name>Rue Ferrante</name><description><![CDATA[<b>Territoire :</b> TàD 4308<br/><b>Lignes :</b> TàD 4308<br/><b>Identifiant :</b> IDFM:21586]]></description><Point><coordinates>2.4694256244272554,48.49776055928411,0</coordinates></Point></Placemark><Placemark><name>Rue Léon Bernard</name><description><![CDATA[<b>Territoire :</b> TàD Vexin Est<br/><b>Lignes :</b> TàD<br/><b>Identifiant :</b> IDFM:29715]]></description><Point><coordinates>2.1808535831685774,49.10603784878555,0</coordinates></Point></Placemark><Placemark><name>Rue Léon Bernard</name><description><![CDATA[<b>Territoire :</b> TàD Vexin Est<br/><b>Lignes :</b> TàD<br/><b>Identifiant :</b> IDFM:29723]]></description><Point><coordinates>2.180907647639887,49.10608317493707,0</coordinates></Point></Placemark><Placemark><name>Rue Neuve</name><description><![CDATA[<b>Territoire :</b> TàD Luzarches - Goussainville<br/><b>Lignes :</b> TàD<br/><b>Identifiant :</b> IDFM:38748]]></description><Point><coordinates>2.4258911958682754,49.067031395804484,0</coordinates></Point></Placemark><Placemark><name>Rue Normande</name><description><![CDATA[<b>Territoire :</b> TàD Nord Meulan - Les Mureaux<br/><b>Lignes :</b> TàD<br/><b>Identifiant :</b> IDFM:413507]]></description><Point><coordinates>1.873208284956937,49.04321046978087,0</coordinates></Point></Placemark><Placemark><name>Rue Normande</name><description><![CDATA[<b>Territoire :</b> TàD Nord Meulan - Les Mureaux<br/><b>Lignes :</b> TàD<br/><b>Identifiant :</b> IDFM:413484]]></description><Point><coordinates>1.8734935391980758,49.04330307119255,0</coordinates></Point></Placemark><Placemark><name>Rue Saint Jean</name><description><![CDATA[<b>Territoire :</b> TàD 3209<br/><b>Lignes :</b> TàD 3209<br/><b>Identifiant :</b> IDFM:10013]]></description><Point><coordinates>3.2842297613047036,48.561638567160315,0</coordinates></Point></Placemark><Placemark><name>Rue Scribe</name><description><![CDATA[<b>Territoire :</b> TàD Roissy Villiers-le-Bel<br/><b>Lignes :</b> TàD<br/><b>Identifiant :</b> IDFM:497022]]></description><Point><coordinates>2.4162473870458387,49.00223377935963,0</coordinates></Point></Placemark><Placemark><name>Rue Scribe</name><description><![CDATA[<b>Territoire :</b> TàD Roissy Villiers-le-Bel<br/><b>Lignes :</b> TàD<br/><b>Identifiant :</b> IDFM:423572]]></description><Point><coordinates>2.4203773580393735,49.00324294273398,0</coordinates></Point></Placemark><Placemark><name>Rue Vincent</name><description><![CDATA[<b>Territoire :</b> TàD Nord Meulan - Les Mureaux<br/><b>Lignes :</b> TàD<br/><b>Identifiant :</b> IDFM:32618]]></description><Point><coordinates>1.896945178466633,49.00828743961825,0</coordinates></Point></Placemark><Placemark><name>Ruelle du Puits</name><description><![CDATA[<b>Territoire :</b> TàD Luzarches - Goussainville<br/><b>Lignes :</b> TàD<br/><b>Identifiant :</b> IDFM:40266]]></description><Point><coordinates>2.4739554408309217,49.067943762104704,0</coordinates></Point></Placemark><Placemark><name>République</name><description><![CDATA[<b>Territoire :</b> TàD Roissy Sud<br/><b>Lignes :</b> TàD<br/><b>Identifiant :</b> IDFM:478349]]></description><Point><coordinates>2.5666968584657304,48.94987033132078,0</coordinates></Point></Placemark><Placemark><name>République</name><description><![CDATA[<b>Territoire :</b> TàD Roissy Sud<br/><b>Lignes :</b> TàD<br/><b>Identifiant :</b> IDFM:427687]]></description><Point><coordinates>2.566571807312476,48.950130663984794,0</coordinates></Point></Placemark><Placemark><name>République</name><description><![CDATA[<b>Territoire :</b> TàD Bassin Chellois<br/><b>Lignes :</b> TàD, TàD, TàD<br/><b>Identifiant :</b> IDFM:15505]]></description><Point><coordinates>2.6411999616287707,48.86928856354375,0</coordinates></Point></Placemark><Placemark><name>République</name><description><![CDATA[<b>Territoire :</b> TàD Bassin Chellois<br/><b>Lignes :</b> TàD, TàD, TàD<br/><b>Identifiant :</b> IDFM:36509]]></description><Point><coordinates>2.6410570726829774,48.87024141380681,0</coordinates></Point></Placemark><Placemark><name>Résidence</name><description><![CDATA[<b>Territoire :</b> TàD 4592<br/><b>Lignes :</b> TàD 4592<br/><b>Identifiant :</b> IDFM:23079]]></description><Point><coordinates>2.301878163619004,48.660408989208236,0</coordinates></Point></Placemark><Placemark><name>Résidence Ambroise Croizat</name><description><![CDATA[<b>Territoire :</b> TàD Roissy Goussainville<br/><b>Lignes :</b> TàD<br/><b>Identifiant :</b> IDFM:38711]]></description><Point><coordinates>2.478476396176889,49.036132609592556,0</coordinates></Point></Placemark><Placemark><name>Résidence Ambroise Croizat</name><description><![CDATA[<b>Territoire :</b> TàD Roissy Goussainville<br/><b>Lignes :</b> TàD<br/><b>Identifiant :</b> IDFM:419510]]></description><Point><coordinates>2.4786410461364614,49.036079373046476,0</coordinates></Point></Placemark><Placemark><name>Sablière</name><description><![CDATA[<b>Territoire :</b> TàD 4318<br/><b>Lignes :</b> TàD 4318<br/><b>Identifiant :</b> IDFM:478730]]></description><Point><coordinates>2.435088606283265,48.564055162600255,0</coordinates></Point></Placemark><Placemark><name>Sablière</name><description><![CDATA[<b>Territoire :</b> TàD 4318<br/><b>Lignes :</b> TàD 4318<br/><b>Identifiant :</b> IDFM:478731]]></description><Point><coordinates>2.437558178116264,48.56504739313982,0</coordinates></Point></Placemark><Placemark><name>Sablons Bouillants</name><description><![CDATA[<b>Territoire :</b> TàD ZI Poincy<br/><b>Lignes :</b> TàD<br/><b>Identifiant :</b> IDFM:495792]]></description><Point><coordinates>2.9045761357937065,48.95783628090048,0</coordinates></Point></Placemark><Placemark><name>Sablons Bouillants</name><description><![CDATA[<b>Territoire :</b> TàD ZI Poincy<br/><b>Lignes :</b> TàD<br/><b>Identifiant :</b> IDFM:485741]]></description><Point><coordinates>2.9044123373974218,48.95780018091198,0</coordinates></Point></Placemark><Placemark><name>Saillancourt</name><description><![CDATA[<b>Territoire :</b> TàD Vexin Est<br/><b>Lignes :</b> TàD<br/><b>Identifiant :</b> IDFM:419237]]></description><Point><coordinates>1.9730309795339598,49.041515650373206,0</coordinates></Point></Placemark><Placemark><name>Saint Caprais</name><description><![CDATA[<b>Territoire :</b> TàD 4305<br/><b>Lignes :</b> TàD 4305<br/><b>Identifiant :</b> IDFM:12017]]></description><Point><coordinates>2.3372808775795724,48.54110583862575,0</coordinates></Point></Placemark><Placemark><name>Saint Caprais</name><description><![CDATA[<b>Territoire :</b> TàD 4305<br/><b>Lignes :</b> TàD 4305<br/><b>Identifiant :</b> IDFM:12018]]></description><Point><coordinates>2.337255035551343,48.54100673925779,0</coordinates></Point></Placemark><Placemark><name>Saint Denis</name><description><![CDATA[<b>Territoire :</b> TàD Roissy Sud<br/><b>Lignes :</b> TàD<br/><b>Identifiant :</b> IDFM:424988]]></description><Point><coordinates>2.6024712261753993,48.94779111229043,0</coordinates></Point></Placemark><Placemark><name>Saint Paul</name><description><![CDATA[<b>Territoire :</b> TàD Roissy Sud<br/><b>Lignes :</b> TàD<br/><b>Identifiant :</b> IDFM:490654]]></description><Point><coordinates>2.5092550888295206,48.947122033566984,0</coordinates></Point></Placemark><Placemark><name>Saint Pères</name><description><![CDATA[<b>Territoire :</b> TàD Roissy Sud<br/><b>Lignes :</b> TàD<br/><b>Identifiant :</b> IDFM:18825]]></description><Point><coordinates>2.5519258359154873,48.98290824239541,0</coordinates></Point></Placemark><Placemark><name>Saint-Exupéry</name><description><![CDATA[<b>Territoire :</b> TàD Roissy Juilly<br/><b>Lignes :</b> TàD<br/><b>Identifiant :</b> IDFM:39060]]></description><Point><coordinates>2.651405240512769,48.99637613926586,0</coordinates></Point></Placemark><Placemark><name>Saint-Fiacre</name><description><![CDATA[<b>Territoire :</b> TàD Roissy Othis<br/><b>Lignes :</b> TàD, TàD<br/><b>Identifiant :</b> IDFM:37986]]></description><Point><coordinates>2.6852976946610547,49.05363115940856,0</coordinates></Point></Placemark><Placemark><name>Saint-Fiacre</name><description><![CDATA[<b>Territoire :</b> TàD Roissy Othis<br/><b>Lignes :</b> TàD, TàD<br/><b>Identifiant :</b> IDFM:423562]]></description><Point><coordinates>2.6859074012408173,49.05347989725816,0</coordinates></Point></Placemark><Placemark><name>Saint-Germain</name><description><![CDATA[<b>Territoire :</b> TàD 4306<br/><b>Lignes :</b> TàD 4306<br/><b>Identifiant :</b> IDFM:12002]]></description><Point><coordinates>2.335357677262973,48.51220880347914,0</coordinates></Point></Placemark><Placemark><name>Saint-Germain</name><description><![CDATA[<b>Territoire :</b> TàD 4306<br/><b>Lignes :</b> TàD 4306<br/><b>Identifiant :</b> IDFM:427803]]></description><Point><coordinates>2.335694782855182,48.51231864209751,0</coordinates></Point></Placemark><Placemark><name>Saint-Gombert</name><description><![CDATA[<b>Territoire :</b> TàD 4306<br/><b>Lignes :</b> TàD 4306<br/><b>Identifiant :</b> IDFM:12061]]></description><Point><coordinates>2.3392619232537157,48.51290528520286,0</coordinates></Point></Placemark><Placemark><name>Saint-Laurent</name><description><![CDATA[<b>Territoire :</b> TàD Goêle<br/><b>Lignes :</b> TàD<br/><b>Identifiant :</b> IDFM:38347]]></description><Point><coordinates>2.6464929947572933,49.08366281333081,0</coordinates></Point></Placemark><Placemark><name>Salle des Fêtes</name><description><![CDATA[<b>Territoire :</b> TàD Roissy Fosses<br/><b>Lignes :</b> TàD<br/><b>Identifiant :</b> IDFM:423526]]></description><Point><coordinates>2.498636973368465,49.0756021954793,0</coordinates></Point></Placemark><Placemark><name>Salle des Fêtes</name><description><![CDATA[<b>Territoire :</b> TàD Roissy Fosses<br/><b>Lignes :</b> TàD<br/><b>Identifiant :</b> IDFM:38767]]></description><Point><coordinates>2.498959534631221,49.07621496563213,0</coordinates></Point></Placemark><Placemark><name>Salle des Fêtes</name><description><![CDATA[<b>Territoire :</b> TàD 4342<br/><b>Lignes :</b> TàD 4342, TàD 4344<br/><b>Identifiant :</b> IDFM:3067]]></description><Point><coordinates>2.1579696508508146,48.4295657984724,0</coordinates></Point></Placemark><Placemark><name>Salle des Fêtes</name><description><![CDATA[<b>Territoire :</b> TàD Roissy Villiers-le-Bel<br/><b>Lignes :</b> TàD<br/><b>Identifiant :</b> IDFM:426031]]></description><Point><coordinates>2.4431011823904116,48.99355797089258,0</coordinates></Point></Placemark><Placemark><name>Salle des Fêtes</name><description><![CDATA[<b>Territoire :</b> TàD Roissy Villiers-le-Bel<br/><b>Lignes :</b> TàD<br/><b>Identifiant :</b> IDFM:426030]]></description><Point><coordinates>2.4433219327026885,48.99336116467023,0</coordinates></Point></Placemark><Placemark><name>Salle Polyvalente</name><description><![CDATA[<b>Territoire :</b> TàD Nord Meulan - Les Mureaux<br/><b>Lignes :</b> TàD<br/><b>Identifiant :</b> IDFM:32620]]></description><Point><coordinates>1.8896103492383927,49.00481151476341,0</coordinates></Point></Placemark><Placemark><name>Salle Polyvalente</name><description><![CDATA[<b>Territoire :</b> TàD Nord Meulan - Les Mureaux<br/><b>Lignes :</b> TàD<br/><b>Identifiant :</b> IDFM:32619]]></description><Point><coordinates>1.8895021714466502,49.00475655663768,0</coordinates></Point></Placemark><Placemark><name>Saussette</name><description><![CDATA[<b>Territoire :</b> TàD Vexin Est<br/><b>Lignes :</b> TàD<br/><b>Identifiant :</b> IDFM:29533]]></description><Point><coordinates>2.038290958199076,49.16923550230497,0</coordinates></Point></Placemark><Placemark><name>Savarbousier</name><description><![CDATA[<b>Territoire :</b> TàD 2429<br/><b>Lignes :</b> TàD 2429<br/><b>Identifiant :</b> IDFM:11196]]></description><Point><coordinates>3.132471318883794,48.9365338683976,0</coordinates></Point></Placemark><Placemark><name>Savarbousier</name><description><![CDATA[<b>Territoire :</b> TàD 2429<br/><b>Lignes :</b> TàD 2429<br/><b>Identifiant :</b> IDFM:477990]]></description><Point><coordinates>3.1326759967091924,48.93650666430774,0</coordinates></Point></Placemark><Placemark><name>Savigny</name><description><![CDATA[<b>Territoire :</b> TàD Roissy Sud<br/><b>Lignes :</b> TàD<br/><b>Identifiant :</b> IDFM:480752]]></description><Point><coordinates>2.5132735169764007,48.948100627535894,0</coordinates></Point></Placemark><Placemark><name>Savigny</name><description><![CDATA[<b>Territoire :</b> TàD Roissy Sud<br/><b>Lignes :</b> TàD<br/><b>Identifiant :</b> IDFM:39023]]></description><Point><coordinates>2.5144860775202695,48.948375323137206,0</coordinates></Point></Placemark><Placemark><name>Schuman</name><description><![CDATA[<b>Territoire :</b> TàD Roissy Sud<br/><b>Lignes :</b> TàD<br/><b>Identifiant :</b> IDFM:40752]]></description><Point><coordinates>2.5458482810321,48.96546713787161,0</coordinates></Point></Placemark><Placemark><name>Schuman</name><description><![CDATA[<b>Territoire :</b> TàD Roissy Sud<br/><b>Lignes :</b> TàD<br/><b>Identifiant :</b> IDFM:39024]]></description><Point><coordinates>2.517475840467669,48.94840537920928,0</coordinates></Point></Placemark><Placemark><name>Semoir</name><description><![CDATA[<b>Territoire :</b> TàD Goêle<br/><b>Lignes :</b> TàD<br/><b>Identifiant :</b> IDFM:38254]]></description><Point><coordinates>2.6944948269190956,49.06113590389139,0</coordinates></Point></Placemark><Placemark><name>Semoir</name><description><![CDATA[<b>Territoire :</b> TàD Goêle<br/><b>Lignes :</b> TàD<br/><b>Identifiant :</b> IDFM:423812]]></description><Point><coordinates>2.6946719053882258,49.06127122737798,0</coordinates></Point></Placemark><Placemark><name>Sentier des Mulets</name><description><![CDATA[<b>Territoire :</b> TàD 4301/4530<br/><b>Lignes :</b> TàD 4301<br/><b>Identifiant :</b> IDFM:35297]]></description><Point><coordinates>2.3281426418058992,48.567052577747376,0</coordinates></Point></Placemark><Placemark><name>Singe Vert</name><description><![CDATA[<b>Territoire :</b> TàD Gretz-Tournan<br/><b>Lignes :</b> TàD<br/><b>Identifiant :</b> IDFM:16315]]></description><Point><coordinates>2.7313689034485313,48.741419065057684,0</coordinates></Point></Placemark><Placemark><name>Singe Vert</name><description><![CDATA[<b>Territoire :</b> TàD Gretz-Tournan<br/><b>Lignes :</b> TàD<br/><b>Identifiant :</b> IDFM:16316]]></description><Point><coordinates>2.730675832809274,48.74132756183288,0</coordinates></Point></Placemark><Placemark><name>Sisley</name><description><![CDATA[<b>Territoire :</b> TàD Roissy Sud<br/><b>Lignes :</b> TàD<br/><b>Identifiant :</b> IDFM:38182]]></description><Point><coordinates>2.550197329053628,48.96478211678801,0</coordinates></Point></Placemark><Placemark><name>Soleil Levant</name><description><![CDATA[<b>Territoire :</b> TàD Roissy Sud<br/><b>Lignes :</b> TàD<br/><b>Identifiant :</b> IDFM:37960]]></description><Point><coordinates>2.5026834408453875,48.94046735363935,0</coordinates></Point></Placemark><Placemark><name>Soleil Levant</name><description><![CDATA[<b>Territoire :</b> TàD Roissy Sud<br/><b>Lignes :</b> TàD<br/><b>Identifiant :</b> IDFM:19299]]></description><Point><coordinates>2.5029598890302966,48.94010879231996,0</coordinates></Point></Placemark><Placemark><name>Soleil Levant</name><description><![CDATA[<b>Territoire :</b> TàD Vexin Est<br/><b>Lignes :</b> TàD<br/><b>Identifiant :</b> IDFM:29544]]></description><Point><coordinates>2.0489674942623672,49.132941287659335,0</coordinates></Point></Placemark><Placemark><name>Sous-Préfecture</name><description><![CDATA[<b>Territoire :</b> TàD Roissy Sarcelles<br/><b>Lignes :</b> TàD<br/><b>Identifiant :</b> IDFM:38755]]></description><Point><coordinates>2.3771561538463404,48.988746596481626,0</coordinates></Point></Placemark><Placemark><name>Sous-Préfecture</name><description><![CDATA[<b>Territoire :</b> TàD Roissy Sarcelles<br/><b>Lignes :</b> TàD<br/><b>Identifiant :</b> IDFM:419477]]></description><Point><coordinates>2.3760561364418704,48.989485352137315,0</coordinates></Point></Placemark><Placemark><name>Square Degas</name><description><![CDATA[<b>Territoire :</b> TàD Roissy Fosses<br/><b>Lignes :</b> TàD<br/><b>Identifiant :</b> IDFM:38762]]></description><Point><coordinates>2.5042948030914434,49.04354333680254,0</coordinates></Point></Placemark><Placemark><name>Square Dupeyron</name><description><![CDATA[<b>Territoire :</b> TàD Nangis / La-Chapelle-Rablais<br/><b>Lignes :</b> TàD<br/><b>Identifiant :</b> IDFM:9719]]></description><Point><coordinates>2.967453166812272,48.50925908159093,0</coordinates></Point></Placemark><Placemark><name>Square Dupeyron</name><description><![CDATA[<b>Territoire :</b> TàD Nangis / La-Chapelle-Rablais<br/><b>Lignes :</b> TàD<br/><b>Identifiant :</b> IDFM:470579]]></description><Point><coordinates>2.9674397175203393,48.50911514427466,0</coordinates></Point></Placemark><Placemark><name>Stade</name><description><![CDATA[<b>Territoire :</b> TàD Nangis / La-Chapelle-Rablais<br/><b>Lignes :</b> TàD<br/><b>Identifiant :</b> IDFM:425032]]></description><Point><coordinates>2.9514612547293932,48.55619310740318,0</coordinates></Point></Placemark><Placemark><name>Stade</name><description><![CDATA[<b>Territoire :</b> TàD Nangis / La-Chapelle-Rablais<br/><b>Lignes :</b> TàD<br/><b>Identifiant :</b> IDFM:9848]]></description><Point><coordinates>2.9521659914626484,48.55608544670521,0</coordinates></Point></Placemark><Placemark><name>Stade</name><description><![CDATA[<b>Territoire :</b> TàD 4308<br/><b>Lignes :</b> TàD 4308, TàD 4318<br/><b>Identifiant :</b> IDFM:426728]]></description><Point><coordinates>2.444145550635192,48.517724234995384,0</coordinates></Point></Placemark><Placemark><name>Stade</name><description><![CDATA[<b>Territoire :</b> TàD Vexin Est<br/><b>Lignes :</b> TàD<br/><b>Identifiant :</b> IDFM:29543]]></description><Point><coordinates>2.053218246169693,49.13052911589578,0</coordinates></Point></Placemark><Placemark><name>Stade</name><description><![CDATA[<b>Territoire :</b> TàD Vexin Est<br/><b>Lignes :</b> TàD<br/><b>Identifiant :</b> IDFM:32942]]></description><Point><coordinates>1.9651844185870093,49.105076818102276,0</coordinates></Point></Placemark><Placemark><name>Stade</name><description><![CDATA[<b>Territoire :</b> TàD 4342<br/><b>Lignes :</b> TàD 4342<br/><b>Identifiant :</b> IDFM:9249]]></description><Point><coordinates>2.3861279331962257,48.364433577856495,0</coordinates></Point></Placemark><Placemark><name>Stade</name><description><![CDATA[<b>Territoire :</b> TàD 4342<br/><b>Lignes :</b> TàD 4342<br/><b>Identifiant :</b> IDFM:9250]]></description><Point><coordinates>2.385937870071035,48.36452256429456,0</coordinates></Point></Placemark><Placemark><name>Stade de Saint-Pathus</name><description><![CDATA[<b>Territoire :</b> TàD Roissy Saint-Pathus<br/><b>Lignes :</b> TàD<br/><b>Identifiant :</b> IDFM:415832]]></description><Point><coordinates>2.7937766851892016,49.07819728715884,0</coordinates></Point></Placemark><Placemark><name>Stade de Saint-Pathus</name><description><![CDATA[<b>Territoire :</b> TàD Roissy Saint-Pathus<br/><b>Lignes :</b> TàD<br/><b>Identifiant :</b> IDFM:423542]]></description><Point><coordinates>2.7939410009022856,49.078179586207135,0</coordinates></Point></Placemark><Placemark><name>Stade Jean Jaurès</name><description><![CDATA[<b>Territoire :</b> TàD Roissy Sud<br/><b>Lignes :</b> TàD<br/><b>Identifiant :</b> IDFM:18950]]></description><Point><coordinates>2.5828782750489037,48.94110597897709,0</coordinates></Point></Placemark><Placemark><name>Stade Laumondé</name><description><![CDATA[<b>Territoire :</b> TàD Gretz-Tournan<br/><b>Lignes :</b> TàD<br/><b>Identifiant :</b> IDFM:495839]]></description><Point><coordinates>2.7174447561003747,48.736188274583,0</coordinates></Point></Placemark><Placemark><name>Stade Laumondé</name><description><![CDATA[<b>Territoire :</b> TàD Gretz-Tournan<br/><b>Lignes :</b> TàD<br/><b>Identifiant :</b> IDFM:16318]]></description><Point><coordinates>2.7176761054357397,48.73615284506528,0</coordinates></Point></Placemark><Placemark><name>Stade Léo Lagrange</name><description><![CDATA[<b>Territoire :</b> TàD 6131<br/><b>Lignes :</b> TàD 6131<br/><b>Identifiant :</b> IDFM:12752]]></description><Point><coordinates>2.18740341583271,48.79734735624895,0</coordinates></Point></Placemark><Placemark><name>Stade Rémi Ferey</name><description><![CDATA[<b>Territoire :</b> TàD Nord Meulan - Les Mureaux<br/><b>Lignes :</b> TàD<br/><b>Identifiant :</b> IDFM:32781]]></description><Point><coordinates>1.8865259884066874,49.004585094995186,0</coordinates></Point></Placemark><Placemark><name>Stade Rémi Ferey</name><description><![CDATA[<b>Territoire :</b> TàD Nord Meulan - Les Mureaux<br/><b>Lignes :</b> TàD<br/><b>Identifiant :</b> IDFM:32780]]></description><Point><coordinates>1.8864312879086604,49.00453925196927,0</coordinates></Point></Placemark><Placemark><name>Stop Cerny</name><description><![CDATA[<b>Territoire :</b> TàD 4305<br/><b>Lignes :</b> TàD 4305, TàD 4306<br/><b>Identifiant :</b> IDFM:35975]]></description><Point><coordinates>2.3515420719786904,48.49104917241885,0</coordinates></Point></Placemark><Placemark><name>Stop Cerny</name><description><![CDATA[<b>Territoire :</b> TàD 4305<br/><b>Lignes :</b> TàD 4305, TàD 4306<br/><b>Identifiant :</b> IDFM:35976]]></description><Point><coordinates>2.3514464484740603,48.4911206206563,0</coordinates></Point></Placemark><Placemark><name>Supermarché</name><description><![CDATA[<b>Territoire :</b> TàD 4318<br/><b>Lignes :</b> TàD 4318<br/><b>Identifiant :</b> IDFM:426729]]></description><Point><coordinates>2.4514225901788063,48.56511213210926,0</coordinates></Point></Placemark><Placemark><name>Supermarché</name><description><![CDATA[<b>Territoire :</b> TàD 4318<br/><b>Lignes :</b> TàD 4318<br/><b>Identifiant :</b> IDFM:462595]]></description><Point><coordinates>2.4514753888332237,48.56524731054438,0</coordinates></Point></Placemark><Placemark><name>Sécurité Sociale</name><description><![CDATA[<b>Territoire :</b> TàD Roissy Goussainville<br/><b>Lignes :</b> TàD<br/><b>Identifiant :</b> IDFM:419475]]></description><Point><coordinates>2.4633373366029,49.02549136522913,0</coordinates></Point></Placemark><Placemark><name>Tabac</name><description><![CDATA[<b>Territoire :</b> TàD Luzarches - Goussainville<br/><b>Lignes :</b> TàD<br/><b>Identifiant :</b> IDFM:41634]]></description><Point><coordinates>2.3684178943819996,49.090498958157106,0</coordinates></Point></Placemark><Placemark><name>Table Ronde</name><description><![CDATA[<b>Territoire :</b> TàD 3209<br/><b>Lignes :</b> TàD 3209<br/><b>Identifiant :</b> IDFM:10022]]></description><Point><coordinates>3.2943741730727516,48.562945235548256,0</coordinates></Point></Placemark><Placemark><name>Tassigny</name><description><![CDATA[<b>Territoire :</b> TàD 3209<br/><b>Lignes :</b> TàD 3209<br/><b>Identifiant :</b> IDFM:9859]]></description><Point><coordinates>3.3077104666757826,48.55842270821394,0</coordinates></Point></Placemark><Placemark><name>Tassigny</name><description><![CDATA[<b>Territoire :</b> TàD 3209<br/><b>Lignes :</b> TàD 3209<br/><b>Identifiant :</b> IDFM:480779]]></description><Point><coordinates>3.30860500545704,48.558447377531124,0</coordinates></Point></Placemark><Placemark><name>Tennis</name><description><![CDATA[<b>Territoire :</b> TàD Roissy Sud<br/><b>Lignes :</b> TàD<br/><b>Identifiant :</b> IDFM:37962]]></description><Point><coordinates>2.4947682588447564,48.957079619033095,0</coordinates></Point></Placemark><Placemark><name>Tennis</name><description><![CDATA[<b>Territoire :</b> TàD Roissy Sud<br/><b>Lignes :</b> TàD<br/><b>Identifiant :</b> IDFM:19344]]></description><Point><coordinates>2.4953879655467306,48.95654267462246,0</coordinates></Point></Placemark><Placemark><name>Tertre</name><description><![CDATA[<b>Territoire :</b> TàD 4306<br/><b>Lignes :</b> TàD 4306<br/><b>Identifiant :</b> IDFM:427808]]></description><Point><coordinates>2.360636348875521,48.48222811059608,0</coordinates></Point></Placemark><Placemark><name>Tertre</name><description><![CDATA[<b>Territoire :</b> TàD 4306<br/><b>Lignes :</b> TàD 4306<br/><b>Identifiant :</b> IDFM:427811]]></description><Point><coordinates>2.3614112386548776,48.48193540030015,0</coordinates></Point></Placemark><Placemark><name>Théodore Bullier</name><description><![CDATA[<b>Territoire :</b> TàD Roissy Sarcelles<br/><b>Lignes :</b> TàD<br/><b>Identifiant :</b> IDFM:38788]]></description><Point><coordinates>2.3725229240385817,48.99110543782267,0</coordinates></Point></Placemark><Placemark><name>Théodore Bullier</name><description><![CDATA[<b>Territoire :</b> TàD Roissy Sarcelles<br/><b>Lignes :</b> TàD<br/><b>Identifiant :</b> IDFM:421675]]></description><Point><coordinates>2.3740954409187394,48.99101473494489,0</coordinates></Point></Placemark><Placemark><name>Tilleul</name><description><![CDATA[<b>Territoire :</b> TàD 4344<br/><b>Lignes :</b> TàD 4344<br/><b>Identifiant :</b> IDFM:7274]]></description><Point><coordinates>2.3829704315589555,48.42874507341535,0</coordinates></Point></Placemark><Placemark><name>Tilleul</name><description><![CDATA[<b>Territoire :</b> TàD 4344<br/><b>Lignes :</b> TàD 4344<br/><b>Identifiant :</b> IDFM:7273]]></description><Point><coordinates>2.3832159631976277,48.428557419601894,0</coordinates></Point></Placemark><Placemark><name>Tilleuls</name><description><![CDATA[<b>Territoire :</b> TàD Roissy Sud<br/><b>Lignes :</b> TàD<br/><b>Identifiant :</b> IDFM:38184]]></description><Point><coordinates>2.615311295064394,48.95247315537399,0</coordinates></Point></Placemark><Placemark><name>Tournebride</name><description><![CDATA[<b>Territoire :</b> TàD 4301/4530<br/><b>Lignes :</b> TàD 4301<br/><b>Identifiant :</b> IDFM:477376]]></description><Point><coordinates>2.365478511010832,48.539514440566954,0</coordinates></Point></Placemark><Placemark><name>Tournebride</name><description><![CDATA[<b>Territoire :</b> TàD 4301/4530<br/><b>Lignes :</b> TàD 4301<br/><b>Identifiant :</b> IDFM:477375]]></description><Point><coordinates>2.3657202713934224,48.53968665298497,0</coordinates></Point></Placemark><Placemark><name>Transformateur</name><description><![CDATA[<b>Territoire :</b> TàD Vexin Est<br/><b>Lignes :</b> TàD<br/><b>Identifiant :</b> IDFM:29567]]></description><Point><coordinates>1.9812767036600976,49.0911238783864,0</coordinates></Point></Placemark><Placemark><name>Triangle de Gonesse / Patte d&apos;Oie</name><description><![CDATA[<b>Territoire :</b> TàD Roissy Villiers-le-Bel<br/><b>Lignes :</b> TàD<br/><b>Identifiant :</b> IDFM:14628]]></description><Point><coordinates>2.4684989611610635,48.983421912295945,0</coordinates></Point></Placemark><Placemark><name>Triangle de Gonesse / Patte d&apos;Oie</name><description><![CDATA[<b>Territoire :</b> TàD Roissy Villiers-le-Bel<br/><b>Lignes :</b> TàD<br/><b>Identifiant :</b> IDFM:14627]]></description><Point><coordinates>2.4684836440380553,48.983583706951,0</coordinates></Point></Placemark><Placemark><name>Trois Villes</name><description><![CDATA[<b>Territoire :</b> TàD Roissy Juilly<br/><b>Lignes :</b> TàD<br/><b>Identifiant :</b> IDFM:39186]]></description><Point><coordinates>2.669291802724824,49.00738811204813,0</coordinates></Point></Placemark><Placemark><name>Trois Villes</name><description><![CDATA[<b>Territoire :</b> TàD Roissy Juilly<br/><b>Lignes :</b> TàD<br/><b>Identifiant :</b> IDFM:39187]]></description><Point><coordinates>2.6690728236351715,49.0074324686744,0</coordinates></Point></Placemark><Placemark><name>Trésor Public</name><description><![CDATA[<b>Territoire :</b> TàD Roissy Othis<br/><b>Lignes :</b> TàD, TàD<br/><b>Identifiant :</b> IDFM:37983]]></description><Point><coordinates>2.674867966097128,49.05334262900235,0</coordinates></Point></Placemark><Placemark><name>Trésor Public</name><description><![CDATA[<b>Territoire :</b> TàD Roissy Othis<br/><b>Lignes :</b> TàD, TàD<br/><b>Identifiant :</b> IDFM:423854]]></description><Point><coordinates>2.6746639437902897,49.05315325229749,0</coordinates></Point></Placemark><Placemark><name>Tuileries</name><description><![CDATA[<b>Territoire :</b> TàD 4591<br/><b>Lignes :</b> TàD 4591<br/><b>Identifiant :</b> IDFM:3380]]></description><Point><coordinates>2.2555724900803806,48.607236157719356,0</coordinates></Point></Placemark><Placemark><name>Tuileries</name><description><![CDATA[<b>Territoire :</b> TàD 4591<br/><b>Lignes :</b> TàD 4591<br/><b>Identifiant :</b> IDFM:3379]]></description><Point><coordinates>2.2556932816410717,48.60732686827252,0</coordinates></Point></Placemark><Placemark><name>UNM - UTAC</name><description><![CDATA[<b>Territoire :</b> TàD 4591<br/><b>Lignes :</b> TàD 4591<br/><b>Identifiant :</b> IDFM:3148]]></description><Point><coordinates>2.2496582253357764,48.62333693680089,0</coordinates></Point></Placemark><Placemark><name>UNM - UTAC</name><description><![CDATA[<b>Territoire :</b> TàD 4591<br/><b>Lignes :</b> TàD 4591<br/><b>Identifiant :</b> IDFM:482844]]></description><Point><coordinates>2.249659772483688,48.62322900141897,0</coordinates></Point></Placemark><Placemark><name>Vaillant</name><description><![CDATA[<b>Territoire :</b> TàD Roissy Sud<br/><b>Lignes :</b> TàD<br/><b>Identifiant :</b> IDFM:39270]]></description><Point><coordinates>2.5724399528449116,48.94383893203893,0</coordinates></Point></Placemark><Placemark><name>Val d&apos;Ormoy</name><description><![CDATA[<b>Territoire :</b> TàD 4318<br/><b>Lignes :</b> TàD 4318<br/><b>Identifiant :</b> IDFM:9461]]></description><Point><coordinates>2.4527714798407083,48.57481563323247,0</coordinates></Point></Placemark><Placemark><name>Val d&apos;Ormoy</name><description><![CDATA[<b>Territoire :</b> TàD 4318<br/><b>Lignes :</b> TàD 4318<br/><b>Identifiant :</b> IDFM:9462]]></description><Point><coordinates>2.4524576416867876,48.57501209256348,0</coordinates></Point></Placemark><Placemark><name>Van Gogh</name><description><![CDATA[<b>Territoire :</b> TàD Roissy Sud<br/><b>Lignes :</b> TàD<br/><b>Identifiant :</b> IDFM:427430]]></description><Point><coordinates>2.6460713810203167,48.972926751695994,0</coordinates></Point></Placemark><Placemark><name>Vanry</name><description><![CDATA[<b>Territoire :</b> TàD 2429<br/><b>Lignes :</b> TàD 2429<br/><b>Identifiant :</b> IDFM:10718]]></description><Point><coordinates>3.1507252022821275,48.93134606008105,0</coordinates></Point></Placemark><Placemark><name>Vanry</name><description><![CDATA[<b>Territoire :</b> TàD 2429<br/><b>Lignes :</b> TàD 2429<br/><b>Identifiant :</b> IDFM:10717]]></description><Point><coordinates>3.1505693371555488,48.93125183357662,0</coordinates></Point></Placemark><Placemark><name>Verdi</name><description><![CDATA[<b>Territoire :</b> TàD Roissy Sud<br/><b>Lignes :</b> TàD<br/><b>Identifiant :</b> IDFM:477725]]></description><Point><coordinates>2.577391101137773,48.961194121418,0</coordinates></Point></Placemark><Placemark><name>Verdun</name><description><![CDATA[<b>Territoire :</b> TàD Roissy Sud<br/><b>Lignes :</b> TàD<br/><b>Identifiant :</b> IDFM:38185]]></description><Point><coordinates>2.5998215198095975,48.9479261778517,0</coordinates></Point></Placemark><Placemark><name>Verdun</name><description><![CDATA[<b>Territoire :</b> TàD 4592<br/><b>Lignes :</b> TàD 4592<br/><b>Identifiant :</b> IDFM:41849]]></description><Point><coordinates>2.2902681422025513,48.65444861282788,0</coordinates></Point></Placemark><Placemark><name>Versant Seine</name><description><![CDATA[<b>Territoire :</b> TàD Roissy Sud<br/><b>Lignes :</b> TàD<br/><b>Identifiant :</b> IDFM:423065]]></description><Point><coordinates>2.5367493192925297,48.98572813692461,0</coordinates></Point></Placemark><Placemark><name>Versant Seine</name><description><![CDATA[<b>Territoire :</b> TàD Roissy Sud<br/><b>Lignes :</b> TàD<br/><b>Identifiant :</b> IDFM:423066]]></description><Point><coordinates>2.5356270676385386,48.985939613454505,0</coordinates></Point></Placemark><Placemark><name>Victor Basch</name><description><![CDATA[<b>Territoire :</b> TàD Roissy Goussainville<br/><b>Lignes :</b> TàD<br/><b>Identifiant :</b> IDFM:419600]]></description><Point><coordinates>2.474376160574981,49.03046780044347,0</coordinates></Point></Placemark><Placemark><name>Victor Basch</name><description><![CDATA[<b>Territoire :</b> TàD Roissy Goussainville<br/><b>Lignes :</b> TàD<br/><b>Identifiant :</b> IDFM:419675]]></description><Point><coordinates>2.475433433319281,49.030040809676976,0</coordinates></Point></Placemark><Placemark><name>Victor Hugo</name><description><![CDATA[<b>Territoire :</b> TàD Roissy Villiers-le-Bel<br/><b>Lignes :</b> TàD<br/><b>Identifiant :</b> IDFM:28352]]></description><Point><coordinates>2.396165037941581,49.00618092820287,0</coordinates></Point></Placemark><Placemark><name>Victor Hugo</name><description><![CDATA[<b>Territoire :</b> TàD Gretz-Tournan<br/><b>Lignes :</b> TàD<br/><b>Identifiant :</b> IDFM:6326]]></description><Point><coordinates>2.723327329289227,48.73972778175131,0</coordinates></Point></Placemark><Placemark><name>Victor Hugo</name><description><![CDATA[<b>Territoire :</b> TàD Gretz-Tournan<br/><b>Lignes :</b> TàD<br/><b>Identifiant :</b> IDFM:16321]]></description><Point><coordinates>2.722947579678828,48.739538023038904,0</coordinates></Point></Placemark><Placemark><name>Victor Hugo / Boissy-l&apos;Aillerie</name><description><![CDATA[<b>Territoire :</b> TàD Vexin Est<br/><b>Lignes :</b> TàD<br/><b>Identifiant :</b> IDFM:29759]]></description><Point><coordinates>2.0280661343398965,49.074768167972735,0</coordinates></Point></Placemark><Placemark><name>Victor Hugo / Boissy-l&apos;Aillerie</name><description><![CDATA[<b>Territoire :</b> TàD Vexin Est<br/><b>Lignes :</b> TàD<br/><b>Identifiant :</b> IDFM:29749]]></description><Point><coordinates>2.0277518385375717,49.07488701862841,0</coordinates></Point></Placemark><Placemark><name>Vide Arpents</name><description><![CDATA[<b>Territoire :</b> TàD ZI Poincy<br/><b>Lignes :</b> TàD<br/><b>Identifiant :</b> IDFM:485740]]></description><Point><coordinates>2.904346517107512,48.963887953336496,0</coordinates></Point></Placemark><Placemark><name>Vide Arpents</name><description><![CDATA[<b>Territoire :</b> TàD ZI Poincy<br/><b>Lignes :</b> TàD<br/><b>Identifiant :</b> IDFM:485738]]></description><Point><coordinates>2.904182865525922,48.963761930060805,0</coordinates></Point></Placemark><Placemark><name>Vieux Colombier</name><description><![CDATA[<b>Territoire :</b> TàD Nord Meulan - Les Mureaux<br/><b>Lignes :</b> TàD<br/><b>Identifiant :</b> IDFM:5512]]></description><Point><coordinates>1.9444562347403256,49.0159628065516,0</coordinates></Point></Placemark><Placemark><name>Vieux Colombier</name><description><![CDATA[<b>Territoire :</b> TàD Nord Meulan - Les Mureaux<br/><b>Lignes :</b> TàD<br/><b>Identifiant :</b> IDFM:5513]]></description><Point><coordinates>1.9458924568684048,49.015256011899126,0</coordinates></Point></Placemark><Placemark><name>Vieux Logis</name><description><![CDATA[<b>Territoire :</b> TàD 4592<br/><b>Lignes :</b> TàD 4592<br/><b>Identifiant :</b> IDFM:12045]]></description><Point><coordinates>2.328717358067976,48.66397229271161,0</coordinates></Point></Placemark><Placemark><name>Vieux Moulin 1</name><description><![CDATA[<b>Territoire :</b> TàD Gretz-Tournan<br/><b>Lignes :</b> TàD<br/><b>Identifiant :</b> IDFM:16304]]></description><Point><coordinates>2.73729807361521,48.73599976582048,0</coordinates></Point></Placemark><Placemark><name>Vieux Moulin 2</name><description><![CDATA[<b>Territoire :</b> TàD Gretz-Tournan<br/><b>Lignes :</b> TàD<br/><b>Identifiant :</b> IDFM:16305]]></description><Point><coordinates>2.7374607892174683,48.736090065933034,0</coordinates></Point></Placemark><Placemark><name>Vigne Blanche</name><description><![CDATA[<b>Territoire :</b> TàD Sud Meulan - Les Mureaux<br/><b>Lignes :</b> TàD<br/><b>Identifiant :</b> IDFM:13588]]></description><Point><coordinates>1.9124402617538323,48.98183680213139,0</coordinates></Point></Placemark><Placemark><name>Vigne Blanche</name><description><![CDATA[<b>Territoire :</b> TàD Sud Meulan - Les Mureaux<br/><b>Lignes :</b> TàD<br/><b>Identifiant :</b> IDFM:13589]]></description><Point><coordinates>1.912239496058069,48.981637135220424,0</coordinates></Point></Placemark><Placemark><name>Vignes de Pâques</name><description><![CDATA[<b>Territoire :</b> TàD Goêle<br/><b>Lignes :</b> TàD<br/><b>Identifiant :</b> IDFM:38369]]></description><Point><coordinates>2.706384010382179,49.04197738897901,0</coordinates></Point></Placemark><Placemark><name>Village</name><description><![CDATA[<b>Territoire :</b> TàD Roissy Sarcelles<br/><b>Lignes :</b> TàD, TàD<br/><b>Identifiant :</b> IDFM:38732]]></description><Point><coordinates>2.5164000889271594,49.003893075329785,0</coordinates></Point></Placemark><Placemark><name>Village</name><description><![CDATA[<b>Territoire :</b> TàD Roissy Sarcelles<br/><b>Lignes :</b> TàD, TàD<br/><b>Identifiant :</b> IDFM:40494]]></description><Point><coordinates>2.5159203112805635,49.00404400777635,0</coordinates></Point></Placemark><Placemark><name>Ville Haute Quai 2</name><description><![CDATA[<b>Territoire :</b> TàD 3209<br/><b>Lignes :</b> TàD 3209<br/><b>Identifiant :</b> IDFM:425860]]></description><Point><coordinates>3.28048703392102,48.56120666960399,0</coordinates></Point></Placemark><Placemark><name>Villette</name><description><![CDATA[<b>Territoire :</b> TàD Vexin Est<br/><b>Lignes :</b> TàD<br/><b>Identifiant :</b> IDFM:32883]]></description><Point><coordinates>1.9354259117901147,49.03163815448248,0</coordinates></Point></Placemark><Placemark><name>Voltaire</name><description><![CDATA[<b>Territoire :</b> TàD Roissy Sud<br/><b>Lignes :</b> TàD<br/><b>Identifiant :</b> IDFM:39159]]></description><Point><coordinates>2.594370342592364,48.95889672959199,0</coordinates></Point></Placemark><Placemark><name>Voltaire</name><description><![CDATA[<b>Territoire :</b> TàD Roissy Sud<br/><b>Lignes :</b> TàD<br/><b>Identifiant :</b> IDFM:423637]]></description><Point><coordinates>2.5944412623867223,48.95899588679892,0</coordinates></Point></Placemark><Placemark><name>Vélodrome (cours Salvador Allende)</name><description><![CDATA[<b>Territoire :</b> TàD Roissy Sud<br/><b>Lignes :</b> TàD<br/><b>Identifiant :</b> IDFM:39031]]></description><Point><coordinates>2.5070214683796723,48.95374941671615,0</coordinates></Point></Placemark><Placemark><name>Vélodrome (cours Salvador Allende)</name><description><![CDATA[<b>Territoire :</b> TàD Roissy Sud<br/><b>Lignes :</b> TàD<br/><b>Identifiant :</b> IDFM:39030]]></description><Point><coordinates>2.5057926042473158,48.953744357724396,0</coordinates></Point></Placemark><Placemark><name>ZA des Grouettes</name><description><![CDATA[<b>Territoire :</b> TàD 4306<br/><b>Lignes :</b> TàD 4306<br/><b>Identifiant :</b> IDFM:463468]]></description><Point><coordinates>2.3208312243312004,48.46604749116955,0</coordinates></Point></Placemark><Placemark><name>ZA des Grouettes</name><description><![CDATA[<b>Territoire :</b> TàD 4306<br/><b>Lignes :</b> TàD 4306<br/><b>Identifiant :</b> IDFM:463470]]></description><Point><coordinates>2.3212596690027962,48.46639180765764,0</coordinates></Point></Placemark><Placemark><name>ZA Fontaine des Tournelles</name><description><![CDATA[<b>Territoire :</b> TàD Roissy Saint-Pathus<br/><b>Lignes :</b> TàD, TàD<br/><b>Identifiant :</b> IDFM:461942]]></description><Point><coordinates>2.6858032442644837,49.039047957975164,0</coordinates></Point></Placemark><Placemark><name>ZA Fontaine des Tournelles</name><description><![CDATA[<b>Territoire :</b> TàD Roissy Saint-Pathus<br/><b>Lignes :</b> TàD, TàD<br/><b>Identifiant :</b> IDFM:461940]]></description><Point><coordinates>2.6858432403248416,49.039218905931435,0</coordinates></Point></Placemark><Placemark><name>ZA la Source</name><description><![CDATA[<b>Territoire :</b> TàD Goêle<br/><b>Lignes :</b> TàD<br/><b>Identifiant :</b> IDFM:40330]]></description><Point><coordinates>2.7099019180360306,49.0145608335748,0</coordinates></Point></Placemark><Placemark><name>ZA la Source</name><description><![CDATA[<b>Territoire :</b> TàD Goêle<br/><b>Lignes :</b> TàD<br/><b>Identifiant :</b> IDFM:423744]]></description><Point><coordinates>2.709301133502287,49.01443349285547,0</coordinates></Point></Placemark><Placemark><name>ZA Pointe à l&apos;Abbé</name><description><![CDATA[<b>Territoire :</b> TàD 4592<br/><b>Lignes :</b> TàD 4592<br/><b>Identifiant :</b> IDFM:3543]]></description><Point><coordinates>2.296060407738764,48.6639008463316,0</coordinates></Point></Placemark><Placemark><name>ZAC</name><description><![CDATA[<b>Territoire :</b> TàD 4305<br/><b>Lignes :</b> TàD 4305, TàD 4301<br/><b>Identifiant :</b> IDFM:12049]]></description><Point><coordinates>2.347674682838633,48.52561824966025,0</coordinates></Point></Placemark><Placemark><name>ZAC</name><description><![CDATA[<b>Territoire :</b> TàD 4305<br/><b>Lignes :</b> TàD 4305, TàD 4301<br/><b>Identifiant :</b> IDFM:12050]]></description><Point><coordinates>2.3482345033976455,48.52525248268693,0</coordinates></Point></Placemark><Placemark><name>ZAC de l&apos;Orme</name><description><![CDATA[<b>Territoire :</b> TàD Luzarches - Goussainville<br/><b>Lignes :</b> TàD<br/><b>Identifiant :</b> IDFM:477639]]></description><Point><coordinates>2.367004228742619,49.10761124517807,0</coordinates></Point></Placemark><Placemark><name>ZAC de la Feuchère</name><description><![CDATA[<b>Territoire :</b> TàD Roissy Juilly<br/><b>Lignes :</b> TàD<br/><b>Identifiant :</b> IDFM:40119]]></description><Point><coordinates>2.6534452392961185,48.99170612710267,0</coordinates></Point></Placemark><Placemark><name>ZAC de la Feuchère</name><description><![CDATA[<b>Territoire :</b> TàD Roissy Juilly<br/><b>Lignes :</b> TàD<br/><b>Identifiant :</b> IDFM:39059]]></description><Point><coordinates>2.652871344785596,48.991704468206954,0</coordinates></Point></Placemark><Placemark><name>ZAC du Parc</name><description><![CDATA[<b>Territoire :</b> TàD Roissy Juilly<br/><b>Lignes :</b> TàD<br/><b>Identifiant :</b> IDFM:426286]]></description><Point><coordinates>2.6576075936601384,48.992509387572696,0</coordinates></Point></Placemark><Placemark><name>ZAC du Parc</name><description><![CDATA[<b>Territoire :</b> TàD Roissy Juilly<br/><b>Lignes :</b> TàD<br/><b>Identifiant :</b> IDFM:426284]]></description><Point><coordinates>2.6575655339016215,48.99267112653414,0</coordinates></Point></Placemark><Placemark><name>ZAC Montvrain</name><description><![CDATA[<b>Territoire :</b> TàD 4318<br/><b>Lignes :</b> TàD 4318<br/><b>Identifiant :</b> IDFM:10420]]></description><Point><coordinates>2.4470690379852353,48.565388834583565,0</coordinates></Point></Placemark><Placemark><name>ZI Arsonval</name><description><![CDATA[<b>Territoire :</b> TàD Roissy Villiers-le-Bel<br/><b>Lignes :</b> TàD<br/><b>Identifiant :</b> IDFM:37999]]></description><Point><coordinates>2.4570819943886675,48.990807453616036,0</coordinates></Point></Placemark><Placemark><name>ZI Arsonval</name><description><![CDATA[<b>Territoire :</b> TàD Roissy Villiers-le-Bel<br/><b>Lignes :</b> TàD<br/><b>Identifiant :</b> IDFM:423612]]></description><Point><coordinates>2.4567272075271225,48.99076088619556,0</coordinates></Point></Placemark><Placemark><name>ZI du Mesnil-Amelot</name><description><![CDATA[<b>Territoire :</b> TàD Roissy Othis<br/><b>Lignes :</b> TàD, TàD<br/><b>Identifiant :</b> IDFM:495208]]></description><Point><coordinates>2.5985234209401034,49.01880794209666,0</coordinates></Point></Placemark><Placemark><name>ZI du Mesnil-Amelot</name><description><![CDATA[<b>Territoire :</b> TàD Roissy Othis<br/><b>Lignes :</b> TàD<br/><b>Identifiant :</b> IDFM:38029]]></description><Point><coordinates>2.5986618010301883,49.018592597377264,0</coordinates></Point></Placemark><Placemark><name>Zone Commerciale</name><description><![CDATA[<b>Territoire :</b> TàD Goêle<br/><b>Lignes :</b> TàD<br/><b>Identifiant :</b> IDFM:495049]]></description><Point><coordinates>2.6831834628035294,49.03579504690774,0</coordinates></Point></Placemark><Placemark><name>Zone d&apos;Activités</name><description><![CDATA[<b>Territoire :</b> TàD Vexin Est<br/><b>Lignes :</b> TàD<br/><b>Identifiant :</b> IDFM:40912]]></description><Point><coordinates>2.1357440325534784,49.099320066800644,0</coordinates></Point></Placemark><Placemark><name>Zone Hôtelière du Mesnil-Amelot</name><description><![CDATA[<b>Territoire :</b> TàD Roissy Othis<br/><b>Lignes :</b> TàD, TàD<br/><b>Identifiant :</b> IDFM:492912]]></description><Point><coordinates>2.5861587537007704,49.01950329890377,0</coordinates></Point></Placemark><Placemark><name>Zone Hôtelière du Mesnil-Amelot</name><description><![CDATA[<b>Territoire :</b> TàD Roissy Othis<br/><b>Lignes :</b> TàD<br/><b>Identifiant :</b> IDFM:38024]]></description><Point><coordinates>2.587553452176834,49.0194811224655,0</coordinates></Point></Placemark><Placemark><name>Zone Industrielle</name><description><![CDATA[<b>Territoire :</b> TàD ZI Poincy<br/><b>Lignes :</b> TàD<br/><b>Identifiant :</b> IDFM:485736]]></description><Point><coordinates>2.905152121992949,48.95648787989398,0</coordinates></Point></Placemark><Placemark><name>Zone Technique</name><description><![CDATA[<b>Territoire :</b> TàD Roissy Fosses<br/><b>Lignes :</b> TàD<br/><b>Identifiant :</b> IDFM:419700]]></description><Point><coordinates>2.5331161603096386,49.011449693979436,0</coordinates></Point></Placemark><Placemark><name>Zone Technique</name><description><![CDATA[<b>Territoire :</b> TàD Roissy Sarcelles<br/><b>Lignes :</b> TàD, TàD, TàD, TàD<br/><b>Identifiant :</b> IDFM:461672]]></description><Point><coordinates>2.532466268800712,49.01075477420743,0</coordinates></Point></Placemark><Placemark><name>École</name><description><![CDATA[<b>Territoire :</b> TàD 4306<br/><b>Lignes :</b> TàD 4306<br/><b>Identifiant :</b> IDFM:11958]]></description><Point><coordinates>2.3268185160437977,48.47809183596492,0</coordinates></Point></Placemark><Placemark><name>École</name><description><![CDATA[<b>Territoire :</b> TàD Nord Meulan - Les Mureaux<br/><b>Lignes :</b> TàD<br/><b>Identifiant :</b> IDFM:32862]]></description><Point><coordinates>1.9212126027909315,49.025243451889175,0</coordinates></Point></Placemark><Placemark><name>École</name><description><![CDATA[<b>Territoire :</b> TàD Nord Meulan - Les Mureaux<br/><b>Lignes :</b> TàD<br/><b>Identifiant :</b> IDFM:32863]]></description><Point><coordinates>1.921513569940687,49.025237163082004,0</coordinates></Point></Placemark><Placemark><name>École</name><description><![CDATA[<b>Territoire :</b> TàD Nangis / Saint-Just<br/><b>Lignes :</b> TàD<br/><b>Identifiant :</b> IDFM:477940]]></description><Point><coordinates>3.1085266006417824,48.58829408611668,0</coordinates></Point></Placemark><Placemark><name>École de la Garenne</name><description><![CDATA[<b>Territoire :</b> TàD Roissy Fosses<br/><b>Lignes :</b> TàD<br/><b>Identifiant :</b> IDFM:419735]]></description><Point><coordinates>2.501859390683434,49.08494877619302,0</coordinates></Point></Placemark><Placemark><name>École Gabriel Péri</name><description><![CDATA[<b>Territoire :</b> TàD Roissy Goussainville<br/><b>Lignes :</b> TàD<br/><b>Identifiant :</b> IDFM:37989]]></description><Point><coordinates>2.467814512169874,49.03825288561967,0</coordinates></Point></Placemark><Placemark><name>École Gabriel Péri</name><description><![CDATA[<b>Territoire :</b> TàD Roissy Goussainville<br/><b>Lignes :</b> TàD<br/><b>Identifiant :</b> IDFM:37990]]></description><Point><coordinates>2.4681338556621113,49.03778672161581,0</coordinates></Point></Placemark><Placemark><name>École Jacques Prévert</name><description><![CDATA[<b>Territoire :</b> TàD Roissy Goussainville<br/><b>Lignes :</b> TàD<br/><b>Identifiant :</b> IDFM:38519]]></description><Point><coordinates>2.4520631599158476,49.03006233205797,0</coordinates></Point></Placemark><Placemark><name>École Les Bergeronnettes</name><description><![CDATA[<b>Territoire :</b> TàD Nord Meulan - Les Mureaux<br/><b>Lignes :</b> TàD<br/><b>Identifiant :</b> IDFM:32770]]></description><Point><coordinates>1.8804450460940443,49.00196554767667,0</coordinates></Point></Placemark><Placemark><name>École Les Bergeronnettes</name><description><![CDATA[<b>Territoire :</b> TàD Nord Meulan - Les Mureaux<br/><b>Lignes :</b> TàD<br/><b>Identifiant :</b> IDFM:32771]]></description><Point><coordinates>1.8806939329960397,49.001832975712816,0</coordinates></Point></Placemark><Placemark><name>École Petit Prince</name><description><![CDATA[<b>Territoire :</b> TàD Goêle<br/><b>Lignes :</b> TàD<br/><b>Identifiant :</b> IDFM:481041]]></description><Point><coordinates>2.676380602773168,49.06087268504236,0</coordinates></Point></Placemark><Placemark><name>École Vieilles Vignes</name><description><![CDATA[<b>Territoire :</b> TàD 4306<br/><b>Lignes :</b> TàD 4306<br/><b>Identifiant :</b> IDFM:427791]]></description><Point><coordinates>2.363613834785949,48.4777279339163,0</coordinates></Point></Placemark><Placemark><name>Écoles</name><description><![CDATA[<b>Territoire :</b> TàD 4301/4530<br/><b>Lignes :</b> TàD 4301<br/><b>Identifiant :</b> IDFM:493006]]></description><Point><coordinates>2.363206168608477,48.551493805759065,0</coordinates></Point></Placemark><Placemark><name>Église</name><description><![CDATA[<b>Territoire :</b> TàD 4306<br/><b>Lignes :</b> TàD 4306<br/><b>Identifiant :</b> IDFM:415596]]></description><Point><coordinates>2.3404859311157433,48.4553894744252,0</coordinates></Point></Placemark><Placemark><name>Église</name><description><![CDATA[<b>Territoire :</b> TàD Nangis / Saint-Just<br/><b>Lignes :</b> TàD<br/><b>Identifiant :</b> IDFM:425320]]></description><Point><coordinates>3.0755716966910387,48.593248977826754,0</coordinates></Point></Placemark><Placemark><name>Église</name><description><![CDATA[<b>Territoire :</b> TàD Roissy Saint-Pathus<br/><b>Lignes :</b> TàD<br/><b>Identifiant :</b> IDFM:415845]]></description><Point><coordinates>2.8072875753835347,49.039789874900656,0</coordinates></Point></Placemark><Placemark><name>Église</name><description><![CDATA[<b>Territoire :</b> TàD Roissy Saint-Pathus<br/><b>Lignes :</b> TàD, TàD<br/><b>Identifiant :</b> IDFM:415844]]></description><Point><coordinates>2.692014287204841,49.03644744244082,0</coordinates></Point></Placemark><Placemark><name>Église</name><description><![CDATA[<b>Territoire :</b> TàD Roissy Saint-Pathus<br/><b>Lignes :</b> TàD<br/><b>Identifiant :</b> IDFM:415837]]></description><Point><coordinates>2.817757550536221,49.07010780944717,0</coordinates></Point></Placemark><Placemark><name>Église</name><description><![CDATA[<b>Territoire :</b> TàD Nord Meulan - Les Mureaux<br/><b>Lignes :</b> TàD<br/><b>Identifiant :</b> IDFM:476966]]></description><Point><coordinates>1.8936882145692056,49.007681921407205,0</coordinates></Point></Placemark><Placemark><name>Église</name><description><![CDATA[<b>Territoire :</b> TàD Gretz-Tournan<br/><b>Lignes :</b> TàD<br/><b>Identifiant :</b> IDFM:6325]]></description><Point><coordinates>2.7388432809341428,48.73969977243111,0</coordinates></Point></Placemark><Placemark><name>Église</name><description><![CDATA[<b>Territoire :</b> TàD Roissy Saint-Pathus<br/><b>Lignes :</b> TàD, TàD<br/><b>Identifiant :</b> IDFM:423551]]></description><Point><coordinates>2.6916035277342822,49.036527314339956,0</coordinates></Point></Placemark><Placemark><name>Église</name><description><![CDATA[<b>Territoire :</b> TàD Vexin Est<br/><b>Lignes :</b> TàD<br/><b>Identifiant :</b> IDFM:29657]]></description><Point><coordinates>1.8865783856050256,49.15135688314206,0</coordinates></Point></Placemark><Placemark><name>Église</name><description><![CDATA[<b>Territoire :</b> TàD Gretz-Tournan<br/><b>Lignes :</b> TàD<br/><b>Identifiant :</b> IDFM:477301]]></description><Point><coordinates>2.7387336398851048,48.73987042205068,0</coordinates></Point></Placemark><Placemark><name>Église</name><description><![CDATA[<b>Territoire :</b> TàD Nangis / Saint-Just<br/><b>Lignes :</b> TàD<br/><b>Identifiant :</b> IDFM:9703]]></description><Point><coordinates>3.075870075796412,48.59328476901168,0</coordinates></Point></Placemark><Placemark><name>Église</name><description><![CDATA[<b>Territoire :</b> TàD Roissy Othis<br/><b>Lignes :</b> TàD<br/><b>Identifiant :</b> IDFM:424497]]></description><Point><coordinates>2.5933250302771995,49.01746862413515,0</coordinates></Point></Placemark><Placemark><name>Église</name><description><![CDATA[<b>Territoire :</b> TàD Goêle<br/><b>Lignes :</b> TàD<br/><b>Identifiant :</b> IDFM:38273]]></description><Point><coordinates>2.663671475951826,49.05211591721345,0</coordinates></Point></Placemark><Placemark><name>Église</name><description><![CDATA[<b>Territoire :</b> TàD Roissy Saint-Pathus<br/><b>Lignes :</b> TàD<br/><b>Identifiant :</b> IDFM:38389]]></description><Point><coordinates>2.8066761843678574,49.03979788406796,0</coordinates></Point></Placemark><Placemark><name>Église</name><description><![CDATA[<b>Territoire :</b> TàD Goêle<br/><b>Lignes :</b> TàD<br/><b>Identifiant :</b> IDFM:38355]]></description><Point><coordinates>2.7170378692712576,49.06223412457149,0</coordinates></Point></Placemark><Placemark><name>Église</name><description><![CDATA[<b>Territoire :</b> TàD Goêle<br/><b>Lignes :</b> TàD<br/><b>Identifiant :</b> IDFM:38350]]></description><Point><coordinates>2.7842546357071845,49.008081423121595,0</coordinates></Point></Placemark><Placemark><name>Église</name><description><![CDATA[<b>Territoire :</b> TàD Luzarches - Goussainville<br/><b>Lignes :</b> TàD<br/><b>Identifiant :</b> IDFM:41637]]></description><Point><coordinates>2.4572630274741645,49.0663589362102,0</coordinates></Point></Placemark><Placemark><name>Église</name><description><![CDATA[<b>Territoire :</b> TàD Roissy Othis<br/><b>Lignes :</b> TàD, TàD<br/><b>Identifiant :</b> IDFM:38026]]></description><Point><coordinates>2.593955156350115,49.01730890122951,0</coordinates></Point></Placemark><Placemark><name>Église</name><description><![CDATA[<b>Territoire :</b> TàD 4318<br/><b>Lignes :</b> TàD 4318<br/><b>Identifiant :</b> IDFM:9455]]></description><Point><coordinates>2.4460316385484644,48.576340684062515,0</coordinates></Point></Placemark><Placemark><name>Église</name><description><![CDATA[<b>Territoire :</b> TàD 4318<br/><b>Lignes :</b> TàD 4318<br/><b>Identifiant :</b> IDFM:9456]]></description><Point><coordinates>2.445314428957524,48.57622040031255,0</coordinates></Point></Placemark><Placemark><name>Église</name><description><![CDATA[<b>Territoire :</b> TàD Luzarches - Goussainville<br/><b>Lignes :</b> TàD<br/><b>Identifiant :</b> IDFM:419480]]></description><Point><coordinates>2.356793379935906,49.076560177124286,0</coordinates></Point></Placemark><Placemark><name>Église</name><description><![CDATA[<b>Territoire :</b> TàD Vexin Est<br/><b>Lignes :</b> TàD<br/><b>Identifiant :</b> IDFM:29545]]></description><Point><coordinates>2.0218456550263784,49.14261452939631,0</coordinates></Point></Placemark><Placemark><name>Église</name><description><![CDATA[<b>Territoire :</b> TàD Vexin Est<br/><b>Lignes :</b> TàD<br/><b>Identifiant :</b> IDFM:29556]]></description><Point><coordinates>2.0629874439066387,49.12220747963139,0</coordinates></Point></Placemark><Placemark><name>Église</name><description><![CDATA[<b>Territoire :</b> TàD 4591<br/><b>Lignes :</b> TàD 4591<br/><b>Identifiant :</b> IDFM:3126]]></description><Point><coordinates>2.2665375009211757,48.62044660378644,0</coordinates></Point></Placemark><Placemark><name>Église</name><description><![CDATA[<b>Territoire :</b> TàD 4591<br/><b>Lignes :</b> TàD 4591<br/><b>Identifiant :</b> IDFM:3125]]></description><Point><coordinates>2.2662736032384365,48.619914247743495,0</coordinates></Point></Placemark><Placemark><name>Église</name><description><![CDATA[<b>Territoire :</b> TàD 4306<br/><b>Lignes :</b> TàD 4306<br/><b>Identifiant :</b> IDFM:11765]]></description><Point><coordinates>2.341406495070936,48.51464444637203,0</coordinates></Point></Placemark><Placemark><name>Église</name><description><![CDATA[<b>Territoire :</b> TàD 4305<br/><b>Lignes :</b> TàD 4305<br/><b>Identifiant :</b> IDFM:11768]]></description><Point><coordinates>2.333746823287856,48.542030663436165,0</coordinates></Point></Placemark><Placemark><name>Église</name><description><![CDATA[<b>Territoire :</b> TàD 4305<br/><b>Lignes :</b> TàD 4305<br/><b>Identifiant :</b> IDFM:11769]]></description><Point><coordinates>2.33427696793213,48.541889697629635,0</coordinates></Point></Placemark><Placemark><name>Église</name><description><![CDATA[<b>Territoire :</b> TàD Sud Meulan - Les Mureaux<br/><b>Lignes :</b> TàD<br/><b>Identifiant :</b> IDFM:32908]]></description><Point><coordinates>1.895537388522241,48.96584548323345,0</coordinates></Point></Placemark><Placemark><name>Église</name><description><![CDATA[<b>Territoire :</b> TàD Vexin Est<br/><b>Lignes :</b> TàD<br/><b>Identifiant :</b> IDFM:32950]]></description><Point><coordinates>1.9270839839992155,49.07661575175582,0</coordinates></Point></Placemark><Placemark><name>Église</name><description><![CDATA[<b>Territoire :</b> TàD Roissy Saint-Pathus<br/><b>Lignes :</b> TàD<br/><b>Identifiant :</b> IDFM:425933]]></description><Point><coordinates>2.818563041479904,49.070657505801954,0</coordinates></Point></Placemark><Placemark><name>Église</name><description><![CDATA[<b>Territoire :</b> TàD Nord Meulan - Les Mureaux<br/><b>Lignes :</b> TàD<br/><b>Identifiant :</b> IDFM:490510]]></description><Point><coordinates>1.8937860435938834,49.00770980162359,0</coordinates></Point></Placemark><Placemark><name>Église</name><description><![CDATA[<b>Territoire :</b> TàD Goêle<br/><b>Lignes :</b> TàD<br/><b>Identifiant :</b> IDFM:423761]]></description><Point><coordinates>2.7171342858745984,49.06211746154056,0</coordinates></Point></Placemark><Placemark><name>Église</name><description><![CDATA[<b>Territoire :</b> TàD Goêle<br/><b>Lignes :</b> TàD<br/><b>Identifiant :</b> IDFM:423767]]></description><Point><coordinates>2.7844192179927383,49.00794683908069,0</coordinates></Point></Placemark><Placemark><name>Église</name><description><![CDATA[<b>Territoire :</b> TàD 4342<br/><b>Lignes :</b> TàD 4342, TàD 4343<br/><b>Identifiant :</b> IDFM:7264]]></description><Point><coordinates>2.372594731949975,48.33536461467048,0</coordinates></Point></Placemark><Placemark><name>Église / Mairie de Villiers-le-Bel</name><description><![CDATA[<b>Territoire :</b> TàD Roissy Villiers-le-Bel<br/><b>Lignes :</b> TàD<br/><b>Identifiant :</b> IDFM:494372]]></description><Point><coordinates>2.388598765182995,49.00682603359503,0</coordinates></Point></Placemark><Placemark><name>Église de Villiers-le-Bel</name><description><![CDATA[<b>Territoire :</b> TàD Roissy Villiers-le-Bel<br/><b>Lignes :</b> TàD<br/><b>Identifiant :</b> IDFM:39653]]></description><Point><coordinates>2.389622730641695,49.008090156539346,0</coordinates></Point></Placemark><Placemark><name>Église Saint-Étienne</name><description><![CDATA[<b>Territoire :</b> TàD Goêle<br/><b>Lignes :</b> TàD, TàD<br/><b>Identifiant :</b> IDFM:38260]]></description><Point><coordinates>2.705102361112065,49.01237308333763,0</coordinates></Point></Placemark><Placemark><name>Épinay-sur-Orge</name><description><![CDATA[<b>Territoire :</b> TàD 4592<br/><b>Lignes :</b> TàD 4592<br/><b>Identifiant :</b> IDFM:490481]]></description><Point><coordinates>2.3350696009919676,48.670601238627036,0</coordinates></Point></Placemark></Document></kml>